family_rep	enriched_in	prev_FSM	prev_RGM	prev_SGM	gene_name	COG_category	description
GCA_031292695.1|JARLGS010000590.1_9	RGM	0.119	0.982	0.211	mrpC	P	Multisubunit Na H antiporter, MnhC subunit
GCF_003408705.1|NZ_QAYL01000027.1_89	RGM	0.239	0.982	0.967	bfr	P	Iron-storage protein, whose ferroxidase center binds Fe(2 ) ions, oxidizes them by dioxygen to Fe(3 ), and participates in the subsequent Fe(3 ) oxide mineral core formation within the central cavity of the protein complex
GCF_000340435.2|NZ_CP011883.2_163	RGM	0.425	0.982	0.893	mak	G	Catalyzes the ATP-dependent phosphorylation of maltose to maltose 1-phosphate. Is involved in a branched alpha-glucan biosynthetic pathway from trehalose, together with TreS, GlgE and GlgB (By similarity)
GCF_002101705.1|NZ_LQPC01000026.1_386	RGM	0.179	0.979	0.201	mrpE	P	antiporter
GCF_001673405.1|NZ_LZLV01000117.1_58	RGM	0.358	0.972	0.957	rpfB	L	Resuscitation-promoting factor rpfB
spire_mag_01681850|k141_71713_3	RGM	0.791	0.972	0.237	cysA	E	PFAM Cys Met metabolism
GCA_964195655.1|CAXMSM010000002.1_4	RGM	0.933	0.972	0.057		G	glycogen debranching
GCF_001954135.1|NZ_MBEQ01000058.1_23	RGM	0	0.972	0.288		I	dehydratase
GCF_022348085.1|NZ_JAKRFN010000020.1_37	RGM	0.896	0.972	0.107	gabD	C	Belongs to the aldehyde dehydrogenase family
GCF_002101705.1|NZ_LQPC01000041.1_82	RGM	0.963	0.972	0.171	glnQ	E	PFAM ABC transporter
GCF_004362315.1|NZ_SNWL01000006.1_441	RGM	0.918	0.969	0.127		S	Protein of unknown function (DUF456)
GCF_025263265.1|NZ_CP079869.1_3399	RGM	0	0.969	0.926	citE	G	Belongs to the HpcH HpaI aldolase family
spire_mag_02683911|k141_87062_9	RGM	0.157	0.969	0.936		C	Belongs to the globin family
GCF_000340435.2|NZ_CP011883.2_3783	RGM	0	0.969	0.926	egtB	S	Catalyzes the oxidative sulfurization of hercynine (N- alpha,N-alpha,N-alpha-trimethyl-L-histidine) into hercynyl-gamma- L-glutamyl-L-cysteine sulfoxide, a step in the biosynthesis pathway of ergothioneine
GCF_002105755.1|NZ_CP020821.1_1472	RGM	0.022	0.969	0.943		S	Pyridoxamine 5-phosphate
GCA_000230935.2|AGIQ01000015.1_34	RGM	0.134	0.967	0.93	sbp	S	Protein of unknown function (DUF1290)
GCF_006439015.1|NZ_RCZG01000012.1_190	RGM	0.896	0.967	0		S	O-methyltransferase activity
GCA_039583405.1|JAVKSY010000090.1_5	RGM	0.216	0.967	0.957	yhjD	S	PFAM ribonuclease
GCF_041261665.1|NZ_JBGCCC010000014.1_63	RGM	0.358	0.967	0.91		I	Acyltransferase
GCF_001494595.1|NZ_LN929907.1_1120	RGM	0.179	0.967	0.211	mrpF	P	PFAM multiple resistance and pH regulation protein F
spire_mag_00709072|k119_41905_10	RGM	0	0.967	0.856	lipO	I	esterase
GCF_963853645.1|NZ_OY970456.1_4364	RGM	0.03	0.964	0.926	mepA	M	peptidase
GCA_039922455.1|JBDTEP010000267.1_4	RGM	0.007	0.964	0.943	egtD	S	Catalyzes the SAM-dependent triple methylation of the alpha-amino group of histidine to form hercynine, a step in the biosynthesis pathway of ergothioneine
GCF_019247615.1|NZ_JAFBAT010000290.1_10	RGM	0.172	0.964	0.819		C	FAD linked oxidase
spire_mag_01776429|k141_313419_15	RGM	0	0.961	0.94	egtC	S	Catalyzes the hydrolysis of the gamma-glutamyl amide bond of hercynyl-gamma-L-glutamyl-L-cysteine sulfoxide to produce hercynylcysteine sulfoxide, a step in the biosynthesis pathway of ergothioneine
GCA_023460175.1|JAEWRC010000224.1_5	RGM	0	0.961	0.836	egtE	E	Belongs to the class-V pyridoxal-phosphate-dependent aminotransferase family. EgtE subfamily
GCF_018278905.1|NZ_CP046600.1_618	RGM	0.172	0.961	0.201	mrpD	CP	Formate hydrogenlyase subunit 3 Multisubunit Na H antiporter, MnhD subunit
GCF_001187505.1|NZ_CP012150.1_2932	RGM	0.903	0.961	0.301		S	Protein conserved in bacteria
GCF_019645835.1|NZ_CP080998.1_2759	RGM	0.201	0.961	0.86	treZ	G	4-alpha-D-((1- 4)-alpha-D-glucano)trehalose trehalohydrolase
GCF_002591975.1|NZ_NVQE01000005.1_105	RGM	0.888	0.961	0.043		S	polyphosphate kinase
GCA_025965815.1|JAOPWF010000134.1_12	RGM	0.896	0.959	0.08	pepA	M	serine protease
GCA_040512325.1|JBEVFK010000154.1_1	RGM	0.866	0.959	0.344		I	Belongs to the type-B carboxylesterase lipase family
spire_mag_00709371|k119_184773_19	RGM	0.739	0.959	0.054	gluQ	J	Catalyzes the tRNA-independent activation of glutamate in presence of ATP and the subsequent transfer of glutamate onto a tRNA(Asp). Glutamate is transferred on the 2-amino-5-(4,5- dihydroxy-2-cyclopenten-1-yl) moiety of the queuosine in the wobble position of the QUC anticodon
GCF_900566075.1|NZ_UPHU01000001.1_274	RGM	0.119	0.959	0.89		S	Belongs to the pirin family
GCA_964203005.1|CAXNKV010000001.1_266	RGM	0.94	0.959	0.231	gpgS	M	glucosyl-3-phosphoglycerate synthase
GCF_002101785.1|NZ_LQPJ01000130.1_14	RGM	0.216	0.959	0.776	rsrA	K	anti-sigma factor
GCF_003284975.1|NZ_QMEU01000018.1_40	RGM	0.44	0.959	0.957	ramB	K	transcriptional
GCF_035918395.1|NZ_CP142362.1_1922	RGM	0.813	0.959	0.408		C	F420-dependent
GCA_023264755.1|JAHFVB010000099.1_6	RGM	0.933	0.956	0.338	mcl1	G	Belongs to the HpcH HpaI aldolase family
GCA_003165155.1|PLSK01000187.1_16	RGM	0.119	0.956	0.953	lprQ	S	ErfK YbiS YcfS YnhG family protein
GCA_038244615.1|JBBRTH010000034.1_38	RGM	0.948	0.956	0.441	pepN_1	E	Peptidase M1, membrane alanine aminopeptidase
GCA_016197405.1|JACPVR010000023.1_264	RGM	0.052	0.956	0.913	viuB	P	Siderophore-interacting protein
GCA_023404955.1|JAEXZY010000165.1_63	RGM	0.104	0.956	0.823	disA	L	Has also diadenylate cyclase activity, catalyzing the condensation of 2 ATP molecules into cyclic di-AMP (c-di-AMP). c- di-AMP likely acts as a signaling molecule that may couple DNA integrity with a cellular process
GCF_035918395.1|NZ_CP142362.1_2990	RGM	0.007	0.954	0.87		K	Transcriptional regulator
GCA_025965815.1|JAOPWF010000612.1_2	RGM	0.194	0.954	0.903	treY	G	synthase
spire_mag_02186423|k141_43196_6	RGM	0	0.954	0.943		C	Oxidoreductase FAD-binding domain
GCF_022374935.2|NZ_CP092430.2_3582	RGM	0.142	0.954	0.786	iunH	F	nucleoside hydrolase
GCF_033741125.1|NZ_JAWQPU010000006.1_30	RGM	0.925	0.954	0.054	braC	E	Amino acid amide ABC transporter substrate-binding protein, HAAT family
spire_mag_00709164|k119_343753_46	RGM	0.075	0.954	0.89		V	ABC transporter ATP-binding
GCF_007096635.1|NZ_VKAA01000003.1_267	RGM	0.067	0.954	0.856		L	DNA primase
GCA_023264755.1|JAHFVB010000552.1_4	RGM	0.746	0.954	0.054		G	Hydrolase
GCF_002592005.1|NZ_NVQF01000168.1_6	RGM	0.91	0.954	0.348		S	Abortive infection protein
GCA_034520035.1|JAXHOA010000129.1_272	RGM	0.418	0.951	0.913	fadE	I	acyl-CoA dehydrogenase
GCF_008329605.1|NZ_NPKO01000007.1_365	RGM	0	0.951	0.846	sirR	K	iron dependent repressor
GCF_016462545.1|NZ_JAEMTA010000066.1_19	RGM	0.179	0.951	0.826	cfa	M	Cyclopropane-fatty-acyl-phospholipid synthase
spire_mag_00518952|k141_220171_18	RGM	0.112	0.949	0.204	mrpA/mrpB	CP	Na H antiporter
GCF_900187065.1|NZ_LT906483.1_4266	RGM	0.142	0.949	0.88		M	Domain of unknown function (DUF4185)
GCA_032230775.1|JAVXWV010000629.1_8	RGM	0.418	0.949	0.441	dinF	V	Efflux protein, MATE family
GCF_035918395.1|NZ_CP142362.1_1925	RGM	0.254	0.949	0.298	iniA	S	Dynamin family
GCA_020438865.1|JAGQTU010000141.1_2	RGM	0.933	0.946	0.167	gluD	P	ABC transporter
spire_mag_02683911|k141_190636_21	RGM	0	0.946	0.769		K	Periplasmic binding protein LacI transcriptional regulator
GCF_039729195.1|NZ_CP155796.1_3045	RGM	0	0.946	0.813		S	Alpha beta hydrolase
GCA_003347205.1|QQBJ01000014.1_14	RGM	0.149	0.943	0.94		S	Bacterial protein of unknown function (DUF881)
spire_mag_00709104|k119_49781_71	RGM	0.925	0.943	0.064		EG	COG0697 Permeases of the drug metabolite transporter (DMT) superfamily
GCF_010731695.1|NZ_AP022586.1_790	RGM	0.246	0.943	0.304	iniC	S	Dynamin family
GCA_018883075.1|VEQU01000005.1_41	RGM	0.873	0.943	0.301		S	Domain of unknown function (DUF1707)
GCF_022760805.1|NZ_JAIVFL010000001.1_3721	RGM	0	0.941	0.783	amiB1	S	overlaps another CDS with the same product name
spire_mag_02521398|k141_356520_9	RGM	0	0.941	0.93		K	GntR family
GCF_002101775.1|NZ_LQPI01000063.1_23	RGM	0.037	0.941	0.856	limB_5	C	Luciferase family
GCA_032159775.1|JAVHWK010000121.1_14	RGM	0.896	0.941	0.217	glyA	E	Catalyzes the reversible interconversion of serine and glycine with tetrahydrofolate (THF) serving as the one-carbon carrier. This reaction serves as the major source of one-carbon groups required for the biosynthesis of purines, thymidylate, methionine, and other important biomolecules. Also exhibits THF- independent aldolase activity toward beta-hydroxyamino acids, producing glycine and aldehydes, via a retro-aldol mechanism
GCA_032162605.1|JAVROT010000242.1_5	RGM	0.791	0.941	0.043	gnd	G	Protein involved in phosphogluconate dehydrogenase (decarboxylating) activity, 3-hydroxyisobutyrate dehydrogenase activity, NADP binding, valine metabolism, pentose-phosphate shunt, oxidative branch and D-gluconate metabolism
GCA_023264755.1|JAHFVB010000564.1_1	RGM	0.896	0.941	0.037		S	COG1073 Hydrolases of the alpha beta superfamily
spire_mag_01108626|k141_2930663_4	RGM	0.157	0.941	0.926	mtr	C	Belongs to the class-I pyridine nucleotide-disulfide oxidoreductase family
GCF_006439015.1|NZ_RCZG01000001.1_577	RGM	0.045	0.941	0.759	pyc	C	Catalyzes a 2-step reaction, involving the ATP-dependent carboxylation of the covalently attached biotin in the first step and the transfer of the carboxyl group to pyruvate in the second
GCA_035633495.1|DASQEU010000095.1_7	RGM	0.888	0.941	0.1	prpE	I	PrpE from Ralstonia solanacearum can produce acetyl-, propionyl-, butyryl- and acrylyl-coenzyme A, and Salmonella enterica produces propionyl- and butyryl-coenzyme A
GCA_034189785.1|JAXHUG010000025.1_70	RGM	0.067	0.941	0.776	polX	E	PHP domain
GCF_019050325.1|NZ_VOMB01000016.1_257	RGM	0.858	0.938	0.023		I	Acyl-CoA thioesterase
GCF_010731575.1|NZ_AP022617.1_2450	RGM	0.836	0.938	0.054	nhaA	P	Na( ) H( ) antiporter that extrudes sodium in exchange for external protons
GCA_025966225.1|JAOPVI010000079.1_3	RGM	0.799	0.938	0.191		C	geranylgeranyl reductase
GCF_002838065.1|NZ_PIZU01000020.1_62	RGM	0.09	0.938	0.813		C	Pyridine nucleotide-disulphide oxidoreductase
GCA_031292695.1|JARLGS010000973.1_9	RGM	0.358	0.938	0.86		K	Transcriptional regulator
GCA_036558625.1|DATBFF010000090.1_4	RGM	0	0.936	0.906	arsC	P	Belongs to the ArsC family
spire_mag_00688367|k141_580858_5	RGM	0.567	0.936	0.057		P	TIGRFAM drug resistance transporter, EmrB QacA subfamily
GCF_003284925.1|NZ_QMEX01000111.1_11	RGM	0.366	0.936	0.304		G	Major facilitator superfamily
spire_mag_00709104|k119_165651_2	RGM	0.321	0.936	0.833		S	Dehydrogenase
GCA_035472875.1|DATIOT010000364.1_2	RGM	0	0.936	0.903		M	3-beta hydroxysteroid dehydrogenase isomerase
spire_mag_01168129|k141_3892173_9	RGM	0	0.936	0.933	pmmB	G	phosphomannomutase
spire_mag_00490038|k141_3578093_12	RGM	0.321	0.936	0.93	rraA	H	Catalyzes the aldol cleavage of 4-hydroxy-4-methyl-2- oxoglutarate (HMG) into 2 molecules of pyruvate. Also contains a secondary oxaloacetate (OAA) decarboxylase activity due to the common pyruvate enolate transition state formed following C-C bond cleavage in the retro-aldol and decarboxylation reactions
GCF_900078675.2|NZ_LT546237.1_407	RGM	0.933	0.936	0.425	ruvB	L	The RuvA-RuvB complex in the presence of ATP renatures cruciform structure in supercoiled DNA with palindromic sequence, indicating that it may promote strand exchange reactions in homologous recombination. RuvAB is a helicase that mediates the Holliday junction migration by localized denaturation and reannealing
GCF_000975265.2|NZ_CP083405.1_3990	RGM	0.216	0.936	0.829	icd	C	Isocitrate dehydrogenase
GCA_032159565.1|JAVHWR010000110.1_35	RGM	0.306	0.936	0.873		GM	epimerase dehydratase
GCA_040509115.1|JBEVLO010000270.1_4	RGM	0.052	0.933	0.187	acdA	I	Acyl-CoA dehydrogenase, C-terminal domain
GCA_001665255.1|LZSH01000409.1_4	RGM	0.552	0.933	0.381	dcsG	HJ	ligase activity
GCA_025965815.1|JAOPWF010000530.1_10	RGM	0.336	0.933	0.207		S	protein conserved in bacteria
GCF_035623875.1|NZ_DASPSP010000328.1_2	RGM	0.104	0.931	0.154		I	Enoyl-CoA hydratase
GCF_002086815.1|NZ_MVID01000005.1_15	RGM	0.709	0.931	0.288		S	GLTT repeat (6 copies)
GCF_000455205.1|NZ_AUWQ01000021.1_19	RGM	0.06	0.928	0.86	fadE36	S	Aminoglycoside phosphotransferase
spire_mag_02088284|k141_753496_9	RGM	0.134	0.925	0.559	cphA	HJ	Belongs to the MurCDEF family
spire_mag_02598702|k141_80474_8	RGM	0	0.925	0.853	lipC	I	Alpha beta hydrolase
GCF_035640695.1|NZ_DASQVQ010000171.1_26	RGM	0.709	0.925	0.405	fadD19	IQ	COG0318 Acyl-CoA synthetases (AMP-forming) AMP-acid ligases II
spire_mag_00492514|k141_2704515_12	RGM	0.366	0.925	0.906	bcd	I	acyl-CoA dehydrogenase
spire_mag_01585658|k141_258663_15	RGM	0.09	0.925	0.903		K	cell envelope-related transcriptional attenuator
GCF_018326285.1|NZ_AP023362.1_5173	RGM	0.007	0.925	0.569		G	Phosphoenolpyruvate phosphomutase
GCA_025966225.1|JAOPVI010000385.1_28	RGM	0.41	0.925	0.033		S	Conserved protein containing a Zn-ribbon-like motif, possibly RNA-binding
GCF_002592005.1|NZ_NVQF01000017.1_19	RGM	0.679	0.925	0.137		S	Cupin superfamily (DUF985)
GCF_008329645.1|NZ_CP043474.1_5268	RGM	0.007	0.923	0.883		S	esterase of the alpha-beta hydrolase superfamily
GCF_000195955.2|NC_000962.3_3838	RGM	0.007	0.923	0.906		S	Domain of unknown function (DUF4129)
GCF_010731615.1|NZ_AP022618.1_1027	RGM	0.157	0.92	0.9	desA3_2	I	fatty acid desaturase
GCF_001187505.1|NZ_CP012150.1_4408	RGM	0.433	0.92	0.271		S	3-methyladenine DNA glycosylase
GCF_025821585.1|NZ_JACKSE010000141.1_135	RGM	0.881	0.92	0.221		V	ABC transporter
GCA_020438915.1|JAGQTR010000320.1_3	RGM	0	0.92	0.732		S	Protein of unknown function (DUF2470)
GCF_010731875.1|NZ_AP022595.1_4263	RGM	0.754	0.918	0.054	glnQ	E	ABC transporter, ATP-binding protein
GCF_035515675.1|NZ_DATJBA010000445.1_2	RGM	0.388	0.918	0.719		S	protein conserved in bacteria
GCF_002102185.1|NZ_LQOW01000030.1_16	RGM	0.037	0.918	0.779	cydD	V	ABC transporter
GCF_900454025.1|NZ_UGQM01000001.1_4849	RGM	0.224	0.918	0.913	phoR	T	Histidine kinase
GCA_021154745.1|JAJKIB010000425.1_2	RGM	0.396	0.915	0.662		S	Winged helix DNA-binding domain
GCF_001494595.1|NZ_LN929908.1_431	RGM	0.881	0.915	0.217		V	ABC transporter
GCA_040509115.1|JBEVLO010000022.1_56	RGM	0	0.915	0.652	dinP	L	Poorly processive, error-prone DNA polymerase involved in untargeted mutagenesis. Copies undamaged DNA at stalled replication forks, which arise in vivo from mismatched or misaligned primer ends. These misaligned primers can be extended by PolIV. Exhibits no 3'-5' exonuclease (proofreading) activity. May be involved in translesional synthesis, in conjunction with the beta clamp from PolIII
GCF_000328565.1|NC_019966.1_2177	RGM	0	0.915	0.127		S	YjbR
GCA_022600605.1|JAHZKD010000152.1_2	RGM	0.321	0.913	0.358		S	Belongs to the short-chain dehydrogenases reductases (SDR) family
GCF_000426065.1|NZ_AUEQ01000010.1_216	RGM	0.806	0.913	0.191		EGP	Belongs to the major facilitator superfamily. Sugar transporter (TC 2.A.1.1) family
GCF_002101585.1|NZ_LQOT01000010.1_23	RGM	0.037	0.913	0.799	cydB	C	cytochrome D ubiquinol oxidase subunit II
GCF_018326285.1|NZ_AP023362.1_2634	RGM	0.664	0.913	0.067	yecS	P	ABC transporter
GCF_002101675.1|NZ_LQOY01000080.1_49	RGM	0.164	0.913	0.91	thlA	I	Catalyzes the synthesis of acetoacetyl coenzyme A from two molecules of acetyl coenzyme A. It can also act as a thiolase, catalyzing the reverse reaction and generating two-carbon units from the four-carbon product of fatty acid oxidation
spire_mag_01168129|k141_2203848_34	RGM	0.015	0.91	0.378		T	Histidine kinase
spire_mag_00490038|k141_4127739_52	RGM	0.851	0.91	0.231		E	Alpha beta hydrolase
GCF_030519285.1|NZ_JAUMSQ010000130.1_13	RGM	0	0.91	0.047		K	Transcriptional regulator containing an amidase domain and an AraC-type DNA-binding HTH domain
spire_mag_01776429|k141_713010_24	RGM	0.425	0.91	0.03	ydeD	EG	COG0697 Permeases of the drug metabolite transporter (DMT) superfamily
GCF_002592005.1|NZ_NVQF01000002.1_12	RGM	0	0.91	0.194		K	Transcriptional regulator
GCA_034190095.1|JAXHTL010000156.1_11	RGM	0.866	0.907	0.211		S	Bacterial transferase hexapeptide (six repeats)
GCA_018500005.2|JAHBAP020000175.1_5	RGM	0.709	0.907	0.067		S	2-nitropropane dioxygenase
GCA_035634855.1|DASQCE010000474.1_9	RGM	0.194	0.907	0.719	cdoA	S	cysteine dioxygenase
GCF_002968285.2|NZ_CP134400.1_312	RGM	0	0.907	0.786	tam	J	Catalyzes the S-adenosylmethionine monomethyl esterification of trans-aconitate
GCF_002705925.1|NZ_NKRE01000001.1_1759	RGM	0	0.907	0.836		C	F420-dependent oxidoreductase
GCF_000805385.1|NZ_JTJW01000002.1_2	RGM	0	0.905	0.639	sigG	K	Belongs to the sigma-70 factor family. ECF subfamily
GCA_022601275.1|JAHZIT010000112.1_10	RGM	0	0.905	0.819	fadD12	IQ	PFAM AMP-dependent synthetase and ligase
GCF_001667265.1|NZ_LZHW01000102.1_150	RGM	0.037	0.905	0.786	cydA	C	ubiquinol oxidase (Subunit I)
GCF_937941905.1|NZ_CALDGS010000142.1_3	RGM	0	0.905	0.14
GCA_020438845.1|JAGQTV010000056.1_3	RGM	0.134	0.905	0.582		E	asparagine synthase (glutamine-hydrolyzing)
GCF_011620645.1|NZ_WOYS01000113.1_28	RGM	0.112	0.905	0.876		P	Dyp-type peroxidase
GCF_010726765.1|NZ_AP022601.1_1980	RGM	0.739	0.905	0.03	glnH	ET	ABC transporter substrate-binding protein
spire_mag_01168129|k141_3343134_31	RGM	0.201	0.905	0.786	mtnP	F	Catalyzes the reversible phosphorylation of S-methyl-5'- thioadenosine (MTA) to adenine and 5-methylthioribose-1-phosphate. Involved in the breakdown of MTA, a major by-product of polyamine biosynthesis. Responsible for the first step in the methionine salvage pathway after MTA has been generated from S- adenosylmethionine. Has broad substrate specificity with 6- aminopurine nucleosides as preferred substrates
spire_mag_02186423|k141_64698_6	RGM	0	0.902	0.652	dinP	L	Poorly processive, error-prone DNA polymerase involved in untargeted mutagenesis. Copies undamaged DNA at stalled replication forks, which arise in vivo from mismatched or misaligned primer ends. These misaligned primers can be extended by PolIV. Exhibits no 3'-5' exonuclease (proofreading) activity. May be involved in translesional synthesis, in conjunction with the beta clamp from PolIII
GCF_001500045.1|NZ_LQIX01000056.1_115	RGM	0.246	0.902	0.217		K	Transcriptional regulator
GCA_025965895.1|JAOPWC010000008.1_24	RGM	0.015	0.9	0.609		C	Mycothiol maleylpyruvate isomerase N-terminal domain
GCF_900187065.1|NZ_LT906483.1_2820	RGM	0.187	0.9	0.749	rbsK	H	Catalyzes the phosphorylation of ribose at O-5 in a reaction requiring ATP and magnesium. The resulting D-ribose-5- phosphate can then be used either for sythesis of nucleotides, histidine, and tryptophan, or as a component of the pentose phosphate pathway
GCF_902705885.1|NZ_CACSIP010000067.1_4	RGM	0.067	0.9	0.288		Q	Thioesterase-like superfamily
GCF_025965975.1|NZ_JAOPVX010000045.1_11	RGM	0.821	0.9	0.043	livM	E	Belongs to the binding-protein-dependent transport system permease family
GCF_025965975.1|NZ_JAOPVX010000225.1_4	RGM	0	0.9	0.843	yqjG	O	Glutathione S-transferase
GCA_034190095.1|JAXHTL010000106.1_8	RGM	0.291	0.897	0.548		M	SAM dependent carboxyl methyltransferase
GCF_010728155.1|NZ_AP022605.1_855	RGM	0.007	0.897	0.378	lrp_3	K	AsnC family
GCF_022760805.1|NZ_JAIVFL010000001.1_1668	RGM	0	0.897	0.017		EGP	TIGRFAM Drug resistance transporter Bcr CflA subfamily
GCF_001667265.1|NZ_LZHW01000049.1_25	RGM	0.843	0.897	0.201		I	acyl-CoA dehydrogenase
GCF_020172685.2|NZ_JAYJJU010000014.1_47	RGM	0.149	0.895	0.779		P	Rieske 2Fe-2S
GCF_010731295.1|NZ_AP022579.1_4067	RGM	0	0.895	0.659	lon	O	ATP-dependent serine protease that mediates the selective degradation of mutant and abnormal proteins as well as certain short-lived regulatory proteins. Required for cellular homeostasis and for survival from DNA damage and developmental changes induced by stress. Degrades polypeptides processively to yield small peptide fragments that are 5 to 10 amino acids long. Binds to DNA in a double-stranded, site-specific manner
spire_mag_01603564|k141_9340_2	RGM	0.321	0.895	0.495		M	epimerase dehydratase
GCF_024320865.1|NZ_JANDBD010000004.1_71	RGM	0.828	0.895	0.05	livG	E	amino acid
spire_mag_01168129|k141_1893766_10	RGM	0.037	0.895	0.612		L	Belongs to the NUDIX hydrolase family
GCF_000373905.1|NZ_KB892705.1_37	RGM	0.007	0.895	0.712		S	Protein of unknown function (DUF664)
GCA_020438905.1|JAGQTQ010000172.1_2	RGM	0.291	0.895	0.883		S	Uncharacterized protein conserved in bacteria (DUF2334)
GCF_003284965.1|NZ_QMEW01000002.1_232	RGM	0.015	0.892	0.475		KOT	response regulator, receiver
GCA_025821245.1|JACKRO010000209.1_36	RGM	0.769	0.892	0.204		I	acyl-CoA dehydrogenase
GCA_035651275.1|DASRFZ010000063.1_3	RGM	0	0.892	0.816	recB	L	RecB family
GCA_036272035.1|DATAZN010000425.1_8	RGM	0.112	0.892	0.87	lin	S	Bacteriocin
GCA_032162325.1|JAVRPG010000685.1_2	RGM	0.881	0.892	0.03	prr_1	C	Belongs to the aldehyde dehydrogenase family
GCF_008329565.1|NZ_NPKT01000019.1_43	RGM	0.672	0.892	0.05		S	OHCU decarboxylase
spire_mag_01776429|k141_192381_6	RGM	0.082	0.892	0.779		S	alpha beta
GCF_002863225.1|NZ_PKEK01000040.1_6	RGM	0.015	0.892	0.207	gntK	F	Shikimate kinase
GCA_035633495.1|DASQEU010000019.1_32	RGM	0	0.892	0.505		I	Belongs to the UPF0336 family
spire_mag_01585481|k141_39214_17	RGM	0.761	0.889	0.054		E	ATPases associated with a variety of cellular activities
GCF_014202335.1|NZ_JACHGP010000001.1_384	RGM	0	0.889	0.736		L	Radical SAM
GCF_000612725.1|NZ_HG964455.1_258	RGM	0.022	0.889	0.712	lig	F	DNA ligase that seals nicks in double-stranded DNA during DNA replication, DNA recombination and DNA repair
GCF_001552715.1|NZ_BCRS01000004.1_66	RGM	0	0.887	0		K	GntR family
GCA_025965815.1|JAOPWF010000006.1_2	RGM	0.366	0.887	0.722	btuE	O	Belongs to the glutathione peroxidase family
GCF_010723305.1|NZ_BLKW01000002.1_1685	RGM	0	0.887	0.839		I	acyl-CoA dehydrogenase
GCF_019247635.1|NZ_JAFBAR010000051.1_2	RGM	0.164	0.887	0.498	xdhC	O	Xanthine and CO dehydrogenases maturation factor, XdhC CoxF family
GCA_035634855.1|DASQCE010000425.1_1	RGM	0.015	0.887	0.134	yccS_1	S	Fusaric acid resistance protein-like
spire_mag_01776429|k141_256199_18	RGM	0.097	0.887	0.609	rocD	E	Belongs to the class-III pyridoxal-phosphate-dependent aminotransferase family
GCF_008709575.1|NZ_VYIK01000006.1_49	RGM	0	0.884	0.853	hemD	HK	Uroporphyrinogen-III synthase
GCA_025966225.1|JAOPVI010000153.1_8	RGM	0.127	0.884	0.632		E	PFAM amidinotransferase
spire_mag_01112928|k141_2915095_5	RGM	0.022	0.884	0.318	ureA2	E	Urease, gamma subunit
GCF_010723305.1|NZ_BLKW01000002.1_305	RGM	0.582	0.884	0.01	exoA	L	exodeoxyribonuclease III
GCF_000157895.3|NC_022663.1_98	RGM	0.015	0.884	0.278	ureD	O	urease accessory protein
GCF_000723385.1|NZ_HG964481.1_1384	RGM	0.157	0.882	0.686		EGP	Major facilitator superfamily
GCF_001665835.1|NZ_LZSX01000013.1_16	RGM	0.007	0.882	0.401	pcd	C	Belongs to the aldehyde dehydrogenase family
GCF_025345615.1|NZ_JAODWD010000002.1_444	RGM	0.209	0.882	0.759		S	DJ-1 PfpI family
GCA_036263935.1|DATARY010000193.1_2	RGM	0	0.882	0
GCA_035625875.1|DASPOT010000252.1_15	RGM	0	0.882	0.746	mycP4	M	Belongs to the peptidase S8 family
spire_mag_02837879|k119_101013_1	RGM	0.007	0.882	0.86		S	amidohydrolase
spire_mag_01882615|k119_43167_37	RGM	0	0.882	0.659	lpd_1	C	Belongs to the class-I pyridine nucleotide-disulfide oxidoreductase family
GCF_025965975.1|NZ_JAOPVX010000041.1_23	RGM	0	0.879	0.391	lat	E	Belongs to the class-III pyridoxal-phosphate-dependent aminotransferase family
GCF_002705925.1|NZ_NKRE01000001.1_3961	RGM	0.164	0.879	0.779
GCA_019751635.1|JAIENC010000207.1_22	RGM	0.022	0.879	0.796		S	protein conserved in bacteria
GCF_025263565.1|NZ_CP079865.1_1801	RGM	0.403	0.877	0.184	kipI	E	Allophanate hydrolase subunit 1
GCA_035345915.1|DAORDJ010000261.1_5	RGM	0.03	0.877	0.609	dps	P	Belongs to the Dps family
GCA_021654635.1|AP025179.1_4249	RGM	0.052	0.877	0.575		L	pfam nudix
GCF_001053185.1|NZ_CSTD01000002.1_377	RGM	0.127	0.877	0.843	arsB	P	Arsenical pump membrane protein
GCA_021654635.1|AP025179.1_1606	RGM	0	0.877	0.756		S	Belongs to the UPF0061 (SELO) family
spire_mag_00492514|k141_3422087_21	RGM	0.784	0.877	0.054		S	Involved in the import of queuosine (Q) precursors, required for Q precursor salvage
spire_mag_01585658|k141_470287_44	RGM	0.007	0.877	0.281		K	transcriptional
spire_mag_02374351|k141_38525_7	RGM	0.03	0.874	0.074	prrA	K	transcriptional
GCA_036558625.1|DATBFF010000150.1_58	RGM	0.224	0.874	0.746		S	esterase
GCF_002101555.1|NZ_LQOL01000099.1_94	RGM	0.007	0.874	0.271	ureF	O	Urease accessory protein UreF
spire_mag_00492514|k141_1465112_108	RGM	0.619	0.874	0.181
GCF_002553505.1|NZ_PDCP01000050.1_1	RGM	0.843	0.874	0.05	livH	E	Belongs to the binding-protein-dependent transport system permease family
spire_mag_00709371|k119_66216_12	RGM	0.007	0.871	0.03		E	Involved in the biosynthesis of the chorismate, which leads to the biosynthesis of aromatic amino acids. Catalyzes the reversible NADPH linked reduction of 3-dehydroshikimate (DHSA) to yield shikimate (SA)
GCA_036746615.1|DAIODV010000124.1_1	RGM	0.067	0.869	0.816	dnaG	L	RNA polymerase that catalyzes the synthesis of short RNA molecules used as primers for DNA polymerase during DNA replication
GCA_020438895.1|JAGQTS010000078.1_34	RGM	0.149	0.869	0.696	yhhW_2	S	Belongs to the pirin family
GCF_008329585.1|NZ_NPKP01000001.1_367	RGM	0	0.869	0.204		CH	FAD binding domain
GCF_014202335.1|NZ_JACHGP010000026.1_32	RGM	0.657	0.869	0.05
GCF_032883035.1|NZ_JAMQTH010000008.1_100	RGM	0.06	0.866	0.007		K	Transcriptional regulator
GCF_002086675.1|NZ_MVIF01000156.1_2	RGM	0	0.866	0.739		T	GGDEF domain
GCF_002086675.1|NZ_MVIF01000039.1_45	RGM	0.007	0.866	0.826	cyp150A5	C	cytochrome p450
GCF_015710575.1|NZ_CP065373.1_2278	RGM	0	0.866	0.806		K	tetR family
spire_mag_01776429|k141_569046_9	RGM	0.015	0.866	0.271	ureB	E	Belongs to the urease beta subunit family
GCA_032159765.1|JAVHWM010000013.1_3	RGM	0.619	0.866	0.311		S	membrane
GCA_018268465.1|JAFDWN010000002.1_165	RGM	0.119	0.866	0		EGP	Major facilitator superfamily
GCA_041303695.1|JBFYOR010000407.1_3	RGM	0.597	0.866	0.318	furA	P	Belongs to the Fur family
GCF_040614235.1|NZ_JBEXUA010000006.1_43	RGM	0.649	0.864	0.207	gloA	E	Glyoxalase bleomycin resistance protein dioxygenase
GCF_006439015.1|NZ_RCZG01000013.1_38	RGM	0	0.864	0	otsB	G	Removes the phosphate from trehalose 6-phosphate to produce free trehalose
GCF_002086275.1|NZ_MVHT01000064.1_20	RGM	0	0.864	0.656		K	Transcriptional regulator
GCF_001499855.1|NZ_LQIK01000030.1_153	RGM	0.045	0.864	0.01		H	dihydrofolate reductase
GCF_025965975.1|NZ_JAOPVX010000267.1_10	RGM	0	0.864	0.114		I	Belongs to the type-B carboxylesterase lipase family
spire_mag_01619133|k141_666766_1	RGM	0.239	0.864	0.284	gerE	K	Transcriptional regulator
GCF_041287095.1|NZ_JBGGKS010000006.1_43	RGM	0.843	0.861	0.207	fkbP	O	Peptidyl-prolyl cis-trans isomerase
GCF_039871645.1|NZ_JBDPMF010000009.1_170	RGM	0.761	0.861	0.147	prfC	J	Increases the formation of ribosomal termination complexes and stimulates activities of RF-1 and RF-2. It binds guanine nucleotides and has strong preference for UGA stop codons. It may interact directly with the ribosome. The stimulation of RF- 1 and RF-2 is significantly reduced by GTP and GDP, but not by GMP
GCA_019749805.1|JAIEPH010000064.1_32	RGM	0.284	0.861	0.395		Q	Methyltransferase
GCF_008329645.1|NZ_CP043474.1_146	RGM	0	0.861	0.181	rnhA	L	Endonuclease that specifically degrades the RNA of RNA- DNA hybrids
GCF_900603025.1|NZ_LR026975.1_2582	RGM	0.007	0.861	0.836		K	Transcriptional regulator
GCF_026242035.1|NZ_JAPJDN010000017.1_107	RGM	0.007	0.861	0.823		I	Acyl-CoA dehydrogenase, C-terminal domain
spire_mag_00709371|k119_238595_53	RGM	0.239	0.859	0.789	msrA	O	Has an important function as a repair enzyme for proteins that have been inactivated by oxidation. Catalyzes the reversible oxidation-reduction of methionine sulfoxide in proteins to methionine
GCA_025821245.1|JACKRO010000337.1_24	RGM	0.134	0.859	0.137	blaC	V	beta-lactamase
GCF_002101705.1|NZ_LQPC01000050.1_83	RGM	0	0.859	0		K	tetR family
GCF_013337765.1|NZ_VBSB01000005.1_409	RGM	0.075	0.859	0.809	serB	E	HAD-superfamily subfamily IB hydrolase, TIGR01490
GCF_020217485.1|NZ_JAEKMI010000023.1_9	RGM	0.231	0.856	0.672	thiS	H	thiamine biosynthesis protein ThiS
GCA_032159565.1|JAVHWR010000049.1_15	RGM	0.239	0.856	0.518	glxR	T	helix_turn_helix, cAMP Regulatory protein
GCF_003254575.1|NZ_QJUA01000023.1_39	RGM	0.007	0.856	0.829		I	Thiolase, C-terminal domain
GCF_000340435.2|NZ_CP011883.2_1043	RGM	0.09	0.856	0.692	yedK	S	Belongs to the SOS response-associated peptidase family
GCF_010726085.1|NZ_AP022560.1_2017	RGM	0.485	0.856	0.097	actP	S	Belongs to the sodium solute symporter (SSF) (TC 2.A.21) family
spire_mag_00490038|k141_4552055_139	RGM	0.015	0.853	0.836		S	amidohydrolase
GCF_902652685.1|NZ_CACRUY010000019.1_45	RGM	0.007	0.853	0.789		IQ	COG1028 Dehydrogenases with different specificities (related to short-chain alcohol dehydrogenases)
spire_mag_02598702|k141_509137_23	RGM	0	0.853	0.057		T	Histidine kinase
GCF_010730195.1|NZ_AP022613.1_1945	RGM	0.007	0.853	0.826		I	Belongs to the thiolase family
GCF_002968285.2|NZ_CP134400.1_999	RGM	0	0.853	0.786	adhC	S	Alcohol dehydrogenase GroES-like domain
GCF_010731875.1|NZ_AP022595.1_987	RGM	0.022	0.853	0.462		Q	cytochrome p450
GCF_010728155.1|NZ_AP022605.1_2663	RGM	0.007	0.851	0.294		C	L-carnitine dehydratase bile acid-inducible protein F
spire_mag_00184606|k141_2828599_9	RGM	0	0.851	0.803	nirB	C	Belongs to the nitrite and sulfite reductase 4Fe-4S domain family
GCA_035642975.1|DASQRI010000451.1_11	RGM	0.261	0.851	0.819	tpx	O	Thiol-specific peroxidase that catalyzes the reduction of hydrogen peroxide and organic hydroperoxides to water and alcohols, respectively. Plays a role in cell protection against oxidative stress by detoxifying peroxides
GCA_025821245.1|JACKRO010000343.1_9	RGM	0.015	0.851	0.281	ureC	E	Belongs to the metallo-dependent hydrolases superfamily. Urease alpha subunit family
spire_mag_02598702|k141_537018_4	RGM	0	0.851	0.525		K	tetR family
GCF_022370835.2|NZ_CP092365.1_1832	RGM	0.791	0.851	0.074		S	LemA family
GCF_008329605.1|NZ_NPKO01000011.1_147	RGM	0.142	0.848	0.773	tcrY	T	Histidine kinase
GCF_000328565.1|NC_019966.1_958	RGM	0.037	0.848	0.02		S	PFAM Cutinase
GCF_014202335.1|NZ_JACHGP010000001.1_211	RGM	0.015	0.846	0.789		S	transcriptional regulator
GCA_032162325.1|JAVRPG010000086.1_4	RGM	0.134	0.846	0.813	sthA	C	pyridine
spire_mag_01776429|k141_645335_187	RGM	0.56	0.846	0.137		C	oxidoreductase
GCF_001044235.1|NZ_JYNL01000051.1_98	RGM	0	0.843	0.087		K	Transcriptional regulator
GCF_001666755.1|NZ_LZJC01000157.1_12	RGM	0	0.843	0.371		K	response regulator
GCA_032162865.1|JAVROG010000117.1_9	RGM	0	0.843	0.843		E	Lactoylglutathione lyase
GCA_029780675.1|JAKOYE010000136.1_8	RGM	0.59	0.841	0.281	ppm1	M	PFAM Glycosyl transferase family 2
GCF_000157895.3|NC_022663.1_1133	RGM	0	0.841	0.361		T	signal transduction histidine kinase
GCF_002102355.1|NZ_LQPT01000023.1_95	RGM	0.007	0.841	0.452	fabG3_1	IQ	Dehydrogenase
GCA_040704635.1|JBEZJS010000003.1_626	RGM	0.664	0.838	0.151	gluC	P	ABC transporter
GCF_000455325.1|NZ_HG322953.1_353	RGM	0	0.838	0.134		EU	Peptidase S9
GCA_036272035.1|DATAZN010000545.1_18	RGM	0.157	0.838	0.672	mce3F	Q	Virulence factor Mce family protein
GCF_002705925.1|NZ_NKRE01000001.1_3753	RGM	0.037	0.838	0.254		EGP	Major facilitator superfamily
GCA_040511255.1|JBEVHL010000718.1_2	RGM	0	0.838	0.535		T	Histidine kinase
GCA_021732005.1|JAKFVT010000056.1_133	RGM	0.03	0.835	0.01	rutG	F	PFAM Xanthine uracil vitamin C permease
GCF_001673155.1|NZ_LZLE01000269.1_1	RGM	0	0.835	0.776		I	Belongs to the long-chain O-acyltransferase family
GCF_032883035.1|NZ_JAMQTH010000003.1_310	RGM	0	0.835	0.682	clpC2	O	PFAM Clp N terminal domain protein
GCF_035653355.1|NZ_DASRBZ010000165.1_3	RGM	0	0.835	0.254		E	DinB superfamily
GCF_008329535.1|NZ_NPKR01000001.1_199	RGM	0.022	0.835	0.385	gloA	E	Glyoxalase bleomycin resistance protein dioxygenase
GCA_035721065.1|DASTNJ010000023.1_10	RGM	0.261	0.835	0.692		S	Zincin-like metallopeptidase
GCF_000328565.1|NC_019966.1_6272	RGM	0	0.835	0.552	rcp1	T	response regulator, receiver
GCF_010727605.1|NZ_AP022568.1_3291	RGM	0.067	0.833	0.676		S	Glyoxalase bleomycin resistance protein dioxygenase
GCF_006439015.1|NZ_RCZG01000004.1_260	RGM	0	0.833	0.291		K	belongs to the sigma-70 factor family, ECF subfamily
GCF_002592005.1|NZ_NVQF01000011.1_93	RGM	0.373	0.833	0.027		L	DEAD DEAH box helicase
GCF_035314905.1|NZ_DATFYW010000069.1_11	RGM	0.007	0.833	0.819		IQ	Dehydrogenase
GCF_902705885.1|NZ_CACSIP010000076.1_1	RGM	0.007	0.833	0.033	pknE	KLT	serine threonine protein kinase
GCF_017312405.1|NZ_BLTG01000109.1_6	RGM	0.007	0.833	0.813
GCF_035616495.1|NZ_JAPJAV010000005.1_48	RGM	0.254	0.833	0.739		IQ	short-chain
GCF_010723575.1|NZ_BLKZ01000001.1_2549	RGM	0.306	0.833	0.766	cyp138	Q	cytochrome P450
GCA_022600695.1|JAHZJY010000154.1_14	RGM	0.179	0.83	0		S	Domain of unknown function (DUF3817)
GCF_000382405.1|NZ_KB908278.1_12	RGM	0.052	0.83	0.458	bmrU	I	diacylglycerol kinase, catalytic
GCF_001667585.1|NZ_LZJZ01000061.1_97	RGM	0.007	0.83	0.826		C	cytochrome p450
GCF_002838065.1|NZ_PIZU01000005.1_184	RGM	0.007	0.83	0.789		I	acyl-CoA dehydrogenase
GCA_019245755.1|JAFARC010000062.1_28	RGM	0.037	0.83	0.237		S	membrane
GCA_022600605.1|JAHZKD010000201.1_7	RGM	0.448	0.83	0.04	lysE	S	Lysine exporter protein LysE YggA
GCF_001672895.1|NZ_LZKP01000135.1_8	RGM	0	0.828	0.773		I	Acyl-CoA thioesterase
GCA_019749805.1|JAIEPH010000083.1_45	RGM	0.06	0.828	0.094		S	carboxymuconolactone decarboxylase
GCF_002102255.1|NZ_LQPH01000128.1_41	RGM	0.037	0.828	0.793		S	Putative Actinobacterial Holin-X, holin superfamily III
GCF_017086405.1|NZ_CP070973.1_5432	RGM	0.007	0.828	0.806		I	acyl-CoA dehydrogenase
GCF_001552715.1|NZ_BCRS01000034.1_1	RGM	0.157	0.828	0.716		Q	Virulence factor Mce family protein
GCF_900292015.1|NZ_LR130759.1_4082	RGM	0.007	0.828	0.789		I	Acetyl-CoA acetyltransferase
GCF_001672915.1|NZ_LZKR01000013.1_67	RGM	0.007	0.828	0.816		I	acyl-CoA dehydrogenase
GCF_025263565.1|NZ_CP079865.1_414	RGM	0.007	0.828	0.799		K	transcriptional
GCA_040511255.1|JBEVHL010000202.1_14	RGM	0.619	0.828	0.017		K	DeoR C terminal sensor domain
GCF_010728325.1|NZ_AP022570.1_1572	RGM	0	0.828	0.281		S	Glyoxalase bleomycin resistance protein dioxygenase
GCF_010725485.1|NZ_AP022598.1_3139	RGM	0.007	0.825	0.816		S	hydrolases or acyltransferases (alpha beta hydrolase superfamily)
GCF_001954135.1|NZ_MBEQ01000066.1_4	RGM	0.037	0.825	0.779		K	Transcriptional regulator
GCF_025965975.1|NZ_JAOPVX010000446.1_8	RGM	0.007	0.825	0.773		I	Serine aminopeptidase, S33
GCF_002101775.1|NZ_LQPI01000039.1_210	RGM	0.007	0.825	0.766		I	acyl-CoA dehydrogenase
GCF_030755175.1|NZ_JAUFRY010000001.1_1570	RGM	0.142	0.825	0.773
GCA_020438915.1|JAGQTR010000216.1_4	RGM	0.134	0.825	0.003		IQ	KR domain
GCF_025821625.1|NZ_JACKSH010000050.1_133	RGM	0	0.825	0.535		T	response regulator, receiver
spire_mag_00186517|k141_957064_17	RGM	0.007	0.825	0.796		Q	amidohydrolase
GCF_945957405.1|NZ_CAMFLL010000208.1_5	RGM	0.022	0.825	0.097		M	glycosyl transferase, family 2
GCF_001500025.1|NZ_LQIW01000001.1_351	RGM	0	0.825	0.776		L	carboxymuconolactone decarboxylase
GCF_014190915.1|NZ_JACHVU010000019.1_17	RGM	0.425	0.825	0.247	nuoE	C	NADH dehydrogenase
GCF_017312405.1|NZ_BLTG01000078.1_32	RGM	0	0.823	0		P	Bacterial extracellular solute-binding protein
GCF_035603715.1|NZ_DATNJW010000257.1_20	RGM	0.007	0.82	0.793		C	COG2141 Coenzyme F420-dependent N5,N10-methylene tetrahydromethanopterin reductase and related flavin-dependent oxidoreductases
GCA_003165155.1|PLSK01000114.1_14	RGM	0.007	0.82	0.806		I	acyl-CoA dehydrogenase
GCF_019645815.1|NZ_CP080997.1_3929	RGM	0	0.82	0.796	fdxD_2	C	ferredoxin
GCF_010725725.1|NZ_AP022599.1_3926	RGM	0.007	0.82	0.803		S	amidohydrolase
GCF_002086285.1|NZ_MVHU01000072.1_4	RGM	0.299	0.82	0.438	arsR	K	arsR family
GCF_002968335.2|NZ_CP134398.1_3980	RGM	0.007	0.82	0.769		I	acyl-CoA dehydrogenase
GCF_025823105.1|NZ_JACKVC010000021.1_470	RGM	0.007	0.82	0.806		P	Rieske 2Fe-2S
GCF_022370635.2|NZ_CP092362.2_875	RGM	0.007	0.82	0.793		S	amidohydrolase
GCA_030666145.1|DAOUYK010000033.1_4	RGM	0.007	0.82	0.763		C	L-carnitine dehydratase bile acid-inducible protein F
GCA_023415515.1|JAEZKH010000435.1_61	RGM	0.007	0.82	0.455		S	Amidohydrolase
GCF_002101775.1|NZ_LQPI01000030.1_10	RGM	0	0.817	0.736	fgd_1	C	F420-dependent oxidoreductase, G6PDH family
GCF_009729095.1|NZ_VTGX01000005.1_157	RGM	0.007	0.817	0.776		C	L-carnitine dehydratase bile acid-inducible protein F
GCF_025822605.1|NZ_JACKTY010000049.1_188	RGM	0.127	0.817	0.084	mrpG	P	monovalent cation proton antiporter, MnhG PhaG subunit
GCA_034520035.1|JAXHOA010000096.1_85	RGM	0.112	0.817	0.428		S	Belongs to the short-chain dehydrogenases reductases (SDR) family
GCF_036946525.1|NZ_JAQIIY010000006.1_160	RGM	0.142	0.817	0.221		EGP	PFAM Major Facilitator Superfamily
GCF_002723835.1|NZ_BEWG01000024.1_3	RGM	0	0.817	0.411		S	Family of unknown function (DUF5313)
spire_mag_01733412|k119_65315_8	RGM	0	0.817	0.07		G	pyrroloquinoline quinone binding
GCF_900603025.1|NZ_LR026975.1_1111	RGM	0.172	0.817	0.033	plsC	EI	HAD-superfamily subfamily IB hydrolase, TIGR01490
GCA_036558625.1|DATBFF010000029.1_8	RGM	0	0.815	0.348	moeY	H	involved in biosynthesis of a demolybdo cofactor (molybdopterin), necessary for molybdoenzymes. plays a role in the activation of the small subunit of the molybdopterin converting factor (MoaD)
GCF_010726645.1|NZ_AP022563.1_2346	RGM	0	0.815	0.04		K	AsnC family
spire_mag_00841652|k141_2641383_18	RGM	0.157	0.815	0.696	mce3B	Q	Virulence factor Mce family protein
GCF_021916785.1|NZ_JAKCFC010000013.1_63	RGM	0.007	0.815	0.793		IQ	AMP-dependent synthetase
GCA_021648845.1|JAKJHY010000014.1_38	RGM	0.149	0.815	0.455		C	alcohol dehydrogenase
GCF_000230895.2|NC_016604.1_2028	RGM	0.381	0.815	0.194	ligC	L	DNA ligase
GCA_021732005.1|JAKFVT010000025.1_20	RGM	0	0.815	0.124		K	araC family
GCF_007714205.1|NZ_VMQU01000001.1_18	RGM	0.007	0.812	0.796		IQ	COG0318 Acyl-CoA synthetases (AMP-forming) AMP-acid ligases II
GCF_022557175.1|NZ_CP092915.1_2090	RGM	0	0.812	0.773		K	tetR family
GCF_022557175.1|NZ_CP092915.1_2546	RGM	0	0.812	0.237		I	acyl-CoA dehydrogenase
GCF_000613185.1|NZ_CCBB010000001.1_901	RGM	0	0.812	0.622		S	Domain of unknown function (DUF1330)
GCF_010728925.1|NZ_AP022608.1_5485	RGM	0.299	0.812	0.732	tcrX	KT	transcriptional
GCA_035633495.1|DASQEU010000125.1_5	RGM	0.007	0.81	0.789		IQ	Belongs to the short-chain dehydrogenases reductases (SDR) family
spire_mag_01585792|k141_114292_3	RGM	0.067	0.81	0.321		F	cytidine deaminase
GCF_011758805.1|NZ_JAANOW010000001.1_3450	RGM	0.239	0.81	0.726		L	pfam nudix
GCA_016197365.1|JACPVS010000009.1_27	RGM	0.015	0.81	0.682		I	acyl-CoA dehydrogenase
GCF_900078685.2|NZ_LT546170.1_400	RGM	0.119	0.81	0.706	ligD	L	DNA primase
GCF_001672775.1|NZ_LZKJ01000133.1_24	RGM	0.037	0.807	0.659		GM	NAD-dependent epimerase
spire_mag_01679848|k119_151890_3	RGM	0.007	0.807	0.773		P	flavoprotein involved in K transport
GCF_002592005.1|NZ_NVQF01000027.1_35	RGM	0.007	0.807	0.137		I	acyl-CoA dehydrogenase
GCA_003165155.1|PLSK01000204.1_8	RGM	0	0.807	0.569		K	GntR family
spire_mag_01585792|k141_12285_2	RGM	0.007	0.807	0.783	fadD3_2	IQ	COG0318 Acyl-CoA synthetases (AMP-forming) AMP-acid ligases II
GCF_036235365.1|NZ_JAZBEZ010000005.1_151	RGM	0.007	0.807	0.749		Q	cytochrome P-450
GCA_035642975.1|DASQRI010000305.1_3	RGM	0.537	0.807	0.294		S	Methyltransferase domain
GCF_000230895.2|NC_016604.1_2674	RGM	0.007	0.807	0.783		P	Rieske 2Fe-2S
GCF_000805385.1|NZ_JTJW01000010.1_119	RGM	0.037	0.807	0.04		J	Acetyltransferase (GNAT) domain
GCF_001667015.1|NZ_LZIS01000123.1_20	RGM	0.007	0.805	0.786		IQ	COG1028 Dehydrogenases with different specificities (related to short-chain alcohol dehydrogenases)
spire_mag_00709385|k119_130673_2	RGM	0.007	0.805	0.759	echA8_2	I	Belongs to the enoyl-CoA hydratase isomerase family
GCF_035649695.1|NZ_DASRJA010000491.1_12	RGM	0	0.805	0.114		S	Belongs to the UPF0312 family
GCF_003254575.1|NZ_QJUA01000044.1_12	RGM	0	0.805	0.137		K	GntR family
GCF_018278905.1|NZ_CP046600.1_2056	RGM	0.037	0.805	0.776	cydC	V	ABC transporter
spire_mag_00709164|k119_57374_112	RGM	0	0.802	0.395		IQ	COG0318 Acyl-CoA synthetases (AMP-forming) AMP-acid ligases II
GCF_004570325.1|NZ_SPQO01000007.1_32	RGM	0.776	0.802	0.258	yedI	S	Protein of unknown function (DUF808)
spire_mag_01603564|k141_764073_12	RGM	0	0.802	0.043		K	Transcriptional regulator
GCF_001667265.1|NZ_LZHW01000060.1_21	RGM	0.007	0.802	0.716		S	Aminoglycoside phosphotransferase
spire_mag_00490038|k141_927035_14	RGM	0.746	0.802	0.043		S	Aminoglycoside phosphotransferase
GCF_010731575.1|NZ_AP022617.1_5004	RGM	0	0.802	0.221		P	pyridoxamine 5-phosphate
GCF_015710575.1|NZ_CP065373.1_1256	RGM	0.007	0.799	0.254		IQ	Acyl-CoA synthetase (AMP-forming) AMP-acid ligase II
spire_mag_00492514|k141_801977_7	RGM	0.53	0.799	0.11	recQ	L	ATP-dependent DNA helicase RecQ
GCF_022370755.2|NZ_CP092364.2_1605	RGM	0.179	0.799	0.405		M	Membrane
GCF_025822985.1|NZ_JACKUW010000007.1_652	RGM	0.149	0.799	0.291	nusG	K	Participates in transcription elongation, termination and antitermination
GCF_001667265.1|NZ_LZHW01000032.1_30	RGM	0	0.799	0.699		I	acyl-CoA dehydrogenase
GCF_030252325.1|NZ_CP126981.1_2313	RGM	0.007	0.799	0.562
GCF_001667375.1|NZ_LZIN01000032.1_4	RGM	0.075	0.799	0.274		C	Belongs to the aldehyde dehydrogenase family
GCA_025965555.1|JAOPWT010000215.1_3	RGM	0	0.797	0.448		S	ATP-dependent carboxylate-amine ligase which exhibits weak glutamate--cysteine ligase activity
GCF_002086275.1|NZ_MVHT01000003.1_41	RGM	0.007	0.797	0.773		G	SMP-30 Gluconolaconase
GCA_019242135.1|JAFAWC010000565.1_3	RGM	0.007	0.797	0.753	mcmA2b	I	Methylmalonyl-CoA mutase
GCF_001667185.1|NZ_LZIC01000074.1_50	RGM	0.627	0.797	0.197	ppk2	S	polyphosphate kinase
GCA_023415515.1|JAEZKH010000030.1_5	RGM	0	0.797	0		P	binding-protein-dependent transport systems inner membrane component
GCF_019645835.1|NZ_CP080998.1_1619	RGM	0.007	0.794	0.512		C	Belongs to the aldehyde dehydrogenase family
GCA_022708865.1|JAKIXW010000019.1_22	RGM	0.06	0.794	0.569	gpmB	G	PFAM Phosphoglycerate mutase
GCA_040509115.1|JBEVLO010000537.1_15	RGM	0.022	0.794	0.729		P	3'(2'),5'-bisphosphate nucleotidase
spire_mag_00709164|k119_39053_8	RGM	0.007	0.794	0.134		I	acyl-CoA dehydrogenase
GCA_032162325.1|JAVRPG010000395.1_7	RGM	0.007	0.794	0.13		I	acyl-CoA dehydrogenase
GCA_022600605.1|JAHZKD010000005.1_3	RGM	0.157	0.794	0.686	ligC	L	DNA ligase
GCA_032159775.1|JAVHWK010000006.1_50	RGM	0.037	0.794	0.05		EP	inner membrane component
GCF_010731615.1|NZ_AP022618.1_694	RGM	0	0.794	0		P	binding-protein-dependent transport systems inner membrane component
GCF_900603025.1|NZ_LR026975.1_4860	RGM	0.097	0.792	0.656		S	Uncharacterized protein conserved in bacteria (DUF2064)
GCF_033804605.1|NZ_JAPZKZ010000002.1_189	RGM	0	0.792	0.07	pyrE	F	Catalyzes the transfer of a ribosyl phosphate group from 5-phosphoribose 1-diphosphate to orotate, leading to the formation of orotidine monophosphate (OMP)
GCF_032883035.1|NZ_JAMQTH010000004.1_247	RGM	0.09	0.789	0.639		M	PFAM Glycosyl transferase family 2
GCF_001673365.1|NZ_LZLS01000023.1_78	RGM	0.007	0.789	0.679		I	Dehydrogenase
GCF_007096635.1|NZ_VKAA01000003.1_191	RGM	0	0.789	0.746	nirD	P	Nitrite reductase
GCA_036782595.1|DAIPYT010000090.1_9	RGM	0.075	0.789	0.358		S	Uncharacterised BCR, YnfA/UPF0060 family
spire_mag_00490038|k141_5119919_4	RGM	0.037	0.787	0.057		P	transport
GCF_002101705.1|NZ_LQPC01000026.1_229	RGM	0.097	0.787	0.662
GCF_029892685.1|NZ_JARXVD010000011.1_22	RGM	0	0.787	0.194
GCF_002086635.1|NZ_MVHD01000003.1_226	RGM	0	0.787	0.625		K	tetR family
GCF_010731615.1|NZ_AP022618.1_1399	RGM	0.179	0.787	0.498		Q	Virulence factor Mce family protein
GCF_009936235.1|NZ_AP022314.1_4475	RGM	0.097	0.784	0.649	grpE	O	Participates actively in the response to hyperosmotic and heat shock by preventing the aggregation of stress-denatured proteins, in association with DnaK and GrpE. It is the nucleotide exchange factor for DnaK and may function as a thermosensor. Unfolded proteins bind initially to DnaJ
GCF_029892685.1|NZ_JARXVD010000003.1_56	RGM	0.037	0.784	0.047		E	extracellular solute-binding
GCF_002086115.1|NZ_MVHJ01000001.1_244	RGM	0.157	0.784	0.117	trmI	J	Catalyzes the S-adenosyl-L-methionine-dependent formation of N(1)-methyladenine at position 58 (m1A58) in tRNA
spire_mag_01244826|k119_380479_47	RGM	0.075	0.784	0.043	xseB	L	Bidirectionally degrades single-stranded DNA into large acid-insoluble oligonucleotides, which are then degraded further into small acid-soluble oligonucleotides
GCA_902826815.1|CADEGF010000042.1_58	RGM	0.149	0.784	0.535		K	Transcriptional regulator
GCF_025822765.1|NZ_JACKUK010000029.1_361	RGM	0.254	0.784	0.127		S	Transmembrane domain of unknown function (DUF3566)
GCF_019050325.1|NZ_VOMB01000023.1_124	RGM	0.067	0.781	0.074		S	Protein of unknown function, DUF485
GCA_016197405.1|JACPVR010000007.1_84	RGM	0.007	0.781	0.074		J	COG1670 acetyltransferases, including N-acetylases of ribosomal proteins
GCF_025821585.1|NZ_JACKSE010000380.1_96	RGM	0	0.781	0.194		K	tetR family
GCF_017352375.1|NZ_JAFEVR010000016.1_143	RGM	0.007	0.781	0	yqjA	S	membrane-associated protein
GCF_018278905.1|NZ_CP046600.1_2949	RGM	0.187	0.781	0.575		C	Molydopterin dinucleotide binding domain
spire_mag_01168129|k141_4990977_6	RGM	0.082	0.779	0.301	cysM	E	cysteine
GCF_002245535.1|NZ_NKCN01000003.1_56	RGM	0	0.779	0.258		K	Transcriptional regulator
GCF_035649695.1|NZ_DASRJA010000461.1_22	RGM	0.127	0.779	0.177	corA	P	Mg2 transporter protein
GCF_900603025.1|NZ_LR026975.1_1789	RGM	0	0.779	0.545		S	von willebrand factor type a
GCF_000328565.1|NC_019966.1_1464	RGM	0.47	0.779	0.221		C	Belongs to the prokaryotic molybdopterin-containing oxidoreductase family
GCA_025965815.1|JAOPWF010000549.1_7	RGM	0	0.779	0	yccS_3	S	Fusaric acid resistance protein-like
GCF_002592005.1|NZ_NVQF01000163.1_1	RGM	0.082	0.779	0.666	galE3	GM	dehydratase
GCF_008329605.1|NZ_NPKO01000001.1_112	RGM	0	0.776	0.013		KT	helix_turn_helix, Lux Regulon
GCF_002157835.1|NZ_CP020809.1_5243	RGM	0.022	0.776	0.401	alkB	I	PFAM Fatty acid desaturase
GCF_001667265.1|NZ_LZHW01000014.1_36	RGM	0.687	0.776	0.013	fruA	G	PTS system, fructose subfamily, IIC
spire_mag_01678249|k141_131452_21	RGM	0.194	0.776	0.736
GCA_903877095.1|CAIRCP010000040.1_8	RGM	0.746	0.776	0.013	fruK	G	Belongs to the carbohydrate kinase PfkB family
GCF_026240945.1|NZ_JAPFPY010000010.1_146	RGM	0	0.774	0		P	ABC transporter
GCF_001668615.1|NZ_LZMC01000109.1_30	RGM	0	0.774	0.017		C	cytochrome p450
GCF_002968295.1|NZ_CP134399.1_91	RGM	0.045	0.774	0.666		S	Belongs to the pirin family
GCF_036946495.1|NZ_JAQIIX010000001.1_636	RGM	0	0.774	0.455		C	aldo keto reductase
GCA_022600605.1|JAHZKD010000085.1_6	RGM	0.127	0.771	0.09		S	Golgi phosphoprotein 3 (GPP34)
GCA_025821245.1|JACKRO010000309.1_3	RGM	0.007	0.771	0.766		C	Succinate dehydrogenase fumarate reductase flavoprotein subunit
GCA_034520035.1|JAXHOA010000015.1_356	RGM	0.321	0.769	0.184		K	MarR family transcriptional regulator
GCA_022601135.1|JAHZJB010000107.1_11	RGM	0.545	0.769	0.097		S	acetyltransferase
GCF_027706845.1|NZ_JAQGCZ010000011.1_40	RGM	0.03	0.769	0.622		Q	isochorismatase
GCF_963378095.1|NZ_OY726397.1_1442	RGM	0.007	0.769	0.756		P	of nitrite reductase and ring-hydroxylating
GCA_003347205.1|QQBJ01000011.1_239	RGM	0	0.769	0.154		S	Peptidase, M28
GCF_039023525.1|NZ_JBCHKV010000005.1_102	RGM	0	0.769	0.274	moxR	S	COG0714 MoxR-like ATPases
GCF_000613245.1|NZ_HG964937.1_638	RGM	0.075	0.766	0.659		Q	ABC-type transport system involved in resistance to organic solvents, permease component
GCA_035693385.1|DASSGQ010000030.1_13	RGM	0	0.766	0.739		S	Domain of unknown function (DUF427)
GCF_001500025.1|NZ_LQIW01000048.1_170	RGM	0.007	0.766	0.726		C	L-carnitine dehydratase bile acid-inducible protein F
GCF_030295745.1|NZ_AP027291.1_3616	RGM	0.007	0.766	0.732		G	PFAM SMP-30 Gluconolaconase
GCF_033741125.1|NZ_JAWQPU010000006.1_199	RGM	0	0.766	0.087	hslR	J	heat shock protein
GCF_014190915.1|NZ_JACHVU010000008.1_223	RGM	0.149	0.766	0.047	dctA	U	Belongs to the dicarboxylate amino acid cation symporter (DAACS) (TC 2.A.23) family
GCF_002968285.2|NZ_CP134400.1_612	RGM	0	0.766	0.274		S	conserved protein (some members contain a von Willebrand factor type A (vWA) domain)
GCF_900240945.1|NZ_OESG01000012.1_419	RGM	0.007	0.766	0.746	icmA	I	Catalyzes the reversible interconversion of isobutyryl- CoA and n-butyryl-CoA, using radical chemistry. Also exhibits GTPase activity, associated with its G-protein domain (MeaI) that functions as a chaperone that assists cofactor delivery and proper holo-enzyme assembly
GCF_001665535.1|NZ_LZSQ01000035.1_3	RGM	0.537	0.766	0.134		S	Metal-dependent hydrolase
GCA_002967005.1|PPEA01000855.1_2	RGM	0.007	0.766	0.465	echA4_1	I	Enoyl-CoA hydratase
GCF_022317005.1|NZ_CP081006.1_4861	RGM	0	0.766	0.017		I	dehydratase
GCF_001668615.1|NZ_LZMC01000056.1_64	RGM	0	0.766	0.321		C	COG2141 Coenzyme F420-dependent N5,N10-methylene tetrahydromethanopterin reductase and related flavin-dependent oxidoreductases
spire_mag_01585638|k141_163736_1	RGM	0	0.763	0.09		I	Acyltransferase family
GCA_025963385.1|JAOPUT010000034.1_10	RGM	0	0.763	0.02
GCA_023404955.1|JAEXZY010000062.1_53	RGM	0	0.763	0.057		M	glutamine amidotransferase
GCF_010728325.1|NZ_AP022570.1_4459	RGM	0	0.763	0.03		Q	PFAM Isochorismatase
GCF_010731535.1|NZ_AP022581.1_612	RGM	0	0.763	0.729		S	alpha beta
GCF_001644575.1|NZ_CP015596.1_3611	RGM	0	0.761	0.642		K	transcriptional
GCF_025822145.1|NZ_JACKTH010000071.1_38	RGM	0	0.761	0.01		E	Threonine dehydratase
GCA_023404955.1|JAEXZY010000134.1_49	RGM	0.037	0.761	0.241		S	Tetratricopeptide repeat
GCF_000266905.1|NC_018027.1_4788	RGM	0	0.761	0.057		C	glutamate synthase
GCF_002250655.1|NZ_NOZR01000001.1_331	RGM	0	0.758	0.468	accD3	I	carboxyl transferase
GCF_025821625.1|NZ_JACKSH010000075.1_41	RGM	0.134	0.758	0.037	asnC	K	AsnC family
spire_mag_01244826|k119_335892_19	RGM	0.045	0.758	0.294
GCA_032159565.1|JAVHWR010000122.1_58	RGM	0	0.758	0.104
spire_mag_00492514|k141_1319508_114	RGM	0	0.756	0.054		E	PFAM FAD dependent oxidoreductase
GCF_000328565.1|NC_019966.1_4858	RGM	0.209	0.756	0.067	mdfA	EGP	Major facilitator superfamily
GCF_001494595.1|NZ_LN929907.1_67	RGM	0.015	0.756	0.057	glnT	E	glutamine synthetase
GCF_001644575.1|NZ_CP015596.1_2383	RGM	0.037	0.756	0.054		P	Belongs to the ABC transporter superfamily
GCA_025821245.1|JACKRO010000104.1_1	RGM	0.007	0.756	0.518	esxT	S	Belongs to the WXG100 family
spire_mag_00841652|k141_1340244_34	RGM	0	0.756	0.067	4CL	IQ	synthetase
GCA_036273805.1|DASUGW010000070.1_21	RGM	0.022	0.756	0.117		S	PFAM MOSC domain
GCA_025966225.1|JAOPVI010000154.1_4	RGM	0.007	0.756	0.304		IQ	COG1028 Dehydrogenases with different specificities (related to short-chain alcohol dehydrogenases)
GCF_025821585.1|NZ_JACKSE010000061.1_120	RGM	0	0.756	0.017		KT	transcriptional regulatory protein
GCF_039729195.1|NZ_CP155796.1_4985	RGM	0	0.756	0.013		T	Histidine kinase
GCA_039935195.1|JBDTKT010000285.1_4	RGM	0	0.753	0.117
GCF_025821625.1|NZ_JACKSH010000148.1_95	RGM	0.015	0.753	0.054	gltB_3	E	Belongs to the glutamate synthase family
GCF_025822705.1|NZ_JACKUL010000024.1_213	RGM	0.172	0.753	0.171	garP	P	Major facilitator superfamily
GCF_025822765.1|NZ_JACKUK010000020.1_61	RGM	0	0.753	0.341		S	Winged helix DNA-binding domain
GCA_902826815.1|CADEGF010000003.1_168	RGM	0.5	0.751	0.04	apa	S	PFAM Fibronectin-attachment
GCF_002592005.1|NZ_NVQF01000027.1_57	RGM	0.007	0.751	0.645		IQ	Short-chain dehydrogenase reductase SDR
GCF_035649695.1|NZ_DASRJA010000707.1_8	RGM	0	0.751	0.421		K	tetR family
GCA_036390735.1|DASWBF010000320.1_5	RGM	0.604	0.751	0.244		Q	dienelactone hydrolase
GCF_000164135.1|NZ_GG770557.1_338	RGM	0	0.751	0.585	narB	C	Belongs to the prokaryotic molybdopterin-containing oxidoreductase family
GCF_015710575.1|NZ_CP065373.1_83	RGM	0.007	0.751	0.645	cyp191A3	Q	cytochrome p450
GCF_002101705.1|NZ_LQPC01000067.1_24	RGM	0	0.751	0.164		K	Virulence activator alpha C-term
GCF_002086795.1|NZ_MVIM01000002.1_446	RGM	0	0.751	0.559		K	Transcriptional regulator
spire_mag_02293027|k119_77727_22	RGM	0.052	0.748	0.171		I	Enoyl-CoA hydratase
spire_mag_01882615|k119_11721_1	RGM	0	0.748	0.151		M	cutinase
GCF_000373905.1|NZ_KB892705.1_3783	RGM	0	0.748	0.047		K	Transcriptional regulator
GCF_003614435.1|NZ_CP025546.1_1618	RGM	0.142	0.748	0.525		S	Aminoglycoside phosphotransferase
spire_mag_00560387|k141_59145_9	RGM	0.06	0.748	0.114	hsp18	O	Belongs to the small heat shock protein (HSP20) family
GCF_010727475.1|NZ_AP022567.1_4979	RGM	0	0.748	0.555		I	acyl-CoA dehydrogenase
GCF_019247635.1|NZ_JAFBAR010000023.1_21	RGM	0	0.748	0.338		K	transcriptional regulator
GCF_001494595.1|NZ_LN929908.1_948	RGM	0.007	0.748	0.619		E	Dehydrogenase
GCF_001984215.1|NZ_CP019420.1_2053	RGM	0	0.748	0.017		T	Single cache domain 3
GCA_023264755.1|JAHFVB010000522.1_3	RGM	0.627	0.746	0.017	pgsA2	I	CDP-diacylglycerol-glycerol-3-phosphate 3-phosphatidyltransferase
GCA_022601275.1|JAHZIT010000088.1_2	RGM	0	0.746	0.12		S	Predicted membrane protein (DUF2339)
spire_mag_01198798|k141_46790_81	RGM	0	0.746	0.064		S	Domain of unknown function (DUF4194)
GCF_003284965.1|NZ_QMEW01000021.1_70	RGM	0.03	0.746	0.258	dps	P	Belongs to the Dps family
GCA_022601135.1|JAHZJB010000151.1_13	RGM	0.007	0.746	0.649		T	sh3 domain protein
GCF_000612725.1|NZ_HG964452.1_170	RGM	0	0.743	0.211	omt	Q	O-Methyltransferase
GCA_039583405.1|JAVKSY010000036.1_8	RGM	0.201	0.743	0.662		S	DUF35 OB-fold domain, acyl-CoA-associated
GCF_041206865.1|NZ_JBGEDP010000001.1_5530	RGM	0.03	0.743	0.512		J	Methyltransferase type 12
GCF_018455725.1|NZ_JAHCLR010000015.1_48	RGM	0.015	0.743	0.274	ureG	KO	Facilitates the functional incorporation of the urease nickel metallocenter. This process requires GTP hydrolysis, probably effectuated by UreG
GCA_002967005.1|PPEA01000591.1_6	RGM	0.015	0.743	0.268	mec	S	JAB/MPN domain
GCF_025821625.1|NZ_JACKSH010000290.1_3	RGM	0	0.743	0.033		S	cobalt transporter
GCF_029892685.1|NZ_JARXVD010000017.1_75	RGM	0.045	0.74	0.211	yhgF	K	accessory protein
GCF_000426065.1|NZ_AUEQ01000013.1_275	RGM	0.045	0.74	0.672	pdhB	C	Pyruvate 2-oxoglutarate dehydrogenase complex, dehydrogenase
spire_mag_01677777|k141_212966_11	RGM	0.037	0.74	0.669		S	F420H(2)-dependent quinone reductase
spire_mag_01882632|k119_64283_17	RGM	0.328	0.74	0.117		K	Transcriptional regulator
GCA_019246375.1|JAFAQO010000156.1_3	RGM	0	0.74	0.462
GCF_003719305.1|NZ_RARC01000028.1_64	RGM	0	0.74	0.023		S	ammonia monooxygenase
GCF_024320865.1|NZ_JANDBD010000009.1_134	RGM	0	0.738	0.211	helD	L	DNA helicase
GCA_023264755.1|JAHFVB010000316.1_3	RGM	0.306	0.738	0.151		I	Acetyl-CoA acetyltransferase
GCA_036558625.1|DATBFF010000226.1_18	RGM	0.299	0.735	0.04	rarD	S	TIGRFAM RarD protein
GCF_000317305.3|NC_023036.2_4877	RGM	0	0.735	0.007	bdhA	IQ	Dehydrogenase
spire_mag_00487317|k141_164997_8	RGM	0	0.735	0		S	membrane transporter protein
spire_mag_02002215|k141_2719_32	RGM	0.493	0.735	0.027
GCF_010730955.1|NZ_AP022577.1_2494	RGM	0	0.735	0.07		S	Protein of unknown function (DUF3375)
GCF_001457595.1|NZ_LN831039.1_5797	RGM	0.672	0.735	0.023		I	Serine aminopeptidase, S33
GCF_001665535.1|NZ_LZSQ01000056.1_75	RGM	0.007	0.735	0.542
GCF_031583025.1|NZ_CP134062.1_4300	RGM	0	0.735	0.672		C	L-carnitine dehydratase bile acid-inducible protein F
GCF_010731875.1|NZ_AP022595.1_2519	RGM	0	0.733	0.02		S	Protein of unknown function (DUF3060)
GCF_000382405.1|NZ_KB908276.1_4	RGM	0	0.733	0.14	soxR	K	TIGRFAM redox-sensitive transcriptional activator SoxR
GCA_040509115.1|JBEVLO010000552.1_9	RGM	0	0.733	0.134		FJ	Cytidine and deoxycytidylate deaminase zinc-binding region
GCF_010731575.1|NZ_AP022617.1_1300	RGM	0	0.733	0.023		E	Belongs to the arginase family
GCF_008329645.1|NZ_CP043474.1_452	RGM	0.007	0.733	0.281		C	Dehydrogenase
GCF_001667265.1|NZ_LZHW01000068.1_21	RGM	0	0.733	0.692		I	Enoyl-CoA hydratase carnithine racemase
GCA_003347205.1|QQBJ01000002.1_391	RGM	0.037	0.733	0.639	pdhA	C	Dehydrogenase E1 component
GCF_025823255.1|NZ_JACKVL010000009.1_97	RGM	0	0.73	0.301		E	peptidase S9, prolyl oligopeptidase
GCF_035314665.1|NZ_DATFZD010000186.1_22	RGM	0.082	0.73	0.652
GCA_032159965.1|JAVHWG010000385.1_2	RGM	0.045	0.73	0.639	pdhC	C	Dihydrolipoamide acetyltransferase component of pyruvate dehydrogenase complex
GCF_004014805.1|NZ_ATDN01000022.1_15	RGM	0	0.73	0.204	mkl	P	ABC transporter
GCF_010730195.1|NZ_AP022613.1_1286	RGM	0	0.728	0.515
GCA_035716165.1|DASTKA010000351.1_2	RGM	0	0.728	0.625		C	F420-dependent oxidoreductase
GCF_010731875.1|NZ_AP022595.1_3385	RGM	0.209	0.728	0.662		I	Acetyl-CoA acetyltransferase
GCF_016462545.1|NZ_JAEMTA010000004.1_127	RGM	0.007	0.728	0.619		G	Belongs to the HpcH HpaI aldolase family
GCA_900078775.1|LT549889.1_3724	RGM	0	0.728	0.385	ohrR	K	Transcriptional regulator
GCF_025822985.1|NZ_JACKUW010000013.1_51	RGM	0.007	0.728	0.261		C	aldehyde oxidase and xanthine dehydrogenase, a b hammerhead
GCF_900603025.1|NZ_LR026975.1_1488	RGM	0.239	0.728	0.023
GCF_000620625.1|NZ_JIAW01000009.1_152	RGM	0	0.728	0.144		IQ	Short-chain dehydrogenase reductase SDR
GCF_001494595.1|NZ_LN929908.1_378	RGM	0.03	0.728	0.151		S	pyridoxamine 5'-phosphate
GCF_001672975.1|NZ_LZKU01000051.1_3	RGM	0	0.725	0.445	fdh	E	Dehydrogenase
GCA_023264755.1|JAHFVB010000076.1_9	RGM	0	0.725	0.261
GCA_022600605.1|JAHZKD010000247.1_11	RGM	0.313	0.725	0.094		E	haloacid dehalogenase-like hydrolase
GCF_001552715.1|NZ_BCRS01000023.1_4	RGM	0	0.725	0.696		I	COG1024 Enoyl-CoA hydratase carnithine racemase
GCF_000317305.3|NC_023036.2_1704	RGM	0.052	0.725	0.278	ybaK	S	Belongs to the prolyl-tRNA editing family. YbaK EbsC subfamily
GCF_041261665.1|NZ_JBGCCC010000002.1_716	RGM	0	0.725	0.07		S	Putative exonuclease SbcCD, C subunit
GCF_014190915.1|NZ_JACHVU010000013.1_89	RGM	0	0.722	0.01		S	DMT superfamily
GCF_000373905.1|NZ_KB892705.1_3531	RGM	0.022	0.722	0.679	pbp1A	M	penicillin-binding protein
GCF_010729895.1|NZ_AP022612.1_4128	RGM	0.06	0.722	0.686		K	acetyltransferase
GCF_010731535.1|NZ_AP022581.1_3609	RGM	0	0.722	0.097		D	Cellulose biosynthesis protein BcsQ
GCF_019456655.1|NZ_CP080332.1_4165	RGM	0.045	0.722	0.425		S	membrane
GCA_023264755.1|JAHFVB010000065.1_8	RGM	0	0.722	0.017		M	NlpC/P60 family
GCF_002245535.1|NZ_NKCN01000005.1_193	RGM	0.127	0.722	0.659	fda	G	Aldolase
GCF_006864685.1|NZ_VIFX01000062.1_29	RGM	0.052	0.72	0.05		KQ	GAF domain
GCA_020438905.1|JAGQTQ010000015.1_15	RGM	0.649	0.72	0.097		K	Transcriptional regulator
GCF_019456655.1|NZ_CP080332.1_1550	RGM	0.037	0.72	0.686		S	Iron-containing redox enzyme
GCF_010731715.1|NZ_AP022587.1_5926	RGM	0.007	0.72	0.468		Q	Virulence factor Mce family protein
GCF_002968295.1|NZ_CP134399.1_2074	RGM	0.104	0.717	0.027	nagD	G	Belongs to the HAD-like hydrolase superfamily
GCA_036558625.1|DATBFF010000024.1_20	RGM	0.075	0.717	0.13		I	carboxylase
GCF_010730955.1|NZ_AP022577.1_3921	RGM	0.022	0.717	0.08		K	Transcriptional regulator
spire_mag_01776429|k141_404541_21	RGM	0	0.717	0.324		L	AAA domain
GCA_025965555.1|JAOPWT010000211.1_9	RGM	0.007	0.717	0.706		IQ	COG1028 Dehydrogenases with different specificities (related to short-chain alcohol dehydrogenases)
GCF_001650495.1|NZ_LWCS01000014.1_20	RGM	0	0.717	0.686	echA4_2	I	Belongs to the enoyl-CoA hydratase isomerase family
GCF_030295745.1|NZ_AP027291.1_3801	RGM	0.328	0.717	0.11
GCF_010731775.1|NZ_AP022590.1_604	RGM	0.09	0.715	0.438		H	DNA binding domain, excisionase family
GCF_025822605.1|NZ_JACKTY010000028.1_492	RGM	0.254	0.715	0.08	ppiB	O	Peptidyl-prolyl cis-trans isomerase
GCF_022374875.2|NZ_CP092427.2_2833	RGM	0.343	0.715	0.194
GCF_900157365.1|NZ_FUEZ01000003.1_252	RGM	0.007	0.712	0.679		J	Siderophore biosynthesis protein domain
spire_mag_01586672|k141_115650_1	RGM	0	0.712	0.538		EGP	Major facilitator superfamily
GCF_001650495.1|NZ_LWCS01000003.1_9	RGM	0	0.712	0.047		M	ABC transporter
GCF_006439015.1|NZ_RCZG01000017.1_14	RGM	0.007	0.712	0.02		EGP	Major facilitator superfamily
GCA_032161845.1|JAVRQA010000077.1_7	RGM	0.03	0.712	0.475		S	Haemophore, haem-binding
GCF_000805385.1|NZ_JTJW01000009.1_186	RGM	0.119	0.71	0.097		E	lactoylglutathione lyase activity
GCA_030666145.1|DAOUYK010000306.1_2	RGM	0.425	0.71	0.187		P	COG3119 Arylsulfatase A and related enzymes
GCF_010731575.1|NZ_AP022617.1_3938	RGM	0	0.71	0.023		S	Pyridoxamine 5-phosphate
GCA_035634855.1|DASQCE010000553.1_4	RGM	0	0.71	0.278		S	Uncharacterized conserved protein (DUF2277)
GCF_035616495.1|NZ_JAPJAV010000001.1_221	RGM	0.007	0.71	0.589	fdxB	C	ferredoxin
GCA_019749805.1|JAIEPH010000029.1_27	RGM	0.418	0.71	0.04		T	Histidine kinase
GCA_037141465.1|JBAXCK010000047.1_17	RGM	0.41	0.707	0.11		P	Small multidrug resistance protein
GCF_011694515.1|NZ_CP050192.1_3628	RGM	0	0.707	0.11	nboR	S	MobA-like NTP transferase domain
GCF_000243415.2|NZ_KI912270.1_312	RGM	0	0.707	0.02		S	ABC transporter
GCF_001665535.1|NZ_LZSQ01000085.1_40	RGM	0	0.707	0.023		S	Antioxidant protein with alkyl hydroperoxidase activity. Required for the reduction of the AhpC active site cysteine residues and for the regeneration of the AhpC enzyme activity
GCF_002968285.2|NZ_CP134400.1_4337	RGM	0.015	0.704	0.064	sfnG	C	alkanesulfonate monooxygenase
GCF_010726645.1|NZ_AP022563.1_738	RGM	0	0.702	0.027	yfmO	EGP	Major facilitator superfamily
GCA_001665235.1|LZSC01000082.1_116	RGM	0.299	0.702	0.167		S	membrane
GCA_900637135.1|LR134353.1_1077	RGM	0	0.702	0.161		S	Belongs to the short-chain dehydrogenases reductases (SDR) family
GCF_022179545.1|NZ_AP025518.1_1174	RGM	0.142	0.699	0.127		S	conserved protein, contains double-stranded beta-helix domain
GCA_034520035.1|JAXHOA010000129.1_256	RGM	0	0.699	0.682	echA10_1	I	Enoyl-CoA hydratase
GCF_001500045.1|NZ_LQIX01000004.1_4	RGM	0.052	0.699	0.033		S	type I phosphodiesterase nucleotide pyrophosphatase
GCA_037141465.1|JBAXCK010000002.1_6	RGM	0.03	0.697	0.017		S	HAD-superfamily hydrolase, subfamily IA, variant 2 (HAD-like)
GCF_002592005.1|NZ_NVQF01000002.1_118	RGM	0.373	0.697	0.05		C	Belongs to the prokaryotic molybdopterin-containing oxidoreductase family
GCF_002086275.1|NZ_MVHT01000031.1_25	RGM	0.075	0.697	0.421		Q	MlaD protein
GCF_008329585.1|NZ_NPKP01000008.1_126	RGM	0.082	0.697	0.656	emrB	EGP	Major facilitator superfamily
GCF_001644575.1|NZ_CP015596.1_847	RGM	0.06	0.697	0.418		P	Sodium hydrogen exchanger
GCA_035506875.1|DATJOR010000171.1_7	RGM	0	0.694	0.615		S	Pyridoxamine 5-phosphate
GCF_000266905.1|NC_018027.1_2894	RGM	0	0.694	0.01		C	NADH dehydrogenase
GCF_001665575.1|NZ_LZSU01000022.1_128	RGM	0	0.694	0.682		IQ	COG0318 Acyl-CoA synthetases (AMP-forming) AMP-acid ligases II
GCF_008329605.1|NZ_NPKO01000006.1_100	RGM	0	0.694	0	upp	F	Catalyzes the conversion of uracil and 5-phospho-alpha- D-ribose 1-diphosphate (PRPP) to UMP and diphosphate
GCF_900566085.1|NZ_UPHT01000174.1_12	RGM	0.045	0.694	0.692		Q	Methyltransferase
GCF_008329645.1|NZ_CP043474.1_1575	RGM	0	0.694	0.04		S	dihydrodipicolinate reductase
GCF_008329645.1|NZ_CP043474.1_2017	RGM	0.007	0.692	0.05		S	esterase
GCF_010727475.1|NZ_AP022567.1_4211	RGM	0	0.692	0.037		S	Protein of unknown function (DUF3558)
GCF_029623955.1|NZ_JARSBP010000007.1_281	RGM	0	0.692	0	tctA	S	Tripartite tricarboxylate transporter TctA family
GCF_025215495.1|NZ_CP104302.1_3613	RGM	0	0.692	0.181	pntB	C	the transhydrogenation between NADH and NADP is coupled to respiration and ATP hydrolysis and functions as a proton pump across the membrane
spire_mag_01094475|k119_76198_17	RGM	0.119	0.689	0.181		GK	ROK family
GCF_027706845.1|NZ_JAQGCZ010000012.1_75	RGM	0	0.689	0.548
spire_mag_02300699|k119_290819_9	RGM	0	0.689	0		H	GTP cyclohydrolase N terminal
GCF_025822605.1|NZ_JACKTY010000018.1_138	RGM	0	0.689	0.164	pntA	C	NAD(P) transhydrogenase, alpha subunit
GCA_038244615.1|JBBRTH010000081.1_5	RGM	0.172	0.689	0		KT	response regulator
GCA_018268465.1|JAFDWN010000035.1_1	RGM	0.239	0.689	0.064		P	membrane protein TerC
GCF_001650495.1|NZ_LWCS01000032.1_17	RGM	0	0.689	0		H	Protein of unknown function (DUF1688)
GCF_002863225.1|NZ_PKEK01000015.1_5	RGM	0.261	0.686	0.13	blt	EGP	MFS/sugar transport protein
GCA_035633495.1|DASQEU010000004.1_15	RGM	0	0.684	0	map_3	E	Methionine aminopeptidase
GCF_001044235.1|NZ_JYNL01000069.1_637	RGM	0	0.684	0.03	yhfK	GM	NAD dependent epimerase dehydratase
GCF_900240945.1|NZ_OESG01000013.1_1448	RGM	0	0.684	0.599		P	Rieske 2Fe-2S
GCF_015710575.1|NZ_CP065373.1_1193	RGM	0	0.684	0.084		C	Belongs to the aldehyde dehydrogenase family
GCF_019050325.1|NZ_VOMB01000027.1_62	RGM	0	0.684	0.214		S	Uncharacterized protein conserved in bacteria (DUF2236)
GCF_000243415.2|NZ_KI912270.1_1146	RGM	0.448	0.684	0.023		Q	amine oxidase
GCF_001672975.1|NZ_LZKU01000129.1_21	RGM	0	0.681	0.625	fadE6_1	I	acyl-CoA dehydrogenase
GCF_022179545.1|NZ_AP025518.1_4507	RGM	0.149	0.681	0		S	Belongs to the sodium solute symporter (SSF) (TC 2.A.21) family
GCF_002086815.1|NZ_MVID01000031.1_32	RGM	0.075	0.681	0.642	mbtH	S	protein conserved in bacteria
GCF_900187065.1|NZ_LT906483.1_879	RGM	0	0.681	0.037		J	Protein of unknown function (DUF3558)
GCF_010729895.1|NZ_AP022612.1_2615	RGM	0.015	0.681	0	urtA	E	Periplasmic binding protein domain
GCA_035651275.1|DASRFZ010000097.1_28	RGM	0	0.681	0.291		M	synthase
GCA_025966225.1|JAOPVI010000060.1_14	RGM	0	0.681	0.02	nhaA	P	Na( ) H( ) antiporter that extrudes sodium in exchange for external protons
GCA_036263935.1|DATARY010000132.1_21	RGM	0.597	0.681	0.154	aqpZ	G	Belongs to the MIP aquaporin (TC 1.A.8) family
GCF_024320865.1|NZ_JANDBD010000019.1_46	RGM	0	0.681	0.154		T	Histidine kinase
GCF_041261665.1|NZ_JBGCCC010000009.1_122	RGM	0.03	0.681	0.127
GCF_022179545.1|NZ_AP025518.1_2111	RGM	0	0.681	0.371		S	subfamily IA, variant 3
GCF_002157835.1|NZ_CP020809.1_2031	RGM	0	0.679	0.033	vgb	V	Inactivates the type B streptogramin antibiotics by linearizing the lactone ring at the ester linkage, generating a free phenylglycine carboxylate and converting the threonyl moiety into 2-amino-butenoic acid
GCF_000620625.1|NZ_JIAW01000001.1_114	RGM	0.045	0.679	0.064		I	acyl-CoA dehydrogenase
GCF_900603025.1|NZ_LR026975.1_1856	RGM	0.179	0.679	0	speB	E	Belongs to the arginase family
GCF_030519285.1|NZ_JAUMSQ010000461.1_2	RGM	0.157	0.679	0		IQ	PFAM AMP-dependent synthetase and ligase
GCF_000317305.3|NC_023036.2_3430	RGM	0	0.679	0.452		S	CHAT domain
GCF_010727605.1|NZ_AP022568.1_5272	RGM	0	0.676	0.391		T	Antar domain
GCF_001954135.1|NZ_MBEQ01000085.1_5	RGM	0	0.676	0.02		K	aminotransferase, class I and II
GCF_000317305.3|NC_023036.2_1151	RGM	0.172	0.676	0.03		S	Protein of unknown function (DUF559)
GCA_019242135.1|JAFAWC010000202.1_3	RGM	0	0.676	0.398		K	Transcriptional regulator
GCF_900187065.1|NZ_LT906483.1_1742	RGM	0	0.676	0.181		KLT	serine threonine protein kinase
GCF_002553505.1|NZ_PDCP01000002.1_131	RGM	0.03	0.676	0.047
GCF_010728325.1|NZ_AP022570.1_2893	RGM	0.015	0.674	0	urtD	S	ABC transporter, ATP-binding protein
GCF_017312405.1|NZ_BLTG01000074.1_52	RGM	0.007	0.674	0.251		IQ	Dehydrogenase
spire_mag_00143021|k141_198435_16	RGM	0.015	0.674	0	urtB	U	Belongs to the binding-protein-dependent transport system permease family
GCF_010728155.1|NZ_AP022605.1_759	RGM	0.104	0.674	0.602		S	Catalyzes the formation of the isocyclic ring in chlorophyll biosynthesis. Mediates the cyclase reaction, which results in the formation of divinylprotochlorophyllide (Pchlide) characteristic of all chlorophylls from magnesium-protoporphyrin IX 13-monomethyl ester (MgPMME)
GCF_010727325.1|NZ_AP022565.1_2352	RGM	0	0.674	0		S	haloacid dehalogenase
GCF_963378095.1|NZ_OY726397.1_164	RGM	0	0.674	0.251		S	Alpha beta hydrolase
spire_mag_01776429|k141_222809_7	RGM	0.022	0.674	0.007	rosR	K	MarR family
spire_mag_01168129|k141_3002624_12	RGM	0	0.671	0.043		M	Peptidase family M23
GCF_000613245.1|NZ_HG964937.1_1552	RGM	0.045	0.671	0.151	pknF_3	KLT	serine threonine protein kinase
GCF_011745145.1|NZ_CP050191.1_1791	RGM	0.015	0.668	0	urtC	U	Belongs to the binding-protein-dependent transport system permease family
GCA_002967005.1|PPEA01000653.1_25	RGM	0	0.668	0.639		GM	PFAM NmrA-like family
GCA_034189785.1|JAXHUG010000015.1_1	RGM	0.03	0.668	0.274
GCA_036263935.1|DATARY010000051.1_17	RGM	0.007	0.668	0.532		IQ	Dehydrogenase
GCA_035642975.1|DASQRI010000574.1_1	RGM	0.007	0.668	0.542		E	Transglutaminase-like domain
GCF_010725885.1|NZ_AP022600.1_4263	RGM	0.015	0.668	0	urtE	E	ABC transporter, ATP-binding protein
GCA_016197405.1|JACPVR010000004.1_104	RGM	0.112	0.668	0.582		P	Flavoprotein involved in K transport
GCA_035552835.1|DASZKQ010000204.1_7	RGM	0.104	0.668	0.468		K	transcriptional
GCF_025821585.1|NZ_JACKSE010000327.1_163	RGM	0	0.666	0		K	LysR family
GCA_040509115.1|JBEVLO010000563.1_10	RGM	0	0.666	0.231		P	Siderophore-interacting protein
GCF_010728925.1|NZ_AP022608.1_5317	RGM	0.179	0.666	0		T	Histidine kinase
GCF_937941905.1|NZ_CALDGS010000128.1_5	RGM	0	0.663	0.047		M	Transglycosylase-like domain
GCF_002086115.1|NZ_MVHJ01000003.1_6	RGM	0	0.663	0	citS	T	Signal transduction histidine kinase regulating citrate malate metabolism
GCF_035515675.1|NZ_DATJBA010000127.1_21	RGM	0.075	0.663	0.421		S	PknH-like extracellular domain
GCF_032883035.1|NZ_JAMQTH010000023.1_9	RGM	0.075	0.663	0.609		K	belongs to the sigma-70 factor family, ECF subfamily
GCA_038244615.1|JBBRTH010000038.1_28	RGM	0	0.663	0.04		S	transglycosylase associated protein
GCF_001457595.1|NZ_LN831039.1_1352	RGM	0.007	0.663	0.308		C	[2Fe-2S] binding domain
GCF_010725885.1|NZ_AP022600.1_4739	RGM	0	0.663	0.01	iolTA	G	ABC transporter substrate-binding protein
GCA_022601275.1|JAHZIT010000029.1_7	RGM	0	0.661	0.01		MT	Membrane
GCA_032162385.1|JAVRPF010000499.1_2	RGM	0.418	0.661	0.077		S	Sulfatase-modifying factor enzyme 1
GCF_000559085.1|NZ_JALN02000001.1_2520	RGM	0	0.661	0		T	Universal stress protein
GCF_945957405.1|NZ_CAMFLL010000130.1_8	RGM	0.015	0.661	0.007		P	ATPases associated with a variety of cellular activities
GCF_003402475.1|NZ_BFAB01000026.1_18	RGM	0.112	0.661	0.615		S	Belongs to the short-chain dehydrogenases reductases (SDR) family
GCF_010728325.1|NZ_AP022570.1_4715	RGM	0.134	0.661	0.522		E	GDSL-like Lipase/Acylhydrolase family
GCA_035633495.1|DASQEU010000015.1_33	RGM	0	0.658	0.284		I	Belongs to the enoyl-CoA hydratase isomerase family
GCF_017312405.1|NZ_BLTG01000070.1_14	RGM	0	0.658	0.02	iolC	G	pfkB family carbohydrate kinase
GCA_025965895.1|JAOPWC010000139.1_46	RGM	0.06	0.658	0.003		E	amino acid
GCF_030295745.1|NZ_AP027291.1_955	RGM	0.343	0.658	0		S	amidohydrolase
GCA_037140245.1|JBAXEV010000047.1_12	RGM	0.022	0.658	0.054	codA	FJ	deaminase zinc-binding
GCA_030666145.1|DAOUYK010000004.1_14	RGM	0.142	0.658	0.358
GCA_036263935.1|DATARY010000012.1_5	RGM	0	0.658	0.01		G	deoxyribose-phosphate aldolase
GCA_034190095.1|JAXHTL010000274.1_2	RGM	0.119	0.658	0.344	eccE1	S	Putative type VII ESX secretion system translocon, EccE
GCF_021916785.1|NZ_JAKCFC010000001.1_287	RGM	0.515	0.658	0.054		U	amino acid peptide transporter
GCF_001044235.1|NZ_JYNL01000001.1_8	RGM	0	0.658	0.02		K	GntR family
GCF_000455325.1|NZ_HG322953.1_299	RGM	0.104	0.658	0.421		S	transglycosylase
GCF_008329645.1|NZ_CP043474.1_4687	RGM	0	0.656	0		C	Belongs to the iron ascorbate-dependent oxidoreductase family
GCF_937941905.1|NZ_CALDGS010000070.1_16	RGM	0	0.656	0.067		E	amino acid
GCA_001942045.1|MSTD01000002.1_203	RGM	0	0.656	0.649		Q	Isochorismatase family
GCF_000723385.1|NZ_HG964483.1_659	RGM	0	0.653	0		S	Tripartite tricarboxylate transporter family receptor
GCF_001187505.1|NZ_CP012150.1_4909	RGM	0.149	0.65	0.194
GCA_003165155.1|PLSK01000244.1_33	RGM	0	0.65	0.087		E	translation initiation factor activity
spire_mag_00709164|k119_164382_9	RGM	0.142	0.65	0.171		K	MarR family
GCF_035274705.1|NZ_DATENY010000013.1_92	RGM	0	0.65	0.498		S	Domain of unknown function (DUF427)
GCF_000613185.1|NZ_CCBB010000001.1_1193	RGM	0	0.65	0	citT	KT	transcriptional regulatory protein
GCF_001545925.1|NZ_LMVQ01000391.1_3	RGM	0	0.65	0.023	drrA_3	V	ABC-type multidrug transport system, ATPase component
GCF_017086405.1|NZ_CP070973.1_3660	RGM	0.052	0.65	0.645		Q	cytochrome p450
GCA_038244615.1|JBBRTH010000037.1_65	RGM	0.007	0.648	0.371		C	ferredoxin
GCA_038244615.1|JBBRTH010000028.1_16	RGM	0	0.648	0.007		G	PFAM Xylose
GCF_002250655.1|NZ_NOZR01000009.1_151	RGM	0	0.648	0.635		K	Transcriptional regulator
GCF_040674075.1|NZ_JBFARC010000008.1_212	RGM	0	0.648	0.084
spire_mag_00709104|k119_92708_40	RGM	0.463	0.648	0.017	cut4	M	Catalyzes the hydrolysis of cutin, a polyester that forms the structure of plant cuticle
GCA_040512325.1|JBEVFK010000022.1_23	RGM	0.007	0.648	0.465		S	Protein of unknown function (DUF1679)
GCF_025215495.1|NZ_CP104302.1_801	RGM	0.037	0.648	0.02		S	AI-2E family transporter
GCF_005222675.1|NZ_STGE01000029.1_65	RGM	0	0.648	0.023	iolB	G	KduI/IolB family
spire_mag_01197245|k141_22357_10	RGM	0.03	0.645	0.592		CE	FAD dependent oxidoreductase
GCA_003347205.1|QQBJ01000014.1_58	RGM	0	0.645	0.067		S	carbon monoxide dehydrogenase subunit G
GCA_031292695.1|JARLGS010000358.1_8	RGM	0.015	0.645	0.06		M	glycosyl transferase
GCA_040509115.1|JBEVLO010000144.1_5	RGM	0	0.645	0.02		S	ABC-type transport system involved in multi-copper enzyme maturation permease component
GCA_902826815.1|CADEGF010000042.1_34	RGM	0	0.645	0.254	xylB	G	Belongs to the FGGY kinase family
spire_mag_01100050|k141_4279517_10	RGM	0	0.643	0		S	Oxidoreductase family, NAD-binding Rossmann fold
GCF_041206865.1|NZ_JBGEDP010000001.1_1199	RGM	0.007	0.643	0.421		I	Dehydrogenase
GCF_002968335.2|NZ_CP134398.1_1975	RGM	0.239	0.643	0.054		E	Methionine synthase
GCF_020217485.1|NZ_JAEKMI010000035.1_10	RGM	0	0.643	0.027		I	Belongs to the enoyl-CoA hydratase isomerase family
GCA_035693385.1|DASSGQ010000352.1_10	RGM	0.007	0.64	0.324		C	F420H(2)-dependent quinone reductase
spire_mag_00186517|k141_134293_3	RGM	0.007	0.64	0.478		E	ArgK protein
GCF_001021385.1|NZ_CP011773.1_4756	RGM	0	0.64	0.164		C	4Fe-4S binding domain
GCA_032162385.1|JAVRPF010000216.1_5	RGM	0	0.64	0.027	iolD	E	Belongs to the TPP enzyme family
spire_mag_00825461|k141_364205_7	RGM	0	0.64	0		S	Metallo-beta-lactamase superfamily
GCA_016197365.1|JACPVS010000023.1_2	RGM	0	0.64	0.565		I	Enoyl-CoA hydratase
GCA_031292695.1|JARLGS010000817.1_10	RGM	0	0.64	0.124		P	PFAM Major facilitator superfamily
GCA_021648845.1|JAKJHY010000027.1_71	RGM	0	0.638	0.003		S	PFAM oxidoreductase
GCF_007096635.1|NZ_VKAA01000018.1_22	RGM	0.515	0.638	0.104		P	periplasmic solute binding protein
GCA_040509115.1|JBEVLO010000390.1_11	RGM	0	0.638	0.01	iolTB	G	Branched-chain amino acid transport system / permease component
GCF_000373905.1|NZ_KB892705.1_3667	RGM	0	0.638	0.441	bfrB	P	ferritin
GCA_025966225.1|JAOPVI010000226.1_16	RGM	0	0.638	0.104		S	SnoaL-like polyketide cyclase
GCA_032162865.1|JAVROG010000148.1_10	RGM	0	0.635	0.592	doxX	S	DoxX
GCF_900240945.1|NZ_OESG01000011.1_357	RGM	0.075	0.635	0.007		P	Sodium hydrogen exchanger
GCA_035345915.1|DAORDJ010000006.1_24	RGM	0.134	0.635	0		K	transcriptional
GCA_040509115.1|JBEVLO010000463.1_4	RGM	0	0.635	0.01	iolTC	G	ABC transporter, ATP-binding protein
GCF_019456655.1|NZ_CP080332.1_3620	RGM	0.007	0.635	0.391		E	Glyoxalase bleomycin resistance protein dioxygenase
GCF_036946495.1|NZ_JAQIIX010000002.1_1910	RGM	0.007	0.635	0.01		KQ	Transcriptional activator of acetoin glycerol metabolism
spire_mag_00490038|k141_357476_9	RGM	0.037	0.635	0.017	kgtP	EGP	MFS/sugar transport protein
spire_mag_01199727|k141_26709_2	RGM	0	0.635	0.007		K	lacI family
GCF_010731855.1|NZ_AP022620.1_2156	RGM	0	0.635	0.605		I	acyl-CoA dehydrogenase
spire_mag_02371253|k141_3496_8	RGM	0	0.632	0.017	iolG	S	Involved in the oxidation of myo-inositol (MI) to 2- keto-myo-inositol (2KMI or 2-inosose)
GCA_040511255.1|JBEVHL010000466.1_7	RGM	0	0.632	0.01		S	Mycothiol maleylpyruvate isomerase N-terminal domain
GCA_040511335.1|JBEVHG010000093.1_13	RGM	0.007	0.632	0.05		M	Fasciclin
GCF_025822245.1|NZ_JACKTL010000067.1_52	RGM	0.306	0.632	0.117	secE	U	Essential subunit of the Sec protein translocation channel SecYEG. Clamps together the 2 halves of SecY. May contact the channel plug during translocation
spire_mag_01188968|k141_14508_5	RGM	0	0.632	0.023		IQ	short-chain dehydrogenase
GCA_903862565.1|CAIOYU010000651.1_37	RGM	0.104	0.632	0.037		N	PPE family
GCF_000691525.1|NZ_JMDW01000009.1_156	RGM	0	0.63	0.05	bisC	C	Belongs to the prokaryotic molybdopterin-containing oxidoreductase family
GCF_041261665.1|NZ_JBGCCC010000002.1_126	RGM	0.037	0.63	0.508	mfpA	S	Pentapeptide repeat
spire_mag_01586464|k141_51526_12	RGM	0	0.63	0.037		P	PFAM Copper resistance
GCF_001428895.1|NZ_LMJA01000008.1_15	RGM	0.022	0.63	0.488		S	Aldo keto
GCA_032162105.1|JAVRPS010000705.1_11	RGM	0	0.63	0		KLT	PknH-like extracellular domain
GCF_900637195.1|NZ_LR134356.1_5377	RGM	0.082	0.627	0.007	sodN	S	Superoxide dismutase
GCF_010727605.1|NZ_AP022568.1_5266	RGM	0	0.627	0.03	nemA	C	PFAM NADH flavin oxidoreductase NADH oxidase
GCF_010726955.1|NZ_AP022603.1_3895	RGM	0	0.627	0.448	narK	P	Major Facilitator
GCF_008329535.1|NZ_NPKR01000004.1_207	RGM	0	0.627	0.087	esxU	S	Belongs to the WXG100 family
GCF_001984215.1|NZ_CP019420.1_5181	RGM	0	0.627	0		K	Helix-turn-helix XRE-family like proteins
GCF_002086455.1|NZ_MVHC01000024.1_19	RGM	0.007	0.627	0.582		L	DNA topoisomerase
GCF_001644575.1|NZ_CP015596.1_505	RGM	0.127	0.627	0.341	eccB1	S	ATP binding
GCA_032161985.1|JAVRPX010000730.1_10	RGM	0	0.625	0.01		S	stress protein (general stress protein 26)
GCF_011758805.1|NZ_JAANOW010000001.1_2420	RGM	0.351	0.625	0.03		K	GntR family
GCF_002101555.1|NZ_LQOL01000063.1_31	RGM	0	0.625	0.512		L	Endonuclease Exonuclease phosphatase
GCF_019456655.1|NZ_CP080332.1_3905	RGM	0	0.625	0		G	Belongs to the hyi family
GCF_002705925.1|NZ_NKRE01000199.1_8	RGM	0.015	0.625	0.064		P	Flavin-binding monooxygenase-like
GCA_902826815.1|CADEGF010000024.1_63	RGM	0.194	0.622	0.003		P	Oligopeptide/dipeptide transporter, C-terminal region
GCF_003614435.1|NZ_CP025546.1_146	RGM	0	0.622	0.478		Q	thioesterase
GCF_025823255.1|NZ_JACKVL010000017.1_606	RGM	0	0.622	0.391		P	flavoprotein involved in K transport
spire_mag_00709164|k119_134226_112	RGM	0.134	0.622	0.1	ltrA	S	Low temperature requirement
GCA_022601135.1|JAHZJB010000036.1_43	RGM	0	0.622	0.003	eccB	S	Type VII secretion
GCF_041261665.1|NZ_JBGCCC010000009.1_149	RGM	0	0.622	0.05		S	membrane protein domain
GCA_035279185.1|DATEIG010000446.1_11	RGM	0	0.622	0.04
GCF_025823105.1|NZ_JACKVC010000019.1_231	RGM	0.396	0.62	0.064		L	DNA gyrase topoisomerase IV, subunit A
GCF_001907675.1|NZ_MPNT01000016.1_71	RGM	0	0.62	0.468		CH	D-isomer specific 2-hydroxyacid dehydrogenase
GCF_011758805.1|NZ_JAANOW010000002.1_978	RGM	0.47	0.617	0.067		L	DNA topoisomerase
GCA_035552835.1|DASZKQ010000530.1_5	RGM	0	0.617	0.187	poxB	EH	Belongs to the TPP enzyme family
GCF_035649695.1|NZ_DASRJA010000006.1_6	RGM	0	0.617	0		K	DinB superfamily
GCF_025215495.1|NZ_CP104302.1_2456	RGM	0	0.617	0		Q	Phytanoyl-CoA dioxygenase
GCF_025821625.1|NZ_JACKSH010000046.1_49	RGM	0.604	0.617	0.013
GCF_017312405.1|NZ_BLTG01000030.1_98	RGM	0.045	0.614	0.043		L	nuclease
GCF_041287115.1|NZ_JBGGKT010000006.1_2	RGM	0	0.614	0.07		IQ	PFAM AMP-dependent synthetase
GCF_001665575.1|NZ_LZSU01000015.1_20	RGM	0.045	0.614	0.064	sdaA	E	L-serine dehydratase
GCF_008329605.1|NZ_NPKO01000009.1_22	RGM	0	0.614	0		Q	Methyltransferase
GCA_964195655.1|CAXMSM010000357.1_4	RGM	0.045	0.614	0.321	mycP	O	Peptidase S8
GCA_900637135.1|LR134353.1_341	RGM	0.022	0.614	0.251		S	zinc finger
GCF_006439015.1|NZ_RCZG01000005.1_107	RGM	0.149	0.612	0.037		F	Belongs to the purine-cytosine permease (2.A.39) family
GCF_022557175.1|NZ_CP092915.1_4350	RGM	0.007	0.612	0.03		K	tetR family
GCF_016462545.1|NZ_JAEMTA010000079.1_5	RGM	0	0.612	0.01
GCF_001667865.1|NZ_LZJP01000126.1_52	RGM	0	0.612	0.281		K	regulatory protein TetR
GCF_030486405.1|NZ_CP129613.1_5145	RGM	0	0.612	0.421		S	Mycobacterium 19 kDa lipoprotein antigen
GCF_004014805.1|NZ_ATDN01000011.1_43	RGM	0.403	0.612	0.04	mspA	S	PFAM MspA
GCA_000230935.2|AGIQ01000012.1_52	RGM	0	0.609	0		V	efflux transmembrane transporter activity
GCF_000613185.1|NZ_CCBB010000003.1_1662	RGM	0	0.609	0		S	FtsX-like permease family
GCF_040614235.1|NZ_JBEXUA010000001.1_477	RGM	0	0.609	0		V	ABC transporter
GCF_016462545.1|NZ_JAEMTA010000004.1_133	RGM	0.007	0.607	0.505	lipW	I	Alpha beta hydrolase
GCA_032161985.1|JAVRPX010000355.1_5	RGM	0.03	0.607	0.579	chaB	S	ChaB
GCF_002086485.1|NZ_MVHF01000006.1_216	RGM	0	0.607	0.348		K	Regulatory
GCF_900187065.1|NZ_LT906483.1_828	RGM	0	0.607	0.003		EGP	Major Facilitator
GCF_001667035.1|NZ_LZIR01000096.1_60	RGM	0	0.607	0.375		S	Metallo-beta-lactamase superfamily
GCA_018268465.1|JAFDWN010000051.1_110	RGM	0	0.607	0.425	purT	F	Involved in the de novo purine biosynthesis. Catalyzes the transfer of formate to 5-phospho-ribosyl-glycinamide (GAR), producing 5-phospho-ribosyl-N-formylglycinamide (FGAR). Formate is provided by PurU via hydrolysis of 10-formyl-tetrahydrofolate
spire_mag_02374732|k141_291671_5	RGM	0.03	0.607	0		J	Belongs to the amidase family
GCF_026240945.1|NZ_JAPFPY010000001.1_526	RGM	0.06	0.607	0.502		H	Tellurite resistance protein TehB
GCF_963378085.1|NZ_OY726395.1_2100	RGM	0.007	0.607	0	cysZ	S	membrane transporter protein
spire_mag_00975328|k119_113367_9	RGM	0	0.607	0.017	araJ	EGP	Major Facilitator Superfamily
GCA_035625875.1|DASPOT010000045.1_4	RGM	0.015	0.604	0.084		I	AMP-dependent synthetase
GCA_025965815.1|JAOPWF010000172.1_2	RGM	0	0.604	0	tynA	Q	amine oxidase
spire_mag_01198798|k141_40628_9	RGM	0.03	0.604	0.027		E	amino acid aldolase or racemase
GCA_001665235.1|LZSC01000053.1_124	RGM	0	0.604	0.154		I	Alpha beta hydrolase
GCA_023415515.1|JAEZKH010000006.1_6	RGM	0.067	0.604	0.301	whiB7	K	Acts as a transcriptional regulator. Probably redox- responsive. The apo- but not holo-form probably binds DNA
GCF_003855255.1|NZ_CP034072.1_207	RGM	0	0.604	0.027		C	Dehydrogenase
GCF_008329565.1|NZ_NPKT01000024.1_68	RGM	0	0.604	0.207		C	F420-dependent oxidoreductase, MSMEG_2906 family
GCF_035314905.1|NZ_DATFYW010000166.1_24	RGM	0	0.602	0.498		C	F420-dependent oxidoreductase, MSMEG_3544 family
GCA_035492865.1|DATJIX010000200.1_9	RGM	0.007	0.602	0.09		I	Secretory lipase
GCF_036490025.1|NZ_DASXEP010000021.1_8	RGM	0.052	0.602	0.288	rbfA	J	One of several proteins that assist in the late maturation steps of the functional core of the 30S ribosomal subunit. Associates with free 30S ribosomal subunits (but not with 30S subunits that are part of 70S ribosomes or polysomes). Required for efficient processing of 16S rRNA. May interact with the 5'-terminal helix region of 16S rRNA
GCA_031292695.1|JARLGS010000992.1_8	RGM	0	0.602	0.512
GCF_003614435.1|NZ_CP025546.1_1564	RGM	0	0.602	0.184		Q	SnoaL-like domain
spire_mag_00825461|k141_127893_45	RGM	0	0.602	0.037		L	Binds to DNA and alters its conformation. May be involved in regulation of gene expression, nucleoid organization and DNA protection
GCA_040752555.1|JBFMGT010000007.1_193	RGM	0.097	0.602	0.147		K	PFAM Penicillinase repressor
GCA_032159565.1|JAVHWR010000110.1_28	RGM	0.216	0.599	0.074		K	Transcriptional regulator
GCF_010731895.1|NZ_AP022596.1_5747	RGM	0	0.599	0.027		K	transcriptional
GCF_016313185.1|NZ_CP066218.1_424	RGM	0	0.596	0.033	iciA	K	Transcriptional regulator
GCA_025965895.1|JAOPWC010000114.1_1	RGM	0	0.596	0.522	MA20_01595	S	Bacterial protein of unknown function (DUF899)
GCF_013404075.1|NZ_JACBJQ010000057.1_19	RGM	0	0.596	0.361		P	Flavoprotein involved in K transport
GCF_002101705.1|NZ_LQPC01000047.1_39	RGM	0	0.596	0		E	amino acid
GCF_032883035.1|NZ_JAMQTH010000001.1_465	RGM	0	0.594	0.194
GCA_040511255.1|JBEVHL010000255.1_5	RGM	0	0.594	0		S	Region found in RelA / SpoT proteins
GCF_011620645.1|NZ_WOYS01000118.1_57	RGM	0.172	0.594	0.003	arcA	E	Arginine deiminase
GCF_014202335.1|NZ_JACHGP010000027.1_67	RGM	0.224	0.591	0		S	Bacterial protein of unknown function (DUF839)
spire_mag_01188968|k141_1950_4	RGM	0.269	0.591	0.017		T	PFAM response regulator receiver
GCF_010731715.1|NZ_AP022587.1_4628	RGM	0	0.591	0.562		I	Alpha beta hydrolase
GCF_900454025.1|NZ_UGQM01000001.1_5384	RGM	0.134	0.591	0		P	Transporter
spire_mag_00143021|k141_176328_9	RGM	0	0.591	0		T	Belongs to the universal stress protein A family
GCF_900240945.1|NZ_OESG01000014.1_848	RGM	0	0.591	0.094		S	PFAM Cupin
spire_mag_02374219|k141_100633_12	RGM	0	0.591	0.11		IQ	short-chain dehydrogenase reductase
GCA_032162105.1|JAVRPS010000383.1_11	RGM	0	0.589	0.02		S	Activator of Hsp90 ATPase homolog 1-like
GCF_025215495.1|NZ_CP104302.1_2927	RGM	0	0.589	0.02
GCA_036272035.1|DATAZN010000248.1_1	RGM	0	0.589	0.271
spire_mag_02598702|k141_170048_3	RGM	0	0.589	0.348		C	Oxidoreductase
GCF_017312405.1|NZ_BLTG01000119.1_4	RGM	0.007	0.589	0.114	lipU	I	Alpha beta hydrolase
GCF_001500065.1|NZ_LQIN01000001.1_133	RGM	0.127	0.586	0.027	efeO	P	periplasmic lipoprotein involved in iron transport
GCF_004745805.1|NZ_SRLQ01000004.1_230	RGM	0	0.586	0	hmp	C	Belongs to the globin family
GCF_024320865.1|NZ_JANDBD010000010.1_27	RGM	0	0.586	0.043
GCA_035634855.1|DASQCE010000542.1_8	RGM	0	0.586	0.007		S	Domain of Unknown Function (DUF1206)
spire_mag_02293027|k119_1174895_15	RGM	0	0.586	0.037		V	ABC-type multidrug transport system, ATPase and permease
GCF_004745805.1|NZ_SRLQ01000018.1_53	RGM	0	0.584	0.365	ogt	L	Involved in the cellular defense against the biological effects of O6-methylguanine (O6-MeG) and O4-methylthymine (O4-MeT) in DNA. Repairs the methylated nucleobase in DNA by stoichiometrically transferring the methyl group to a cysteine residue in the enzyme. This is a suicide reaction the enzyme is irreversibly inactivated
spire_mag_02683911|k141_337520_16	RGM	0.03	0.584	0.311	acnR	K	Transcriptional regulator
GCF_035570115.1|NZ_DATMLH010000134.1_18	RGM	0	0.584	0.14		K	GntR family
GCF_002086515.1|NZ_MVHH01000019.1_58	RGM	0	0.584	0.171		K	Transcriptional regulator
GCF_010731295.1|NZ_AP022579.1_6195	RGM	0	0.584	0.104
GCF_033741175.1|NZ_JAWQNE010000020.1_68	RGM	0.052	0.584	0.298	mshB	S	Catalyzes the deacetylation of 1D-myo-inositol 2- acetamido-2-deoxy-alpha-D-glucopyranoside (GlcNAc-Ins) in the mycothiol biosynthesis pathway
spire_mag_01619766|k141_316630_4	RGM	0.5	0.581	0.017		S	MspA protein
GCA_036390735.1|DASWBF010000339.1_7	RGM	0	0.581	0.057		S	Phospholipase_D-nuclease N-terminal
GCA_038244615.1|JBBRTH010000048.1_30	RGM	0.164	0.581	0.01		P	Extracellular solute-binding protein
GCF_013337765.1|NZ_VBSB01000010.1_640	RGM	0	0.581	0.117		Q	cytochrome p450
GCA_019236925.1|JAFAID010000082.1_8	RGM	0	0.581	0.572		S	polyketide cyclase
GCF_937941905.1|NZ_CALDGS010000119.1_3	RGM	0	0.581	0.171		N	PPE family
GCF_014190915.1|NZ_JACHVU010000008.1_214	RGM	0	0.581	0.013	pucI	FH	cytosine purines, uracil, thiamine, allantoin
GCF_963378095.1|NZ_OY726397.1_2878	RGM	0	0.581	0.047	copB	P	E1-E2 ATPase
spire_mag_00691761|k141_52505_1	RGM	0.097	0.581	0.02		S	integral membrane protein
GCA_023416315.1|JAEZIA010000001.1_15	RGM	0.007	0.578	0
GCF_019050325.1|NZ_VOMB01000010.1_188	RGM	0.03	0.578	0.348	sigL	K	Belongs to the sigma-70 factor family. ECF subfamily
GCA_021648845.1|JAKJHY010000017.1_74	RGM	0	0.578	0.114		K	GntR family
GCA_025821245.1|JACKRO010000311.1_2	RGM	0.254	0.578	0		E	amino acid
GCF_010725485.1|NZ_AP022598.1_3910	RGM	0	0.578	0.221
GCA_032162605.1|JAVROT010000246.1_17	RGM	0.104	0.578	0.003	tauA	P	PFAM Substrate-binding region of ABC-type glycine betaine transport system
GCA_035345915.1|DAORDJ010000139.1_2	RGM	0	0.578	0.09		C	PFAM luciferase family protein
GCF_026242035.1|NZ_JAPJDN010000077.1_4	RGM	0.007	0.578	0.01		E	PFAM Alcohol dehydrogenase, zinc-binding domain protein
GCA_035716165.1|DASTKA010000469.1_6	RGM	0	0.578	0.485	morD	P	COG4548 Nitric oxide reductase activation protein
GCF_002086815.1|NZ_MVID01000014.1_92	RGM	0.09	0.578	0.003	tauB	P	ABC transporter
GCF_025821625.1|NZ_JACKSH010000025.1_11	RGM	0	0.578	0	nsrR	K	Transcriptional regulator
GCF_009729415.1|NZ_MPKW01000018.1_277	RGM	0.172	0.576	0.067	prr_2	C	Belongs to the aldehyde dehydrogenase family
GCF_025822985.1|NZ_JACKUW010000019.1_10	RGM	0.015	0.576	0.351		IQ	Converts medium- to long-chain aliphatic fatty acids into acyl adenylate
GCF_001499905.1|NZ_LQIS01000053.1_175	RGM	0.067	0.576	0.154		S	Protein of unknown function (DUF3710)
GCF_008329645.1|NZ_CP043474.1_3079	RGM	0.03	0.576	0.324	lpqA	S	PknH-like extracellular domain
GCF_900454025.1|NZ_UGQM01000001.1_1040	RGM	0.007	0.573	0.13		O	Pyridine nucleotide-disulphide oxidoreductase
GCF_000613185.1|NZ_CCBB010000001.1_185	RGM	0	0.573	0.221		P	Dyp-type peroxidase family
GCF_010726955.1|NZ_AP022603.1_3387	RGM	0	0.573	0.11		P	flavoprotein involved in K transport
GCA_003347205.1|QQBJ01000029.1_55	RGM	0.149	0.573	0.01	fbpB	P	binding-protein-dependent transport systems inner membrane component
GCF_004014805.1|NZ_ATDN01000089.1_151	RGM	0	0.573	0.017
GCF_900108565.1|NZ_LT629971.1_4887	RGM	0.03	0.573	0.124		K	Transcriptional regulator
GCF_022370755.2|NZ_CP092364.2_4771	RGM	0	0.571	0.023		C	Divergent 4Fe-4S mono-cluster
GCF_002592005.1|NZ_NVQF01000039.1_38	RGM	0.134	0.571	0.033	efeN	P	Dyp-type peroxidase family
GCF_000526915.1|NZ_JAGZ01000001.1_779	RGM	0.007	0.571	0.161		K	tetR family
GCF_945957405.1|NZ_CAMFLL010000126.1_11	RGM	0.007	0.571	0.054		S	Cysteine-rich secretory protein family
GCF_001665875.1|NZ_LZTA01000049.1_63	RGM	0	0.568	0.545		I	Belongs to the long-chain O-acyltransferase family
GCF_001942625.1|NZ_MLCL01000062.1_132	RGM	0.194	0.568	0.047		P	Iron permease FTR1
GCF_011745145.1|NZ_CP050191.1_723	RGM	0	0.568	0		Q	Methyltransferase
GCF_010725485.1|NZ_AP022598.1_5316	RGM	0	0.568	0.114		L	DNA primase
GCF_029893345.1|NZ_JARXVE010000007.1_311	RGM	0.463	0.568	0.033		S	PFAM Nuclear transport factor 2
GCF_010729485.1|NZ_AP022609.1_1478	RGM	0	0.568	0.247		H	RibD C-terminal domain
GCF_002086275.1|NZ_MVHT01000110.1_1	RGM	0	0.568	0.441		S	Tetratricopeptide repeat
GCA_040704635.1|JBEZJS010000009.1_139	RGM	0	0.566	0.017	nnrE	L	DNA glycosylase
GCF_002723835.1|NZ_BEWG01000104.1_16	RGM	0.03	0.566	0.013		S	Predicted membrane protein (DUF2207)
GCF_001428895.1|NZ_LMJA01000001.1_538	RGM	0	0.566	0.06		IQ	COG0318 Acyl-CoA synthetases (AMP-forming) AMP-acid ligases II
GCF_010728325.1|NZ_AP022570.1_5032	RGM	0	0.566	0.013		S	beta-keto acid cleavage enzyme
GCA_040752555.1|JBFMGT010000005.1_154	RGM	0	0.566	0.565		K	TfoX N-terminal domain
GCF_010726245.1|NZ_AP022561.1_1412	RGM	0	0.566	0.241		S	Aminoglycoside phosphotransferase
GCF_025823255.1|NZ_JACKVL010000002.1_101	RGM	0	0.566	0.552		K	Transcriptional regulator
spire_mag_00490038|k141_4552055_72	RGM	0.007	0.563	0.087		C	Belongs to the prokaryotic molybdopterin-containing oxidoreductase family
GCF_029892685.1|NZ_JARXVD010000001.1_517	RGM	0.022	0.563	0.017		S	membrane
GCF_022370755.2|NZ_CP092364.2_1701	RGM	0.007	0.563	0.365		S	DUF1338
GCA_025966225.1|JAOPVI010000377.1_3	RGM	0.007	0.563	0		T	Histidine kinase
GCF_019456655.1|NZ_CP080332.1_1711	RGM	0	0.563	0.05	ytnP_1	S	Metallo-beta-lactamase superfamily
GCF_019645835.1|NZ_CP080998.1_1384	RGM	0	0.563	0.475		S	AAA domain (dynein-related subfamily)
spire_mag_02300699|k119_82749_4	RGM	0.015	0.56	0.01		F	Belongs to the purine-cytosine permease (2.A.39) family
GCA_025965815.1|JAOPWF010000823.1_3	RGM	0.007	0.56	0.033
GCF_003284975.1|NZ_QMEU01000034.1_22	RGM	0	0.56	0.472	far	C	carnitine dehydratase
GCF_001667665.1|NZ_LZJM01000266.1_9	RGM	0	0.56	0.01		K	UTRA
GCF_025822985.1|NZ_JACKUW010000007.1_1768	RGM	0.045	0.56	0.157		G	Cupin
GCF_964000695.1|NZ_CAXEZH010000356.1_12	RGM	0	0.56	0.465
GCA_900078775.1|LT549889.1_4497	RGM	0	0.56	0.114		K	luxR family
GCF_033741125.1|NZ_JAWQPU010000003.1_300	RGM	0	0.56	0.01		GK	ROK family
GCF_035515675.1|NZ_DATJBA010000299.1_11	RGM	0	0.558	0.033		E	GDSL-like Lipase/Acylhydrolase
GCF_016462945.1|NZ_JAEMSG010000040.1_9	RGM	0.328	0.555	0		S	Protein of unknown function (DUF861)
GCF_900187065.1|NZ_LT906483.1_317	RGM	0	0.555	0	eccE3	S	Putative type VII ESX secretion system translocon, EccE
GCF_900603025.1|NZ_LR026975.1_4352	RGM	0	0.555	0		H	Involved in chlorophyll biosynthesis. Catalyzes the insertion of magnesium ion into protoporphyrin IX to yield Mg- protoporphyrin IX
GCF_002101785.1|NZ_LQPJ01000136.1_8	RGM	0	0.555	0.351		EGP	Major facilitator superfamily
GCA_035279185.1|DATEIG010000181.1_1	RGM	0.037	0.555	0.151		P	Sodium hydrogen exchanger
GCA_036558625.1|DATBFF010000029.1_4	RGM	0.007	0.553	0.268		S	Domain of unknown function (DUF309)
GCA_025963385.1|JAOPUT010000077.1_105	RGM	0	0.553	0.013		S	PFAM thioesterase superfamily
GCA_035633495.1|DASQEU010000180.1_49	RGM	0	0.553	0.003		C	acetyl-CoA hydrolase
GCA_029256565.1|JAQSXQ010000366.1_3	RGM	0.052	0.553	0	tcyA/tcyB	P	acid ABC transporter
GCF_025822985.1|NZ_JACKUW010000019.1_40	RGM	0	0.553	0.224		K	Transcriptional regulator
GCF_010731895.1|NZ_AP022596.1_2779	RGM	0	0.553	0		Q	Dehydratase large subunit
GCF_000455125.1|NZ_AUWR01000026.1_11	RGM	0	0.553	0.502	tfdA	Q	taurine catabolism dioxygenase
GCF_002592005.1|NZ_NVQF01000008.1_16	RGM	0	0.55	0.023		S	Alpha/beta hydrolase
GCF_022348085.1|NZ_JAKRFN010000001.1_519	RGM	0	0.55	0.281		GM	epimerase dehydratase
GCF_025263565.1|NZ_CP079865.1_5822	RGM	0	0.55	0.492		IQ	Dehydrogenase
GCF_035274705.1|NZ_DATENY010000027.1_3	RGM	0.007	0.548	0.271		IQ	Short-chain dehydrogenase reductase sdr
GCF_014218295.1|NZ_AP023287.1_2458	RGM	0	0.548	0.047	gnuT	EG	gluconate transporter
GCF_001907675.1|NZ_MPNT01000003.1_131	RGM	0	0.548	0.421		C	nitroreductase
GCF_002101775.1|NZ_LQPI01000031.1_54	RGM	0.015	0.548	0.033		K	Transcriptional regulator
GCF_010728325.1|NZ_AP022570.1_2573	RGM	0	0.548	0.027		G	deacetylase
GCF_000328565.1|NC_019966.1_4245	RGM	0.44	0.548	0.03		S	MspA
GCF_006864685.1|NZ_VIFX01000025.1_57	RGM	0.015	0.548	0		S	Aminoglycoside phosphotransferase
GCF_005670685.2|NZ_CP062008.1_2907	RGM	0	0.548	0.528	yfkM	S	Intracellular protease, PfpI family
spire_mag_00825292|k141_1905043_4	RGM	0	0.548	0.127		S	polyketide cyclase
GCF_002105755.1|NZ_CP020821.1_1171	RGM	0	0.545	0.301	mbtN	I	oxidoreductase activity, acting on the CH-CH group of donors
GCF_002102185.1|NZ_LQOW01000024.1_255	RGM	0	0.545	0.114		Q	protein conserved in bacteria
GCF_024320865.1|NZ_JANDBD010000004.1_612	RGM	0	0.545	0.013		C	Dehydrogenase E1 component
GCF_010730955.1|NZ_AP022577.1_4219	RGM	0	0.545	0.027		K	Belongs to the sigma-70 factor family
GCF_000317305.3|NC_023036.2_1852	RGM	0	0.545	0.144		S	Domain of unknown function (DUF1989)
GCF_002101965.1|NZ_LQQA01000004.1_239	RGM	0	0.542	0.013		S	Bacterial protein of unknown function (DUF885)
GCF_029893345.1|NZ_JARXVE010000006.1_56	RGM	0	0.542	0.221
GCF_000612725.1|NZ_HG964450.1_374	RGM	0.007	0.542	0.144		I	Alpha beta hydrolase
GCF_016313185.1|NZ_CP066218.1_4480	RGM	0	0.542	0		K	Putative zinc-finger
GCA_035642975.1|DASQRI010000299.1_3	RGM	0.007	0.542	0.321		Q	cytochrome p450
GCF_000559085.1|NZ_JALN02000001.1_4200	RGM	0.06	0.542	0.013		Q	Hydrolase
GCA_030666145.1|DAOUYK010000050.1_7	RGM	0.015	0.54	0
GCF_001545925.1|NZ_LMVQ01000289.1_2	RGM	0	0.54	0.264		Q	protein, possibly involved in aromatic compounds catabolism
GCF_026240945.1|NZ_JAPFPY010000009.1_170	RGM	0.097	0.54	0.027		D	involved in chromosome partitioning
GCF_017086405.1|NZ_CP070973.1_105	RGM	0	0.54	0.117	amiC_2	J	Belongs to the amidase family
GCF_000328565.1|NC_019966.1_4740	RGM	0.022	0.54	0.197	focA	P	Formate nitrite
GCF_025821585.1|NZ_JACKSE010000380.1_122	RGM	0	0.54	0.391		S	PFAM pyridoxamine 5'-phosphate
GCA_964195655.1|CAXMSM010000458.1_3	RGM	0.097	0.54	0.017		C	Cysteine-rich domain
GCF_015710575.1|NZ_CP065373.1_929	RGM	0	0.54	0.298		K	Transcriptional regulator
GCF_000613185.1|NZ_CCBB010000002.1_528	RGM	0	0.54	0.164
GCF_029893345.1|NZ_JARXVE010000002.1_91	RGM	0	0.537	0.207		I	Enoyl-CoA hydratase
GCF_002101555.1|NZ_LQOL01000056.1_55	RGM	0	0.537	0.01		E	PFAM peptidase S9 prolyl oligopeptidase active site domain protein
GCF_000455205.1|NZ_AUWQ01000022.1_66	RGM	0	0.537	0.268		C	Belongs to the aldehyde dehydrogenase family
GCF_035274705.1|NZ_DATENY010000048.1_20	RGM	0	0.537	0.518		S	Belongs to the UPF0337 (CsbD) family
GCF_001665625.1|NZ_LZSY01000153.1_3	RGM	0	0.537	0.03		IQ	Short-chain dehydrogenase reductase sdr
GCF_032117575.1|NZ_JAULZA010000023.1_22	RGM	0.007	0.537	0.194		T	Stage II sporulation protein E
GCF_025822865.1|NZ_JACKUR010000038.1_3	RGM	0.007	0.537	0.261		S	Amidohydrolase
GCF_002592005.1|NZ_NVQF01000165.1_5	RGM	0	0.537	0	prmC_2	J	methyltransferase small
GCF_001673315.1|NZ_LZLQ01000058.1_38	RGM	0	0.535	0.087		K	nitroreductase
GCF_025263565.1|NZ_CP079865.1_3434	RGM	0	0.535	0.532		IQ	Short-chain dehydrogenase reductase sdr
spire_mag_01244826|k119_589182_24	RGM	0.015	0.535	0.003		K	helix_turn_helix, Lux Regulon
GCF_017312405.1|NZ_BLTG01000025.1_7	RGM	0	0.532	0.177		O	Zn-finger in ubiquitin-hydrolases and other protein
GCF_025263265.1|NZ_CP079869.1_5257	RGM	0	0.532	0.07		S	YaeQ
GCA_035253445.1|DATFCF010000609.1_3	RGM	0	0.532	0.234		IQ	short-chain dehydrogenase
spire_mag_00143021|k141_224724_5	RGM	0.007	0.532	0		S	2-nitropropane dioxygenase
GCF_000612725.1|NZ_HG964450.1_632	RGM	0	0.532	0.02		S	Activator of Hsp90 ATPase
GCF_001545925.1|NZ_LMVQ01000218.1_3	RGM	0	0.532	0
GCF_025263565.1|NZ_CP079865.1_4090	RGM	0	0.53	0.003		G	polysaccharide deacetylase
spire_mag_00709371|k119_242736_6	RGM	0.015	0.53	0		K	GntR family
GCF_025822245.1|NZ_JACKTL010000036.1_84	RGM	0	0.53	0.02		G	Major facilitator superfamily
GCF_900187065.1|NZ_LT906483.1_3066	RGM	0	0.527	0.12		S	NADPH-dependent FMN reductase
GCF_017352375.1|NZ_JAFEVR010000017.1_3	RGM	0.007	0.527	0.003	butA	IQ	Belongs to the short-chain dehydrogenases reductases (SDR) family
GCA_018268465.1|JAFDWN010000033.1_216	RGM	0.037	0.527	0		S	Conserved protein containing a Zn-ribbon-like motif, possibly RNA-binding
GCA_032162105.1|JAVRPS010000192.1_8	RGM	0.015	0.527	0.291		S	Protein conserved in bacteria
GCA_023415515.1|JAEZKH010000386.1_12	RGM	0	0.527	0.157		S	KR domain
GCF_963378085.1|NZ_OY726395.1_2511	RGM	0.097	0.527	0.017		C	Domain of unknown function (DUF3390)
GCF_001650495.1|NZ_LWCS01000018.1_46	RGM	0	0.524	0		S	CYTH
GCF_016462545.1|NZ_JAEMTA010000048.1_38	RGM	0	0.524	0.144		IQ	Dehydrogenase
GCA_035279185.1|DATEIG010000238.1_2	RGM	0	0.524	0.054		S	Belongs to the short-chain dehydrogenases reductases (SDR) family
spire_mag_01188968|k141_14524_11	RGM	0	0.522	0.137	mbtF	Q	Peptide synthetase
GCF_001667075.1|NZ_LZIL01000066.1_150	RGM	0	0.522	0.174		C	COG2141 Coenzyme F420-dependent N5,N10-methylene tetrahydromethanopterin reductase and related flavin-dependent oxidoreductases
GCF_025965975.1|NZ_JAOPVX010000033.1_29	RGM	0	0.522	0.013	iolE	G	Xylose isomerase-like TIM barrel
spire_mag_01188968|k141_18334_5	RGM	0	0.522	0
GCF_900232995.1|NZ_OCVX01000003.1_1022	RGM	0	0.519	0.375		I	Acyltransferase family
GCF_014202335.1|NZ_JACHGP010000016.1_184	RGM	0	0.519	0	hbhA	S	Required for extrapulmonary dissemination. mediates adherence to epithelial cells by binding to sulfated glycoconjugates present at the surface of these cells
GCF_002086115.1|NZ_MVHJ01000043.1_13	RGM	0	0.519	0.338		I	acyl-CoA dehydrogenase
GCF_010731795.1|NZ_AP022591.1_2207	RGM	0.007	0.517	0.268	fabG_4	IQ	PFAM Short-chain dehydrogenase reductase SDR
GCF_900637205.1|NZ_LR134355.1_2411	RGM	0.112	0.517	0		EGP	Major facilitator superfamily
GCF_019247635.1|NZ_JAFBAR010000009.1_48	RGM	0	0.517	0.478		P	PFAM Rieske 2Fe-2S domain
GCA_032162105.1|JAVRPS010000723.1_22	RGM	0	0.517	0.003		S	membrane
GCF_003284975.1|NZ_QMEU01000002.1_110	RGM	0	0.517	0.448		GM	epimerase dehydratase
spire_mag_01203432|k141_205360_7	RGM	0	0.517	0.003
GCF_019050325.1|NZ_VOMB01000010.1_210	RGM	0	0.517	0		EQ	PFAM peptidase S58, DmpA
GCA_025963385.1|JAOPUT010000041.1_16	RGM	0	0.517	0.027		S	YCII-related domain
GCF_001673575.1|NZ_LZME01000068.1_55	RGM	0	0.517	0.197	eutC	E	Belongs to the EutC family
GCA_035569455.1|DATMMZ010000183.1_14	RGM	0	0.517	0.502		K	Transcriptional regulator
GCF_963378105.1|NZ_OY726398.1_1534	RGM	0	0.514	0.204	eutB	E	Ethanolamine ammonia-lyase large subunit
GCF_001187505.1|NZ_CP012150.1_4863	RGM	0	0.514	0.074	tetR	K	Transcriptional regulator
GCF_001672815.1|NZ_LZKK01000177.1_18	RGM	0.007	0.514	0.308		Q	cytochrome P450
GCF_030519285.1|NZ_JAUMSQ010000430.1_4	RGM	0	0.514	0.207		K	Catalyzes an amino-pyrimidine hydrolysis reaction at the C5' of the pyrimidine moiety of thiamine compounds, a reaction that is part of a thiamine salvage pathway
GCA_964195655.1|CAXMSM010000013.1_3	RGM	0	0.514	0.037		S	acetyltransferase
GCA_032162325.1|JAVRPG010000918.1_6	RGM	0	0.514	0.087
GCA_035253445.1|DATFCF010000127.1_10	RGM	0	0.514	0.047		S	PFAM Carboxymuconolactone decarboxylase
GCF_003254575.1|NZ_QJUA01000046.1_22	RGM	0	0.514	0.07		S	GXWXG protein
spire_mag_02370601|k141_164296_7	RGM	0	0.514	0.492		S	Belongs to the short-chain dehydrogenases reductases (SDR) family
GCA_034190095.1|JAXHTL010000013.1_49	RGM	0	0.514	0.094	cut2	M	Catalyzes the hydrolysis of cutin, a polyester that forms the structure of plant cuticle
GCF_008370645.1|NZ_VTZN01000162.1_1	RGM	0	0.512	0.418		S	Glyoxalase bleomycin resistance protein dioxygenase
GCF_002592005.1|NZ_NVQF01000025.1_61	RGM	0	0.512	0.094	cinA	S	Belongs to the CinA family
GCF_002887815.1|NZ_PDHO01000020.1_76	RGM	0	0.512	0.271	cobW	S	cobalamin synthesis protein
GCA_032230775.1|JAVXWV010000462.1_13	RGM	0	0.512	0.151		S	Pyridoxamine 5'-phosphate oxidase
GCF_033741155.1|NZ_JAWQNH010000006.1_474	RGM	0.09	0.512	0.003	lutC	S	LUD domain
GCF_002101585.1|NZ_LQOT01000034.1_35	RGM	0	0.512	0.154		G	Exonuclease that cleaves single-stranded 3' overhangs of double-stranded RNA
GCA_021154745.1|JAJKIB010000378.1_2	RGM	0.007	0.512	0.054		V	Transport permease protein
GCF_035491595.1|NZ_DATJKK010000485.1_17	RGM	0.007	0.512	0.227
GCF_010729895.1|NZ_AP022612.1_4926	RGM	0	0.512	0.064		E	Amino acid permease
GCF_001187505.1|NZ_CP012150.1_5373	RGM	0.381	0.509	0	cbiO	P	ABC transporter
GCF_025823105.1|NZ_JACKVC010000020.1_3	RGM	0	0.509	0.017		K	helix_turn_helix, Arsenical Resistance Operon Repressor
GCA_020438915.1|JAGQTR010000071.1_2	RGM	0	0.509	0.478		S	Polyketide cyclase / dehydrase and lipid transport
GCF_900603025.1|NZ_LR026975.1_1570	RGM	0	0.509	0.02		S	Belongs to the WrbA family
GCF_010731295.1|NZ_AP022579.1_1980	RGM	0	0.509	0.341	mmpL10	S	transport protein
spire_mag_02374732|k141_228368_2	RGM	0	0.506	0		EGP	Major Facilitator Superfamily
GCF_039583805.1|NZ_JAVKSH010000081.1_4	RGM	0	0.506	0.033		N	PPE family
GCF_001187505.1|NZ_CP012150.1_4470	RGM	0	0.506	0		S	domain protein
GCF_000613185.1|NZ_CCBB010000001.1_2969	RGM	0	0.506	0.027		K	tetR family
GCF_001187505.1|NZ_CP012150.1_5238	RGM	0	0.506	0		M	protein potentially involved in peptidoglycan biosynthesis
GCF_010727475.1|NZ_AP022567.1_6291	RGM	0	0.506	0.027	alc	F	Belongs to the allantoicase family
GCF_900603025.1|NZ_LR026975.1_4899	RGM	0	0.506	0		O	Protein-disulfide isomerase
GCA_032162605.1|JAVROT010000068.1_6	RGM	0	0.506	0.017		IQ	COG1028 Dehydrogenases with different specificities (related to short-chain alcohol dehydrogenases)
GCA_025966225.1|JAOPVI010000092.1_17	RGM	0.015	0.506	0		E	Belongs to the class-III pyridoxal-phosphate-dependent aminotransferase family
GCF_035274705.1|NZ_DATENY010000065.1_24	RGM	0.067	0.506	0	tauC	P	inner membrane component
GCF_011620645.1|NZ_WOYS01000110.1_59	RGM	0	0.506	0.013		O	Molecular chaperone
spire_mag_02088287|k141_2287218_44	RGM	0.373	0.506	0	cbiQ	P	Cobalt ABC transporter
GCF_002591975.1|NZ_NVQE01000003.1_249	RGM	0	0.504	0		S	Calcineurin-like phosphoesterase superfamily domain
spire_mag_00709072|k119_205488_7	RGM	0	0.504	0.13	rseA	K	nucleic acid-templated transcription
GCF_000612725.1|NZ_HG964454.1_156	RGM	0	0.504	0.441	katE	C	Serves to protect cells from the toxic effects of hydrogen peroxide
GCF_025215495.1|NZ_CP104302.1_560	RGM	0.366	0.504	0	cbiM	P	PFAM cobalamin (vitamin B12) biosynthesis CbiM
GCF_000373905.1|NZ_KB892705.1_545	RGM	0	0.504	0.224	ssb2	L	Single-stranded DNA-binding protein
GCF_025823185.1|NZ_JACKVK010000011.1_221	RGM	0	0.504	0.07		S	Domain of unknown function (DUF389)
spire_mag_02374732|k141_52371_14	RGM	0.022	0.501	0	ltaE	E	Threonine aldolase
GCF_002101965.1|NZ_LQQA01000034.1_156	RGM	0	0.501	0.094
GCF_010729665.1|NZ_AP022610.1_4242	RGM	0	0.501	0.144
GCF_022370755.2|NZ_CP092364.2_3784	RGM	0	0.501	0	betP	U	Belongs to the BCCT transporter (TC 2.A.15) family
GCF_937941905.1|NZ_CALDGS010000094.1_46	RGM	0	0.501	0.003		IQ	KR domain
GCF_019645835.1|NZ_CP080998.1_247	RGM	0	0.501	0.314		K	Bacterial regulatory proteins, tetR family
GCF_025263565.1|NZ_CP079865.1_6202	RGM	0	0.501	0		S	DoxX
GCF_001044255.1|NZ_JYNX01000034.1_82	RGM	0	0.501	0		I	acyl-CoA dehydrogenase
GCF_900566055.1|NZ_UPHQ01000045.1_38	SGM	0.157	0.895	0.98		Q	Exhibits S-adenosyl-L-methionine-dependent methyltransferase activity
GCF_022374895.2|NZ_CP092423.2_5047	SGM	0.067	0.771	0.97	panD	H	Catalyzes the pyruvoyl-dependent decarboxylation of aspartate to produce beta-alanine
spire_mag_02683911|k141_56658_2	SGM	0.313	0.941	0.97		M	glycosyl transferase, family 2
GCF_003408705.1|NZ_QAYL01000007.1_164	SGM	0.963	0.391	0.967	ispD	I	Catalyzes the formation of 4-diphosphocytidyl-2-C- methyl-D-erythritol from CTP and 2-C-methyl-D-erythritol 4- phosphate (MEP)
GCF_010723305.1|NZ_BLKW01000004.1_845	SGM	0	0.938	0.963	fadD15	I	long-chain-fatty-acid--CoA ligase
GCF_002101735.1|NZ_LQPE01000031.1_79	SGM	0	0.907	0.96	ethA	P	monooxygenase EthA
spire_mag_02374732|k141_121443_1	SGM	0.351	0.517	0.96	uspA	P	ABC transporter
GCA_018268465.1|JAFDWN010000005.1_88	SGM	0.134	0.941	0.957	yhfQ	P	Periplasmic binding protein
GCF_002863225.1|NZ_PKEK01000051.1_45	SGM	0.388	0.943	0.953	choD	E	oxidoreductase
GCF_035653355.1|NZ_DASRBZ010000319.1_2	SGM	0.142	0.702	0.95		Q	thioesterase
GCA_035721065.1|DASTNJ010000035.1_4	SGM	0	0.9	0.95	ybaB	S	Binds to DNA and alters its conformation. May be involved in regulation of gene expression, nucleoid organization and DNA protection
GCF_003284965.1|NZ_QMEW01000002.1_300	SGM	0.007	0.799	0.946		S	Beta-phosphoglucomutase family hydrolase
GCF_008709575.1|NZ_VYIK01000004.1_27	SGM	0	0.928	0.946	ethR	K	Transcriptional regulator
GCF_010726955.1|NZ_AP022603.1_1940	SGM	0.351	0.882	0.943	echA4	I	Enoyl-CoA hydratase/isomerase
spire_mag_00138052|k141_555343_2	SGM	0.381	0.53	0.943	uspB	P	ABC transporter
spire_mag_01112928|k141_27628_15	SGM	0.925	0.344	0.94	hbhA	S	Required for extrapulmonary dissemination. mediates adherence to epithelial cells by binding to sulfated glycoconjugates present at the surface of these cells
GCF_011620645.1|NZ_WOYS01000041.1_31	SGM	0.007	0.797	0.936		G	Glycosyl hydrolase family 65, C-terminal domain
GCF_963853665.1|NZ_OY970459.1_2113	SGM	0.313	0.419	0.936		M	Dolichyl-phosphate-mannose-protein mannosyltransferase
GCA_001665235.1|LZSC01000058.1_10	SGM	0.239	0.925	0.93	thiG	H	Catalyzes the rearrangement of 1-deoxy-D-xylulose 5- phosphate (DXP) to produce the thiazole phosphate moiety of thiamine. Sulfur is provided by the thiocarboxylate moiety of the carrier protein ThiS. In vitro, sulfur can be provided by H(2)S
GCF_002968295.1|NZ_CP134399.1_3019	SGM	0.903	0.401	0.93		S	2-nitropropane dioxygenase
GCF_001457595.1|NZ_LN831039.1_4331	SGM	0.052	0.897	0.93	amiA2	J	Belongs to the amidase family
GCF_036490025.1|NZ_DASXEP010000156.1_1	SGM	0.015	0.054	0.93	eccA5	O	Type VII secretion
GCF_017312405.1|NZ_BLTG01000052.1_30	SGM	0	0.918	0.93	deoA	F	phosphorylase
GCA_032159965.1|JAVHWG010000222.1_2	SGM	0.052	0.656	0.93	aglA	G	alpha amylase, catalytic
GCF_025821625.1|NZ_JACKSH010000018.1_8	SGM	0.388	0.643	0.93		S	May play a role in the intracellular transport of hydrophobic ligands
GCA_035642975.1|DASQRI010000431.1_4	SGM	0.142	0.884	0.926		S	Bacterial protein of unknown function (DUF881)
GCA_032162105.1|JAVRPS010000448.1_4	SGM	0.082	0.799	0.926	kdpE	K	transcriptional
GCF_002086675.1|NZ_MVIF01000068.1_25	SGM	0.313	0.92	0.923		S	membrane
GCF_002863225.1|NZ_PKEK01000039.1_321	SGM	0	0.666	0.923		EI	Acyltransferase
GCF_000526915.1|NZ_JAGZ01000013.1_63	SGM	0	0.072	0.92
spire_mag_02882770|k141_269879_1	SGM	0.321	0.902	0.92
GCA_035642975.1|DASQRI010000660.1_2	SGM	0.373	0.563	0.92	cmtB	S	fibronectin, a large adhesive glycoprotein, which facilitates the attachment of M.tuberculosis to murine alveolar macrophages (AMs). They also help to maintain the integrity of the cell wall by catalyzing the transfer of mycolic acids to cell wall arabinogalactan, and through the synthesis of alpha,alpha-trehalose dimycolate (TDM, cord factor). They catalyze the transfer of a mycoloyl residue from one molecule of alpha,alpha-trehalose monomycolate (TMM) to another TMM, leading to the formation of TDM
GCF_025215495.1|NZ_CP104302.1_239	SGM	0.313	0.9	0.92		S	conserved protein (some members contain a von Willebrand factor type A (vWA) domain)
GCA_036338755.1|JAYZBN010000002.1_45	SGM	0.418	0.915	0.92	rplA	J	Binds directly to 23S rRNA. The L1 stalk is quite mobile in the ribosome, and is involved in E site tRNA release
GCF_010731615.1|NZ_AP022618.1_272	SGM	0.313	0.902	0.92	moxR2	S	associated with various cellular activities
GCA_039583405.1|JAVKSY010000116.1_5	SGM	0.194	0.781	0.92	fecB	P	Periplasmic binding protein
GCF_035570115.1|NZ_DATMLH010000060.1_10	SGM	0.015	0.005	0.916	eccD5	S	Type VII secretion integral membrane protein EccD
GCF_003408705.1|NZ_QAYL01000006.1_197	SGM	0	0.604	0.916	deoC	F	Catalyzes a reversible aldol reaction between acetaldehyde and D-glyceraldehyde 3-phosphate to generate 2-deoxy- D-ribose 5-phosphate
GCA_036263935.1|DATARY010000110.1_2	SGM	0	0.026	0.916		P	Binding-protein-dependent transport system inner membrane component
GCF_008329605.1|NZ_NPKO01000004.1_400	SGM	0.396	0.53	0.916	uspC	G	Bacterial extracellular solute-binding protein
GCF_030755175.1|NZ_JAUFRY010000001.1_1677	SGM	0.664	0.237	0.916	pstS	P	Part of the ABC transporter complex PstSACB involved in phosphate import
spire_mag_01168185|k141_475515_48	SGM	0.007	0.406	0.916	lldD2	C	Dehydrogenase
GCF_039583805.1|NZ_JAVKSH010000136.1_2	SGM	0.097	0.851	0.916	ychF	J	ATPase that binds to both the 70S ribosome and the 50S ribosomal subunit in a nucleotide-independent manner
GCF_002723835.1|NZ_BEWG01000020.1_95	SGM	0	0.82	0.916		S	cyclase dehydrase
GCF_022317005.1|NZ_CP081006.1_3855	SGM	0.381	0.841	0.916	adhA	S	alcohol dehydrogenase
GCF_000164135.1|NZ_GG770553.1_366	SGM	0	0.82	0.913	egtA	H	Catalyzes the synthesis of gamma-glutamylcysteine (gamma-GC). This compound is used as substrate for the biosynthesis of the low-molecular thiol compound ergothioneine
GCA_021154745.1|JAJKIB010000391.1_6	SGM	0.157	0.422	0.913		P	Belongs to the ABC transporter superfamily
GCF_025345615.1|NZ_JAODWD010000003.1_261	SGM	0.381	0.889	0.91		S	Belongs to the short-chain dehydrogenases reductases (SDR) family
GCF_025823255.1|NZ_JACKVL010000007.1_220	SGM	0	0.823	0.91
GCF_025822985.1|NZ_JACKUW010000017.1_149	SGM	0.396	0.895	0.91	rho	K	Facilitates transcription termination by a mechanism that involves Rho binding to the nascent RNA, activation of Rho's RNA-dependent ATPase activity, and release of the mRNA from the DNA template
GCF_900240975.1|NZ_LT968776.1_1737	SGM	0	0.748	0.906	mycP3	O	Peptidase S8
GCF_022430545.2|NZ_CP092488.2_3937	SGM	0.351	0.293	0.906	dedA	S	SNARE associated Golgi protein
GCA_035552295.1|DASZLQ010000230.1_9	SGM	0.254	0.267	0.906	tatA	U	Part of the twin-arginine translocation (Tat) system that transports large folded proteins containing a characteristic twin-arginine motif in their signal peptide across membranes. TatA could form the protein-conducting channel of the Tat system
GCF_017876775.1|NZ_JAGIOP010000002.1_2715	SGM	0	0.509	0.906	espG3	S	EspG family
GCF_001668615.1|NZ_LZMC01000047.1_4	SGM	0.067	0.72	0.906	sigH	K	Belongs to the sigma-70 factor family. ECF subfamily
GCA_032162605.1|JAVROT010000049.1_2	SGM	0	0.805	0.903	thiC	H	Catalyzes the synthesis of the hydroxymethylpyrimidine phosphate (HMP-P) moiety of thiamine from aminoimidazole ribotide (AIR) in a radical S-adenosyl-L-methionine (SAM)-dependent reaction
GCF_001668625.1|NZ_LZLJ01000048.1_37	SGM	0.015	0.005	0.903	espG5	S	EspG family
GCA_018268465.1|JAFDWN010000012.1_68	SGM	0	0.884	0.903		L	pfam nudix
GCF_041287115.1|NZ_JBGGKT010000015.1_49	SGM	0.194	0.853	0.903		S	DoxX family
GCF_001665575.1|NZ_LZSU01000051.1_264	SGM	0.201	0.671	0.903	rpsT	J	Binds directly to 16S ribosomal RNA
GCA_036495965.1|DASXMA010000076.1_15	SGM	0.097	0.53	0.903		C	Acyl- CoA dehydrogenase type 2 domain
GCF_022317005.1|NZ_CP081006.1_457	SGM	0	0.884	0.9		S	Conserved hypothetical ATP binding protein
GCF_001665625.1|NZ_LZSY01000116.1_15	SGM	0	0.828	0.9
GCF_001673315.1|NZ_LZLQ01000111.1_89	SGM	0	0.869	0.9	echA13	I	Enoyl-CoA hydratase
GCF_001666755.1|NZ_LZJC01000150.1_46	SGM	0	0.026	0.9		P	ABC transporter
GCF_963853665.1|NZ_OY970459.1_1888	SGM	0.015	0.743	0.9	esxH	S	Belongs to the WXG100 family
GCA_035552835.1|DASZKQ010000128.1_3	SGM	0.045	0.234	0.896	echA15	I	Belongs to the enoyl-CoA hydratase isomerase family
GCA_035633495.1|DASQEU010000095.1_64	SGM	0.015	0.743	0.896	limB	C	COG2141 Coenzyme F420-dependent N5,N10-methylene tetrahydromethanopterin reductase and related flavin-dependent oxidoreductases
GCF_005222675.1|NZ_STGE01000047.1_69	SGM	0.172	0.473	0.896		P	P-aminobenzoate N-oxygenase AurF
GCF_001053185.1|NZ_CSTD01000001.1_745	SGM	0.187	0.802	0.893	blaI	K	Transcriptional regulator
GCF_025965975.1|NZ_JAOPVX010000020.1_84	SGM	0.142	0.835	0.893		S	Protein of unknown function (DUF1697)
GCF_007096635.1|NZ_VKAA01000018.1_52	SGM	0.067	0.159	0.893	lsr2	S	pathogenesis
GCF_033804605.1|NZ_JAPZKZ010000003.1_27	SGM	0	0.303	0.893		I	MaoC like domain
GCF_000559085.1|NZ_JALN02000001.1_4667	SGM	0.09	0.149	0.893	gnd2	G	6-phosphogluconate dehydrogenase
spire_mag_01733397|k119_72150_160	SGM	0	0.802	0.89	mce4F	Q	Virulence factor Mce family protein
GCF_001499905.1|NZ_LQIS01000012.1_50	SGM	0.075	0.859	0.89	kdpD	T	Histidine kinase
GCF_003614435.1|NZ_CP025546.1_366	SGM	0	0	0.89	pepA	M	serine protease
spire_mag_02882770|k141_224644_22	SGM	0.351	0.622	0.89		G	Domain of unknown function (DUF4185)
GCA_020438865.1|JAGQTU010000003.1_103	SGM	0.022	0.062	0.89	eccCa	D	Secretion protein
GCF_001667265.1|NZ_LZHW01000074.1_11	SGM	0	0.725	0.89	snm_2	S	Type VII secretion integral membrane protein EccD
GCF_018278905.1|NZ_CP046600.1_3189	SGM	0.701	0.134	0.89	plsC	EI	HAD-superfamily subfamily IB hydrolase, TIGR01490
GCF_003408705.1|NZ_QAYL01000025.1_113	SGM	0	0.183	0.89	gabD1	C	Catalyzes the NADP( )-dependent oxidation of succinate semialdehyde to succinate. It is believed to be the main source of succinate semialdehyde dehydrogenase activity in Mycobacterium
GCF_000195855.1|NC_002677.1_2342	SGM	0	0.815	0.89	rplS	J	This protein is located at the 30S-50S ribosomal subunit interface and may play a role in the structure and function of the aminoacyl-tRNA binding site
GCF_003201655.1|NZ_QJJU01000003.1_42	SGM	0	0.689	0.886	fadD9	IQ	Thioester reductase domain
GCA_025821245.1|JACKRO010000049.1_31	SGM	0	0.262	0.886	ctpC	P	ATPase, P-type (transporting), HAD superfamily, subfamily IC
GCF_029892685.1|NZ_JARXVD010000002.1_299	SGM	0.015	0.735	0.886	eccB	S	secretion protein EccB
GCA_023460175.1|JAEWRC010000189.1_4	SGM	0	0.82	0.886
GCF_001668625.1|NZ_LZLJ01000086.1_13	SGM	0	0.059	0.886	nanT	EGP	Sugar (and other) transporter
GCF_002245535.1|NZ_NKCN01000002.1_51	SGM	0	0.072	0.886	sugI	U	Belongs to the major facilitator superfamily. Sugar transporter (TC 2.A.1.1) family
GCF_019243155.1|NZ_JAFAUS010000513.1_11	SGM	0.687	0.324	0.883		E	Methionine synthase
GCF_010729665.1|NZ_AP022610.1_3472	SGM	0.007	0.758	0.883	ahpE	O	Peroxiredoxin
GCA_022600605.1|JAHZKD010000099.1_2	SGM	0.351	0.578	0.883	treS	G	Trehalose synthase
GCA_038244615.1|JBBRTH010000003.1_13	SGM	0.336	0.352	0.88		K	Transcriptional regulator
GCF_035640695.1|NZ_DASQVQ010000159.1_13	SGM	0.082	0.643	0.88		S	Bacterial protein of unknown function (DUF881)
GCA_019242135.1|JAFAWC010000252.1_6	SGM	0	0.817	0.88	lprN	Q	Virulence factor Mce family protein
GCF_008370645.1|NZ_VTZN01000051.1_5	SGM	0	0	0.88		S	type I phosphodiesterase nucleotide pyrophosphatase
GCA_030666145.1|DAOUYK010000274.1_2	SGM	0.045	0.83	0.88	yqjI	K	Transcriptional regulator
GCF_010726765.1|NZ_AP022601.1_2877	SGM	0.045	0.614	0.876		Q	dioxygenase
GCF_002102175.1|NZ_LQOX01000121.1_53	SGM	0	0.003	0.876		I	PE family
spire_mag_02683911|k141_307994_11	SGM	0.015	0.321	0.876	metE	E	Catalyzes the transfer of a methyl group from 5- methyltetrahydrofolate to homocysteine resulting in methionine formation
GCF_025331195.1|NZ_LXOV01000001.1_1024	SGM	0.866	0.321	0.876
spire_mag_02307968|k119_176776_18	SGM	0.299	0.429	0.873	nuoI	C	NDH-1 shuttles electrons from NADH, via FMN and iron- sulfur (Fe-S) centers, to quinones in the respiratory chain. The immediate electron acceptor for the enzyme in this species is believed to be menaquinone. Couples the redox reaction to proton translocation (for every two electrons transferred, four hydrogen ions are translocated across the cytoplasmic membrane), and thus conserves the redox energy in a proton gradient
GCF_008329565.1|NZ_NPKT01000008.1_193	SGM	0.104	0.494	0.873	htpG	O	Molecular chaperone. Has ATPase activity
GCF_000195855.1|NC_002677.1_3220	SGM	0.172	0.728	0.873	pstS	P	Part of the ABC transporter complex PstSACB involved in phosphate import
GCA_002967005.1|PPEA01000374.1_7	SGM	0	0.039	0.873		IQ	Enoyl-(Acyl carrier protein) reductase
GCF_010731795.1|NZ_AP022591.1_3753	SGM	0	0.609	0.87	bluB	C	Cob(II)yrinic acid a,c-diamide reductase
spire_mag_00709164|k119_300802_3	SGM	0	0.815	0.87	mce4D	Q	Virulence factor Mce family protein
GCF_000195855.1|NC_002677.1_1796	SGM	0.328	0.748	0.87		S	Trp region conserved
GCF_020181615.2|NZ_JAYJJR010000011.1_38	SGM	0.231	0.65	0.87		S	Hydroxylase for synthesis of 2-methylthio-cis-ribozeatin in tRNA
GCF_003408705.1|NZ_QAYL01000007.1_48	SGM	0	0.82	0.87	mce4C	Q	Virulence factor Mce family protein
spire_mag_01586672|k141_217419_1	SGM	0	0.805	0.87	mce4A	Q	Virulence factor Mce family protein
GCA_020438785.1|JAGQTW010000070.1_8	SGM	0.037	0.242	0.866		K	Putative zinc-finger
spire_mag_01168185|k141_993729_14	SGM	0.045	0.702	0.866		Q	Thiopurine S-methyltransferase (TPMT)
GCA_003165155.1|PLSK01000159.1_15	SGM	0	0	0.866	eccB	S	secretion protein EccB
GCA_025965895.1|JAOPWC010000099.1_20	SGM	0	0.805	0.863	mce4B	Q	Virulence factor Mce family protein
GCF_002086515.1|NZ_MVHH01000033.1_16	SGM	0.209	0.576	0.863	thiO	E	Glycine oxidase
GCF_013466425.1|NZ_CP059165.1_3806	SGM	0.067	0.476	0.863	mmpS5_1	S	Mycobacterium membrane protein
GCF_003408705.1|NZ_QAYL01000025.1_70	SGM	0.015	0.73	0.863	eccA3	O	secretion
spire_mag_00709164|k119_39053_3	SGM	0.015	0.859	0.863
GCF_002838065.1|NZ_PIZU01000003.1_274	SGM	0	0.396	0.863	LMF	S	Lipase maturation factor
GCF_002592005.1|NZ_NVQF01000009.1_51	SGM	0.007	0.848	0.863	echA8_4	I	Enoyl-CoA hydratase
GCA_003165155.1|PLSK01000228.1_7	SGM	0	0.486	0.863		Q	dienelactone hydrolase
spire_mag_00907393|k141_191722_57	SGM	0	0.686	0.86		S	Protein conserved in bacteria
GCF_001667035.1|NZ_LZIR01000109.1_20	SGM	0.194	0.326	0.86		S	glutamine amidotransferase
GCA_040511335.1|JBEVHG010000020.1_5	SGM	0	0.769	0.86		P	flavoprotein involved in K transport
GCF_025823185.1|NZ_JACKVK010000001.1_203	SGM	0.007	0.82	0.86		Q	FAD dependent oxidoreductase
GCF_002104795.1|NZ_NCXO01000006.1_15	SGM	0	0.005	0.86	mgtC	S	thought to be involved in Mg2 transport (import) may act as an accessory protein for MgtB so mediating magnesium influx into the cytosol catalytic activity ATP H(2)O mg(2 )(out) ADP phosphate mg(2 )(in)
GCF_002105755.1|NZ_CP020821.1_4515	SGM	0.082	0.735	0.856		I	Acyltransferase
GCF_002838065.1|NZ_PIZU01000008.1_14	SGM	0	0.763	0.856		IQ	reductase
GCF_900566075.1|NZ_UPHU01000001.1_722	SGM	0	0.134	0.856		Q	Thiopurine S-methyltransferase (TPMT)
spire_mag_01584542|k141_939031_10	SGM	0.022	0.774	0.856		E	glyoxalase bleomycin resistance protein
GCF_000526915.1|NZ_JAGZ01000012.1_144	SGM	0.015	0.046	0.853		S	Belongs to the WXG100 family
GCF_035515675.1|NZ_DATJBA010000271.1_5	SGM	0	0.329	0.853		E	Dehydrogenase
GCF_002102255.1|NZ_LQPH01000066.1_1	SGM	0.067	0.396	0.849	hsp	O	Belongs to the small heat shock protein (HSP20) family
GCF_963853665.1|NZ_OY970459.1_679	SGM	0.045	0.753	0.849		E	GDSL-like Lipase/Acylhydrolase family
GCA_022600605.1|JAHZKD010000320.1_16	SGM	0.015	0.722	0.849	eccCa	D	COG1674 DNA segregation ATPase FtsK SpoIIIE and related proteins
GCF_001500065.1|NZ_LQIN01000014.1_39	SGM	0.09	0.815	0.849		IQ	Belongs to the short-chain dehydrogenases reductases (SDR) family
GCA_032162385.1|JAVRPF010000030.1_2	SGM	0	0.54	0.849		S	Thiamine-binding protein
GCA_035505695.1|DATJQO010000074.1_44	SGM	0.037	0.766	0.849		IQ	Belongs to the short-chain dehydrogenases reductases (SDR) family
GCF_020181615.2|NZ_JAYJJR010000004.1_62	SGM	0.067	0.226	0.849		M	ABC transporter
GCA_035472875.1|DATIOT010000448.1_7	SGM	0	0.01	0.849	eccE3	S	Putative type VII ESX secretion system translocon, EccE
spire_mag_01168129|k141_706743_48	SGM	0.075	0.794	0.846		E	GDSL-like Lipase/Acylhydrolase family
GCA_022841565.1|JALHRH010000056.1_14	SGM	0.321	0.53	0.846	gca	S	Bacterial transferase hexapeptide (six repeats)
GCA_036272035.1|DATAZN010000303.1_5	SGM	0	0.787	0.846		K	Transcriptional regulator
GCF_022374895.2|NZ_CP092423.2_323	SGM	0	0.059	0.846		S	SnoaL-like domain
spire_mag_01168185|k141_578847_31	SGM	0	0.352	0.846		J	2'-5' RNA ligase superfamily
GCA_040511255.1|JBEVHL010000102.1_20	SGM	0.007	0.326	0.843		Q	Flavin containing amine oxidoreductase
GCA_036495965.1|DASXMA010000232.1_4	SGM	0	0.003	0.843		G	Trehalose-phosphatase
spire_mag_01188968|k141_8023_9	SGM	0	0.679	0.843	cyp187A5	Q	cytochrome P-450
GCA_032162485.1|JAVROZ010000679.1_1	SGM	0.082	0.702	0.839	kdpC	P	Part of the high-affinity ATP-driven potassium transport (or Kdp) system, which catalyzes the hydrolysis of ATP coupled with the electrogenic transport of potassium into the cytoplasm. This subunit acts as a catalytic chaperone that increases the ATP- binding affinity of the ATP-hydrolyzing subunit KdpB by the formation of a transient KdpB KdpC ATP ternary complex
GCA_020438915.1|JAGQTR010000143.1_5	SGM	0.022	0.835	0.839
GCF_000317305.3|NC_023036.2_4641	SGM	0	0.771	0.839		K	tetR family
GCA_022600605.1|JAHZKD010000499.1_4	SGM	0.015	0.807	0.839		GK	ROK family
GCF_035506235.1|NZ_DATJPU010000205.1_37	SGM	0.694	0.206	0.836		I	PFAM acyl-CoA dehydrogenase domain protein
GCF_008329605.1|NZ_NPKO01000002.1_83	SGM	0.291	0.802	0.836		E	AAA domain, putative AbiEii toxin, Type IV TA system
GCF_035506235.1|NZ_DATJPU010000118.1_14	SGM	0	0.609	0.836		I	Acyl-CoA dehydrogenase, middle domain
GCA_022841565.1|JALHRH010000271.1_5	SGM	0.037	0.152	0.836		S	Protein of unknown function (DUF2613)
GCF_029892685.1|NZ_JARXVD010000016.1_137	SGM	0	0.766	0.833		I	acyl-CoA dehydrogenase
GCA_019749805.1|JAIEPH010000003.1_27	SGM	0	0.504	0.833	fusA2	J	elongation factor G
GCF_008329565.1|NZ_NPKT01000009.1_123	SGM	0.007	0.779	0.833	xecD	IQ	COG1028 Dehydrogenases with different specificities (related to short-chain alcohol dehydrogenases)
GCF_963853665.1|NZ_OY970459.1_3438	SGM	0	0.208	0.829		K	luxR family
GCA_032159965.1|JAVHWG010000502.1_18	SGM	0.015	0.149	0.829		Q	Exhibits S-adenosyl-L-methionine-dependent methyltransferase activity
GCA_024758765.1|CP101406.1_3530	SGM	0	0.751	0.829		S	Cysteine-rich secretory protein family
GCA_019751635.1|JAIENC010000006.1_2	SGM	0.448	0.054	0.829	dedA	S	membrane-associated protein
GCF_025822605.1|NZ_JACKTY010000052.1_19	SGM	0	0.46	0.829		S	SnoaL-like domain
GCF_001668615.1|NZ_LZMC01000063.1_31	SGM	0.022	0.761	0.826	pruA	C	Dehydrogenase
GCF_002838065.1|NZ_PIZU01000006.1_100	SGM	0	0.802	0.826	acrA1	M	Dehydrogenase
GCF_019247635.1|NZ_JAFBAR010000021.1_23	SGM	0	0.041	0.826		S	acetyltransferase
GCF_004745805.1|NZ_SRLQ01000003.1_40	SGM	0	0.301	0.826	ahpC	O	Alkyl hydroperoxide reductase
spire_mag_00709178|k141_23643_13	SGM	0.157	0.203	0.826		S	Domain of unknown function (DUF4439)
GCA_019245755.1|JAFARC010000033.1_81	SGM	0.082	0.784	0.823	alkA	K	involved in damage reversal and in base excision repair. the methylated Ada protein acts as a positive regulator of its own synthesis, as well as that of other proteins. the transcription-activating function of the Ada protein resides in its N-terminus. repair of alkylated guanine in DNA by stoichiometrically transferring the alkyl group at the O-6 position to a cysteine residue in the enzyme. this is a suicide reaction the enzyme is irreversibly inactivated. can also repair O-4- methylthymine catalytic activity DNA (containing 6-O- methylguanine) protein -L-cysteine DNA (without 6-O- methylguanine) protein S-methyl-L-cysteine
GCF_001500025.1|NZ_LQIW01000019.1_54	SGM	0.097	0.684	0.823		O	PFAM Isoprenylcysteine carboxyl methyltransferase
GCA_036273805.1|DASUGW010000188.1_7	SGM	0.209	0.815	0.819		S	PFAM Uncharacterised protein family UPF0047
GCF_010728725.1|NZ_AP022606.1_4769	SGM	0	0.404	0.819		K	Bacterial regulatory proteins, tetR family
GCF_008329645.1|NZ_CP043474.1_4860	SGM	0.007	0.769	0.819		C	cytochrome p450
spire_mag_02683911|k141_292088_8	SGM	0.799	0.231	0.819	cysK	E	Belongs to the cysteine synthase cystathionine beta- synthase family
GCA_002102225.1|LQPB01000007.1_5	SGM	0.015	0.008	0.819		S	Proteins of 100 residues with WXG
GCA_035642315.1|DASQSQ010000009.1_6	SGM	0	0.018	0.816		S	Metal-dependent hydrolase
GCF_001667035.1|NZ_LZIR01000119.1_1	SGM	0.045	0.059	0.816	mycP5	O	Peptidase S8
spire_mag_00871125|k141_525910_1	SGM	0.724	0.17	0.813	trmI	J	Catalyzes the S-adenosyl-L-methionine-dependent formation of N(1)-methyladenine at position 58 (m1A58) in tRNA
GCA_019236925.1|JAFAID010000550.1_8	SGM	0.575	0.211	0.813		S	Putative esterase
GCF_016462545.1|NZ_JAEMTA010000005.1_115	SGM	0	0.758	0.813	sigJ	K	Belongs to the sigma-70 factor family. ECF subfamily
GCA_002967005.1|PPEA01000131.1_3	SGM	0.09	0.738	0.809	kdpB	P	Part of the high-affinity ATP-driven potassium transport (or Kdp) system, which catalyzes the hydrolysis of ATP coupled with the electrogenic transport of potassium into the cytoplasm. This subunit is responsible for energy coupling to the transport system
GCF_019645855.1|NZ_CP080999.1_40	SGM	0.007	0.247	0.809		S	Belongs to the short-chain dehydrogenases reductases (SDR) family
GCF_025345615.1|NZ_JAODWD010000004.1_400	SGM	0.015	0.73	0.809	mbtG	Q	Involved in the biogenesis of the hydroxyphenyloxazoline-containing siderophore mycobactins. this hydroxylase is possibly required for N-hydroxylation of the two lysine residues at some stage during mycobactin assembly catalytic activity L-lysine O(2) N6-hydroxy- L-lysine H(2)O. no information can be found if this enzyme is NADPH dependent or independent
GCF_002086675.1|NZ_MVIF01000124.1_10	SGM	0	0.129	0.809		C	NADPH quinone
GCF_002086675.1|NZ_MVIF01000064.1_4	SGM	0	0.021	0.809		C	oxidoreductase
spire_mag_01197245|k141_9000_7	SGM	0	0.165	0.809		D	Cellulose biosynthesis protein BcsQ
GCF_008370645.1|NZ_VTZN01000026.1_3	SGM	0.007	0.535	0.809		T	HAMP domain
GCF_018361265.1|NZ_JAFLNH010000001.1_1434	SGM	0.224	0.784	0.806	glnQ	P	amino acid ABC transporter
GCF_039583805.1|NZ_JAVKSH010000095.1_11	SGM	0	0.296	0.806	ahpD	O	Antioxidant protein with alkyl hydroperoxidase activity. Required for the reduction of the AhpC active site cysteine residues and for the regeneration of the AhpC enzyme activity
GCF_001500045.1|NZ_LQIX01000053.1_224	SGM	0.007	0.805	0.806		C	L-carnitine dehydratase bile acid-inducible protein F
GCF_001907675.1|NZ_MPNT01000007.1_230	SGM	0.007	0.748	0.806		E	peptidase M24
GCF_002086275.1|NZ_MVHT01000058.1_25	SGM	0	0.046	0.806	srsC	C	FAD dependent oxidoreductase
spire_mag_00841652|k141_81002_56	SGM	0.157	0.46	0.806		L	DNA repair protein
GCA_021654635.1|AP025179.1_2058	SGM	0	0.003	0.806		S	Na+-dependent bicarbonate transporter superfamily
GCF_006439015.1|NZ_RCZG01000008.1_110	SGM	0.007	0.799	0.803		S	Putative cyclase
GCF_026242035.1|NZ_JAPJDN010000028.1_20	SGM	0	0.486	0.803	cynS	P	Catalyzes the reaction of cyanate with bicarbonate to produce ammonia and carbon dioxide
GCF_018326285.1|NZ_AP023362.1_2236	SGM	0.015	0.208	0.803	hsp18	O	Belongs to the small heat shock protein (HSP20) family
GCF_022557175.1|NZ_CP092915.1_2067	SGM	0.007	0.776	0.803		S	amidohydrolase
GCF_030209435.1|NZ_JARVRX010000010.1_363	SGM	0	0.126	0.803
spire_mag_00518952|k141_1731847_42	SGM	0	0.753	0.803		I	acyl-CoA dehydrogenase
GCA_035625875.1|DASPOT010000026.1_6	SGM	0	0.064	0.803	dppA	E	Bacterial extracellular solute-binding proteins, family 5 Middle
GCA_028706695.1|JAQTVU010000008.1_9	SGM	0	0.036	0.799		KT	Regulator of polyketide synthase expression
GCA_036495965.1|DASXMA010000118.1_1	SGM	0.007	0.787	0.799	mhpB	S	Catalyzes the non-heme iron(II)-dependent oxidative cleavage of 2,3-dihydroxyphenylpropionic acid and 2,3- dihydroxicinnamic acid into 2-hydroxy-6-ketononadienedioate and 2- hydroxy-6-ketononatrienedioate, respectively
GCF_002102265.1|NZ_LQPG01000018.1_191	SGM	0.007	0.656	0.799		I	enoyl-CoA hydratase
GCF_025263485.1|NZ_CP079863.1_2764	SGM	0.112	0.265	0.799		S	Transmembrane protein of unknown function (DUF3556)
spire_mag_02683911|k141_129664_2	SGM	0.022	0.717	0.799	nrdH	O	(Glutaredoxin-like protein) NrdH
GCF_030499155.1|NZ_JAUKNU010000001.1_4346	SGM	0	0.72	0.799		Q	taurine catabolism dioxygenase
GCF_035570115.1|NZ_DATMLH010000052.1_17	SGM	0.09	0.679	0.796	kdpA	P	Part of the high-affinity ATP-driven potassium transport (or Kdp) system, which catalyzes the hydrolysis of ATP coupled with the electrogenic transport of potassium into the cytoplasm. This subunit binds and transports the potassium across the cytoplasmic membrane
GCF_963853665.1|NZ_OY970459.1_2305	SGM	0	0.697	0.796		K	tetR family
GCF_036235365.1|NZ_JAZBEZ010000004.1_508	SGM	0.007	0.789	0.796	bphD_1	I	Alpha beta hydrolase
GCF_010730955.1|NZ_AP022577.1_3402	SGM	0	0.041	0.796	dppC	EP	ABC transporter
GCF_002086125.1|NZ_MVHG01000008.1_37	SGM	0.007	0.74	0.793		IQ	Dehydrogenase
GCF_029892685.1|NZ_JARXVD010000001.1_568	SGM	0.157	0.792	0.793		S	membrane
spire_mag_00709327|k141_19512_45	SGM	0	0.054	0.793	apa	S	PFAM Fibronectin-attachment
spire_mag_00709164|k119_134226_17	SGM	0.007	0.776	0.793		C	Succinate dehydrogenase fumarate reductase flavoprotein subunit
GCF_010723305.1|NZ_BLKW01000004.1_666	SGM	0.015	0.707	0.793	mbtA	Q	AMP-dependent synthetase and ligase
GCF_018361265.1|NZ_JAFLNH010000004.1_361	SGM	0	0.247	0.793		C	oxidoreductase
GCF_002591975.1|NZ_NVQE01000008.1_24	SGM	0.007	0.781	0.793		S	SnoaL-like domain
GCF_041287095.1|NZ_JBGGKS010000012.1_119	SGM	0	0.01	0.793		K	Transcriptional regulator
GCA_035314925.1|DATFYT010000048.1_30	SGM	0.157	0.743	0.793		Q	Methyltransferase
GCF_041261665.1|NZ_JBGCCC010000005.1_179	SGM	0.007	0.774	0.793		I	Alpha beta hydrolase
GCF_041261665.1|NZ_JBGCCC010000005.1_182	SGM	0.007	0.774	0.793		IQ	Dehydrogenase
GCF_002245535.1|NZ_NKCN01000012.1_3	SGM	0.239	0.082	0.793		S	conserved protein, contains double-stranded beta-helix domain
GCF_001672755.1|NZ_LZKI01000144.1_4	SGM	0.157	0.203	0.793		M	Catalyzes the hydrolysis of cutin, a polyester that forms the structure of plant cuticle
GCF_025822885.1|NZ_JACKUN010000012.1_66	SGM	0.052	0.779	0.793		S	5-oxoprolinase (ATP-hydrolyzing) activity
GCA_040509115.1|JBEVLO010000218.1_30	SGM	0	0.584	0.793		G	Belongs to the glycosyl hydrolase 5 (cellulase A) family
GCA_036265655.1|DATAOQ010000291.1_7	SGM	0.284	0.044	0.793		P	Binding-protein-dependent transport system inner membrane component
GCF_002102155.1|NZ_LQOU01000028.1_44	SGM	0.007	0.784	0.793	dapB_1	S	dihydrodipicolinate reductase
GCF_025822605.1|NZ_JACKTY010000040.1_11	SGM	0.224	0.254	0.793	cpsA	K	transcriptional
GCF_001954195.1|NZ_MBES01000094.1_20	SGM	0.045	0.026	0.793	adi	E	Orn Lys Arg decarboxylase
GCF_003284965.1|NZ_QMEW01000019.1_25	SGM	0.216	0.329	0.793	adhB_1	C	alcohol dehydrogenase
GCA_035625875.1|DASPOT010000054.1_31	SGM	0	0.211	0.789		S	SnoaL-like domain
spire_mag_01188968|k141_14624_6	SGM	0.075	0.746	0.789		V	ABC transporter
GCF_010723575.1|NZ_BLKZ01000002.1_704	SGM	0.007	0.674	0.789
GCF_018361265.1|NZ_JAFLNH010000001.1_415	SGM	0.216	0.514	0.789	mobA	H	Transfers a GMP moiety from GTP to Mo-molybdopterin (Mo- MPT) cofactor (Moco or molybdenum cofactor) to form Mo- molybdopterin guanine dinucleotide (Mo-MGD) cofactor
GCF_001494595.1|NZ_LN929908.1_3422	SGM	0	0.288	0.789		IQ	AMP-binding enzyme C-terminal domain
GCA_002967005.1|PPEA01000133.1_5	SGM	0.649	0.249	0.786		S	membrane
GCA_030666145.1|DAOUYK010000094.1_8	SGM	0.09	0.591	0.786	hisI	E	Catalyzes the hydrolysis of the adenine ring of phosphoribosyl-AMP
GCF_008329645.1|NZ_CP043474.1_4880	SGM	0.007	0.779	0.786	mhpA	CH	Catalyzes the insertion of one atom of molecular oxygen into position 2 of the phenyl ring of 3-(3- hydroxyphenyl)propionate (3-HPP) and hydroxycinnamic acid (3HCI)
spire_mag_00907393|k141_64825_14	SGM	0	0.319	0.786		S	amidohydrolase
GCF_017853185.1|NZ_JAFMJZ010000019.1_9	SGM	0.157	0.476	0.786	lpqJ
GCF_025822405.1|NZ_JACKTS010000048.1_6	SGM	0.104	0.671	0.783		K	Transcription regulator of the Arc MetJ class
GCF_001667885.1|NZ_LZJW01000030.1_23	SGM	0.067	0.087	0.783	ggtA	E	gamma-glutamyltransferase
GCF_008329585.1|NZ_NPKP01000006.1_234	SGM	0	0.229	0.783	cyp143A3	C	cytochrome P-450
GCF_013466425.1|NZ_CP059165.1_4031	SGM	0	0.73	0.783		I	Enoyl-CoA hydratase
GCF_010731535.1|NZ_AP022581.1_1830	SGM	0	0.026	0.783	oxyR	K	Hydrogen peroxide-inducible
GCF_010731715.1|NZ_AP022587.1_1943	SGM	0	0.08	0.783		S	Protein of unknown function (DUF3298)
GCF_010731615.1|NZ_AP022618.1_790	SGM	0	0.671	0.779	cbiX	S	CbiX
GCA_039935195.1|JBDTKT010000203.1_4	SGM	0	0.185	0.779		D	cell septum assembly
spire_mag_00841652|k141_1335632_6	SGM	0.015	0.383	0.779
GCA_903927745.1|CAIYOH010000165.1_5	SGM	0	0	0.779	eccE5	S	Putative type VII ESX secretion system translocon, EccE
GCF_010726765.1|NZ_AP022601.1_2619	SGM	0.007	0.758	0.779		C	COG2141 Coenzyme F420-dependent N5,N10-methylene tetrahydromethanopterin reductase and related flavin-dependent oxidoreductases
GCF_000455325.1|NZ_HG322951.1_1966	SGM	0.239	0.717	0.779	guaB3	F	IMP dehydrogenase
GCF_002102355.1|NZ_LQPT01000019.1_212	SGM	0.291	0.26	0.776	moaD2	H	Molybdopterin converting factor, small subunit
GCF_963853645.1|NZ_OY970456.1_77	SGM	0.022	0.275	0.776	glyA	E	Catalyzes the reversible interconversion of serine and glycine with tetrahydrofolate (THF) serving as the one-carbon carrier. This reaction serves as the major source of one-carbon groups required for the biosynthesis of purines, thymidylate, methionine, and other important biomolecules. Also exhibits THF- independent aldolase activity toward beta-hydroxyamino acids, producing glycine and aldehydes, via a retro-aldol mechanism
GCF_011620645.1|NZ_WOYS01000053.1_21	SGM	0.254	0.771	0.776		P	flavoprotein involved in K transport
GCF_035603715.1|NZ_DATNJW010000691.1_6	SGM	0.254	0.743	0.776		S	Pyridoxamine 5-phosphate
GCF_025822885.1|NZ_JACKUN010000012.1_183	SGM	0.015	0.769	0.776	putA	E	Proline dehydrogenase
GCF_002591975.1|NZ_NVQE01000003.1_12	SGM	0.112	0.571	0.776	trcS	T	Histidine kinase
GCF_001044255.1|NZ_JYNX01000033.1_14	SGM	0.007	0.73	0.776		S	nucleic-acid-binding protein containing a Zn-ribbon
GCF_002101675.1|NZ_LQOY01000080.1_70	SGM	0	0.733	0.776		I	amidohydrolase
GCF_001673315.1|NZ_LZLQ01000015.1_40	SGM	0	0.612	0.776		E	Alpha beta hydrolase
GCA_022841565.1|JALHRH010000006.1_33	SGM	0.164	0.766	0.773		C	Replication protein
GCF_010731635.1|NZ_AP022583.1_249	SGM	0	0.198	0.773		S	SnoaL-like domain
spire_mag_00841652|k141_1489822_77	SGM	0.388	0.219	0.773	ilvG	EH	Belongs to the TPP enzyme family
GCF_033804605.1|NZ_JAPZKZ010000002.1_615	SGM	0	0.033	0.769		GMT	PEP-utilising enzyme, mobile domain
spire_mag_01168129|k141_3823212_4	SGM	0	0.553	0.769		S	GXWXG protein
spire_mag_01677777|k141_185422_7	SGM	0	0.702	0.769		C	CoA-transferase family III
GCF_002116635.1|NZ_LQPW01000120.1_38	SGM	0.007	0.748	0.769		C	cytochrome p450
GCF_039583805.1|NZ_JAVKSH010000090.1_11	SGM	0	0.254	0.769		K	GntR family
spire_mag_02001657|k141_2074600_17	SGM	0	0.003	0.769	yjcE	P	Sodium hydrogen exchanger
GCF_018278905.1|NZ_CP046600.1_4299	SGM	0	0.039	0.769	dppD	P	Belongs to the ABC transporter superfamily
GCF_000195855.1|NC_002677.1_3741	SGM	0.56	0.149	0.769	kipI	E	Allophanate hydrolase subunit 1
GCF_024320865.1|NZ_JANDBD010000005.1_407	SGM	0.179	0.604	0.766	hemN	H	Involved in the biosynthesis of porphyrin-containing compound
GCF_008329605.1|NZ_NPKO01000016.1_22	SGM	0	0.517	0.766		S	nuclear transport factor 2
spire_mag_00709327|k141_22552_17	SGM	0.022	0.023	0.766		K	Helix-turn-helix
GCF_018326285.1|NZ_AP023362.1_4703	SGM	0.007	0.198	0.766	pdc	GH	Belongs to the TPP enzyme family
GCF_002723835.1|NZ_BEWG01000035.1_5	SGM	0	0.411	0.766	galK	G	Belongs to the GHMP kinase family. GalK subfamily
GCF_963378085.1|NZ_OY726395.1_2623	SGM	0.007	0.306	0.766		C	Luciferase-like monooxygenase
GCA_019246375.1|JAFAQO010000339.1_4	SGM	0.045	0.1	0.766		S	Protein of unknown function (DUF3060)
GCA_037140245.1|JBAXEV010000086.1_4	SGM	0	0.003	0.766		Q	Methionine biosynthesis protein MetW
GCF_019645855.1|NZ_CP080999.1_2539	SGM	0.746	0.123	0.766		S	carboxymuconolactone decarboxylase
GCF_005222675.1|NZ_STGE01000014.1_24	SGM	0	0.396	0.766	galT	C	Galactose-1-phosphate uridyl transferase, C-terminal domain
GCF_010723575.1|NZ_BLKZ01000001.1_3271	SGM	0	0.005	0.766
GCA_037140245.1|JBAXEV010000032.1_10	SGM	0.007	0.55	0.763	fadE17_2	I	acyl-CoA dehydrogenase
GCA_003165155.1|PLSK01000175.1_12	SGM	0	0.051	0.763		K	Transcriptional regulator
GCF_010730055.1|NZ_AP022575.1_1635	SGM	0	0.129	0.763		Q	Methyltransferase domain
GCA_035552835.1|DASZKQ010000280.1_6	SGM	0	0.054	0.763		E	Amino acid permease
GCF_018278905.1|NZ_CP046600.1_1988	SGM	0	0.031	0.763		S	2-nitropropane dioxygenase
GCF_035314665.1|NZ_DATFZD010000012.1_11	SGM	0	0.272	0.763		S	thioesterase
GCF_001672775.1|NZ_LZKJ01000116.1_81	SGM	0.007	0.756	0.763		Q	Thioesterase-like superfamily
GCF_001672915.1|NZ_LZKR01000026.1_2	SGM	0	0.712	0.759		IQ	AMP-binding enzyme C-terminal domain
GCA_036497495.1|DASXJI010000325.1_7	SGM	0	0.632	0.759		K	Bacterial regulatory proteins, tetR family
GCA_002967005.1|PPEA01000017.1_6	SGM	0	0.118	0.759	fucA	G	Aldolase
GCF_010729665.1|NZ_AP022610.1_4407	SGM	0.045	0.311	0.759		T	COGs COG0745 Response regulators consisting of a CheY-like receiver domain and a winged-helix DNA-binding domain
spire_mag_01100050|k141_4695923_2	SGM	0	0.684	0.759		S	Roadblock/LC7 domain
GCF_902168065.1|NZ_LR655690.1_9	SGM	0	0.303	0.759		K	Transcriptional regulator
GCA_036746615.1|DAIODV010000157.1_5	SGM	0	0.355	0.756		K	Bacterial regulatory proteins, tetR family
GCF_035640695.1|NZ_DASQVQ010000075.1_12	SGM	0	0.411	0.756		K	tetR family
GCF_002592005.1|NZ_NVQF01000035.1_5	SGM	0.015	0.29	0.756	mbtI	HQ	conversion of chorismate to
spire_mag_01168185|k141_926236_12	SGM	0	0.183	0.756		C	CoA-transferase family III
GCF_902168065.1|NZ_LR655702.1_71	SGM	0	0.74	0.756		K	Transcriptional regulator
GCF_001673575.1|NZ_LZME01000095.1_2	SGM	0	0.733	0.753		S	amidohydrolase
GCF_001668725.1|NZ_LZKL01000017.1_47	SGM	0	0.378	0.753		T	PFAM Adenylyl cyclase class-3 4 guanylyl cyclase
GCA_025963385.1|JAOPUT010000287.1_25	SGM	0.037	0.265	0.753		S	Uncharacterised conserved protein (DUF2156)
GCF_002086275.1|NZ_MVHT01000035.1_21	SGM	0.321	0.224	0.753		I	Belongs to the long-chain O-acyltransferase family
GCF_039583785.1|NZ_JAVKSG010000024.1_43	SGM	0.052	0.049	0.753	sapM	M	Phosphoesterase family
GCA_001665295.1|LZSE01000007.1_167	SGM	0	0	0.749		H	Exhibits S-adenosyl-L-methionine-dependent methyltransferase activity
GCF_041287095.1|NZ_JBGGKS010000007.1_218	SGM	0	0.645	0.749	atsG	P	sulfatase
GCF_001426545.1|NZ_LMEZ01000004.1_177	SGM	0.112	0.602	0.749		S	Protein of unknown function (DUF1810)
GCA_002967005.1|PPEA01000483.1_8	SGM	0.746	0.177	0.749	echA3	I	Enoyl-CoA hydratase
GCF_018278905.1|NZ_CP046600.1_998	SGM	0.03	0.599	0.749		K	tetR family
GCF_025965975.1|NZ_JAOPVX010000020.1_125	SGM	0	0.73	0.746		QT	PucR C-terminal helix-turn-helix domain
GCF_000157895.3|NC_022663.1_2919	SGM	0.179	0.147	0.746		S	Protein of unknown function (DUF2694)
GCF_025822405.1|NZ_JACKTS010000021.1_131	SGM	0.03	0.416	0.746		T	Adenylyl- / guanylyl cyclase, catalytic domain
GCF_018278905.1|NZ_CP046600.1_3518	SGM	0	0.162	0.746	ppdK	G	pyruvate phosphate dikinase
GCF_000382405.1|NZ_KB908255.1_6	SGM	0	0.589	0.746		Q	Exhibits S-adenosyl-L-methionine-dependent methyltransferase activity
GCF_039729195.1|NZ_CP155796.1_1243	SGM	0	0.288	0.742		I	Acetyl-CoA acetyltransferase
GCA_035569455.1|DATMMZ010000395.1_12	SGM	0	0.165	0.742		S	Domain of unknown function (DUF4129)
GCF_036409085.1|NZ_JAZGLV010000020.1_8	SGM	0.015	0.378	0.739
GCF_002101965.1|NZ_LQQA01000030.1_556	SGM	0	0.067	0.739
GCA_019242135.1|JAFAWC010000609.1_3	SGM	0	0.198	0.739		I	N-terminal half of MaoC dehydratase
GCF_002102185.1|NZ_LQOW01000005.1_12	SGM	0	0	0.739
GCF_001665395.1|NZ_LZSG01000062.1_123	SGM	0	0.293	0.736		IQ	Belongs to the short-chain dehydrogenases reductases (SDR) family
GCF_002101555.1|NZ_LQOL01000038.1_126	SGM	0	0.676	0.736		K	Transcriptional regulator
GCF_002116635.1|NZ_LQPW01000096.1_1	SGM	0.09	0.085	0.736		V	HNH endonuclease
spire_mag_00709551|k119_167413_30	SGM	0.037	0.064	0.736	secE	U	Essential subunit of the Sec protein translocation channel SecYEG. Clamps together the 2 halves of SecY. May contact the channel plug during translocation
GCF_000340435.2|NZ_CP011883.2_1608	SGM	0	0.231	0.736	sigA	K	Sigma factors are initiation factors that promote the attachment of RNA polymerase to specific initiation sites and are then released. This sigma factor is the primary sigma factor during exponential growth
GCF_016313185.1|NZ_CP066218.1_3561	SGM	0	0.622	0.736		C	COG2141 Coenzyme F420-dependent N5,N10-methylene tetrahydromethanopterin reductase and related flavin-dependent oxidoreductases
GCA_019749805.1|JAIEPH010000049.1_84	SGM	0	0.201	0.732	maoC	I	Acyl dehydratase
GCA_035625875.1|DASPOT010000034.1_2	SGM	0	0.003	0.732		S	Protein of unknown function (DUF2561)
GCA_035314925.1|DATFYT010000150.1_3	SGM	0	0.113	0.732	serA2	EH	Belongs to the D-isomer specific 2-hydroxyacid dehydrogenase family
GCF_900566075.1|NZ_UPHU01000001.1_577	SGM	0.082	0.087	0.732	mutT3	L	Belongs to the NUDIX hydrolase family
GCF_001667505.1|NZ_LZHZ01000032.1_147	SGM	0	0.491	0.732		K	tetR family
GCF_000195955.2|NC_000962.3_892	SGM	0	0.365	0.732	fadD16
GCA_036746615.1|DAIODV010000003.1_23	SGM	0.045	0.324	0.732	pamO	P	Flavin-binding monooxygenase-like
GCA_035511785.1|DATKEW010000291.1_9	SGM	0	0.018	0.732		IQ	Dehydrogenase reductase
GCA_037129875.1|JBAXUD010000383.1_3	SGM	0.119	0.049	0.729	nicT	K	Belongs to the NiCoT transporter (TC 2.A.52) family
GCF_025822705.1|NZ_JACKUL010000014.1_259	SGM	0	0.195	0.729		P	phenylpropionate dioxygenase and related ring-hydroxylating dioxygenases
GCA_035634855.1|DASQCE010000491.1_4	SGM	0.007	0.599	0.729		EH	Belongs to the TPP enzyme family
spire_mag_01825260|k141_1696146_28	SGM	0.067	0.35	0.729	lpqM	S	neutral zinc metallopeptidase
GCA_035314925.1|DATFYT010000150.1_5	SGM	0	0.113	0.729	xylB	G	Belongs to the FGGY kinase family
GCF_000157895.3|NC_022663.1_5357	SGM	0	0.013	0.729		Q	Ribosomal RNA adenine dimethylase
spire_mag_00709337|k141_27278_3	SGM	0	0.013	0.729		C	CoA-transferase family III
GCF_900187065.1|NZ_LT906483.1_2137	SGM	0.007	0.571	0.729		I	PFAM 3-Oxoacyl- acyl-carrier-protein (ACP) synthase III
GCF_001668725.1|NZ_LZKL01000016.1_25	SGM	0.149	0.725	0.729		C	COG2141 Coenzyme F420-dependent N5,N10-methylene tetrahydromethanopterin reductase and related flavin-dependent oxidoreductases
GCF_900232995.1|NZ_OCVX01000003.1_1093	SGM	0	0.71	0.729		K	transcriptional
GCF_035617725.1|NZ_JAPIYN010000002.1_227	SGM	0	0.65	0.729	eccCa	D	COG1674 DNA segregation ATPase FtsK SpoIIIE and related proteins
GCF_019645855.1|NZ_CP080999.1_1740	SGM	0.022	0.108	0.729		EG	COG0697 Permeases of the drug metabolite transporter (DMT) superfamily
spire_mag_00193483|k119_114771_2	SGM	0.022	0.126	0.729		S	Calcineurin-like phosphoesterase
GCF_035640695.1|NZ_DASQVQ010000039.1_23	SGM	0.045	0.422	0.729		O	Glutaredoxin
GCF_030252325.1|NZ_CP126981.1_2309	SGM	0.022	0.157	0.729	zwf1	G	Catalyzes the oxidation of glucose 6-phosphate to 6- phosphogluconolactone
GCF_002723835.1|NZ_BEWG01000015.1_18	SGM	0	0.46	0.726		K	Transcriptional regulator
GCF_003719305.1|NZ_RARC01000022.1_27	SGM	0	0.524	0.726		S	amidohydrolase
GCF_025965975.1|NZ_JAOPVX010000268.1_10	SGM	0	0.432	0.726		C	Aldo/keto reductase family
spire_mag_02683911|k141_72723_8	SGM	0	0.491	0.726	apbA_1	H	Catalyzes the NADPH-dependent reduction of ketopantoate into pantoic acid
GCF_001673405.1|NZ_LZLV01000022.1_26	SGM	0	0.262	0.726		S	COG1028 Dehydrogenases with different specificities (related to short-chain alcohol dehydrogenases)
GCF_008709575.1|NZ_VYIK01000091.1_8	SGM	0	0	0.722
GCA_035642315.1|DASQSQ010000231.1_3	SGM	0	0.62	0.722		C	rubredoxin
GCA_019242135.1|JAFAWC010000521.1_7	SGM	0.09	0.033	0.722		V	Domain of unknown function (DUF222)
spire_mag_01168185|k141_1096322_10	SGM	0	0.527	0.722		C	Belongs to the aldehyde dehydrogenase family
GCF_035314665.1|NZ_DATFZD010000302.1_12	SGM	0	0.008	0.722	gpgS	M	glucosyl-3-phosphoglycerate synthase
GCF_001500125.1|NZ_LQIV01000012.1_269	SGM	0.022	0.283	0.722		S	carboxymuconolactone decarboxylase
spire_mag_01093898|k119_302645_6	SGM	0.112	0.589	0.722		I	PFAM Acyl-CoA dehydrogenase
GCF_022430545.2|NZ_CP092488.2_3561	SGM	0	0.085	0.722
GCF_009936235.1|NZ_AP022314.1_1872	SGM	0.007	0.293	0.722	prpD	S	MmgE/PrpD family
GCF_000689255.1|NZ_HG964446.1_3736	SGM	0.03	0.206	0.722		M	N-acetylmuramoyl-L-alanine amidase
GCF_010731635.1|NZ_AP022583.1_2617	SGM	0.007	0.584	0.722
GCF_001665395.1|NZ_LZSG01000047.1_70	SGM	0	0.08	0.722		K	MarR family
GCA_002967005.1|PPEA01001028.1_1	SGM	0.403	0.059	0.722		S	DoxX-like family
GCF_041206865.1|NZ_JBGEDP010000001.1_4040	SGM	0	0.707	0.719		S	Domain of unknown function (DUF1802)
spire_mag_01168129|k141_4309980_11	SGM	0.022	0.54	0.719	pat	E	PFAM Aminotransferase class I and II
GCF_002968335.2|NZ_CP134398.1_3242	SGM	0	0.234	0.719		EH	Belongs to the TPP enzyme family
GCF_010729665.1|NZ_AP022610.1_5386	SGM	0	0.003	0.719	trxC	O	belongs to the thioredoxin family
GCF_002102175.1|NZ_LQOX01000109.1_16	SGM	0	0.093	0.719		I	synthetase
GCA_000230935.2|AGIQ01000002.1_191	SGM	0.045	0.591	0.719		O	ATPase associated with various cellular activities, AAA_5
GCF_030755175.1|NZ_JAUFRY010000005.1_151	SGM	0.201	0.573	0.719		C	COG2141 Coenzyme F420-dependent N5,N10-methylene tetrahydromethanopterin reductase and related flavin-dependent oxidoreductases
GCF_010730745.1|NZ_AP022615.1_399	SGM	0	0.028	0.716		K	ANTAR
GCF_041206865.1|NZ_JBGEDP010000001.1_1835	SGM	0.343	0.064	0.716	udgB	L	Uracil-DNA glycosylase
GCF_035314665.1|NZ_DATFZD010000284.1_7	SGM	0	0.44	0.716		I	Belongs to the long-chain O-acyltransferase family
GCF_900157365.1|NZ_FUEZ01000004.1_2136	SGM	0	0.003	0.716		T	but contains identity with a pfam01740 STAS domain. the STAS (after sulphate transporter and antisigma factor antagonist) domain is found in the C terminal region of sulphate transporters and bacterial antisigma factor antagonists. it has been Sug
GCF_019247615.1|NZ_JAFBAT010000124.1_3	SGM	0	0.018	0.716		S	Uncharacterized protein conserved in bacteria (DUF2332)
GCF_020181615.2|NZ_JAYJJR010000011.1_144	SGM	0	0.29	0.712	araD	G	Class II aldolase
GCF_000195955.2|NC_000962.3_1976	SGM	0	0.612	0.712		E	Dehydrogenase
GCF_963853665.1|NZ_OY970459.1_3460	SGM	0	0.296	0.712		I	MaoC like domain
GCA_036500645.1|DASYBR010000199.1_69	SGM	0.022	0.635	0.712		S	Hemerythrin HHE cation binding domain
GCF_000164135.1|NZ_GG770553.1_798	SGM	0	0	0.712	ctpI	P	ATPase, P-type (transporting), HAD superfamily, subfamily IC
GCF_018455725.1|NZ_JAHCLR010000016.1_5	SGM	0.097	0.548	0.712	hup	L	Histone-like DNA-binding protein which is capable of wrapping DNA to stabilize it, and thus to prevent its denaturation under extreme environmental conditions
GCA_035345915.1|DAORDJ010000145.1_7	SGM	0.007	0.095	0.712		IQ	COG0318 Acyl-CoA synthetases (AMP-forming) AMP-acid ligases II
GCF_019247635.1|NZ_JAFBAR010000128.1_91	SGM	0	0.201	0.712		S	CrtC N-terminal lipocalin domain
GCA_025965895.1|JAOPWC010000166.1_29	SGM	0	0.072	0.712
GCF_000526915.1|NZ_JAGZ01000004.1_78	SGM	0	0.568	0.712	fadE4	I	acyl-CoA dehydrogenase
GCF_002086695.1|NZ_MVIH01000005.1_96	SGM	0	0.684	0.709		S	F420H(2)-dependent quinone reductase
GCF_039583785.1|NZ_JAVKSG010000023.1_42	SGM	0.164	0.036	0.709	nuoE	C	NADH dehydrogenase
GCF_018455725.1|NZ_JAHCLR010000018.1_36	SGM	0	0.08	0.706		T	Histidine kinase
GCA_032162865.1|JAVROG010000311.1_19	SGM	0	0.697	0.706		C	PFAM CoA-transferase family III
GCF_001673365.1|NZ_LZLS01000080.1_15	SGM	0	0.021	0.706		I	acyl-CoA dehydrogenase
GCA_040512325.1|JBEVFK010000134.1_2	SGM	0.007	0.147	0.706		K	Bacterial regulatory proteins, tetR family
GCF_009729415.1|NZ_MPKW01000027.1_182	SGM	0.015	0.144	0.706		S	Alpha beta
GCA_032162325.1|JAVRPG010000915.1_1	SGM	0	0.373	0.706		CH	COG0654 2-polyprenyl-6-methoxyphenol hydroxylase and related FAD-dependent oxidoreductases
GCF_010728725.1|NZ_AP022606.1_1599	SGM	0.06	0.105	0.706
spire_mag_01662118|k141_57510_11	SGM	0.022	0.031	0.706		Q	Metallo-beta-lactamase superfamily
GCA_019236925.1|JAFAID010000261.1_1	SGM	0	0.167	0.706
spire_mag_01825260|k141_73466_54	SGM	0.015	0.177	0.706
GCF_010727605.1|NZ_AP022568.1_2214	SGM	0	0.447	0.702		S	O-Methyltransferase
spire_mag_00709164|k119_270302_45	SGM	0.007	0.303	0.702		S	MMPL family
GCF_900292015.1|NZ_LR130759.1_4288	SGM	0	0.028	0.702		U	Belongs to the major facilitator superfamily
GCA_035625875.1|DASPOT010000163.1_20	SGM	0	0	0.702		P	Domain of unknown function (DUF4873)
spire_mag_02001657|k141_1336267_1	SGM	0	0.008	0.702	pstS	P	Part of the ABC transporter complex PstSACB involved in phosphate import
GCF_010723305.1|NZ_BLKW01000004.1_538	SGM	0	0.018	0.702		I	acyl-CoA dehydrogenase
GCF_010730055.1|NZ_AP022575.1_409	SGM	0.082	0.517	0.702		EGP	Major facilitator superfamily
GCF_029892685.1|NZ_JARXVD010000010.1_8	SGM	0	0.157	0.702		H	TOBE domain
GCF_000526915.1|NZ_JAGZ01000001.1_213	SGM	0.007	0.314	0.702		E	Xaa-Pro aminopeptidase
GCF_010727605.1|NZ_AP022568.1_3278	SGM	0	0.141	0.699	fadE10	I	acyl-CoA dehydrogenase
GCF_019247615.1|NZ_JAFBAT010000080.1_13	SGM	0	0.064	0.699		S	Predicted permease
GCF_002101705.1|NZ_LQPC01000018.1_5	SGM	0.007	0.098	0.699		C	FAD linked oxidases, C-terminal domain
GCF_963378105.1|NZ_OY726398.1_859	SGM	0.067	0.635	0.699		S	SnoaL-like domain
GCF_039583785.1|NZ_JAVKSG010000048.1_15	SGM	0	0.183	0.699	limB	C	COG2141 Coenzyme F420-dependent N5,N10-methylene tetrahydromethanopterin reductase and related flavin-dependent oxidoreductases
GCF_001668615.1|NZ_LZMC01000026.1_17	SGM	0	0.257	0.699		IQ	Belongs to the short-chain dehydrogenases reductases (SDR) family
GCF_018361265.1|NZ_JAFLNH010000003.1_542	SGM	0.343	0.134	0.699	pgsA2	I	CDP-diacylglycerol-glycerol-3-phosphate 3-phosphatidyltransferase
GCF_010731875.1|NZ_AP022595.1_1228	SGM	0.007	0.638	0.699	katE	C	Serves to protect cells from the toxic effects of hydrogen peroxide
GCF_025822885.1|NZ_JACKUN010000020.1_4	SGM	0.007	0.684	0.696		Q	Virulence factor Mce family protein
GCA_032159765.1|JAVHWM010000175.1_11	SGM	0	0.301	0.696		I	N-terminal half of MaoC dehydratase
GCF_002086275.1|NZ_MVHT01000031.1_15	SGM	0.187	0.018	0.696	cysE	E	Serine acetyltransferase
GCF_041261665.1|NZ_JBGCCC010000022.1_2	SGM	0.112	0.676	0.696	mpg	L	Belongs to the DNA glycosylase MPG family
spire_mag_00560387|k141_30082_2	SGM	0	0.694	0.696	pfkB	G	PFAM PfkB
GCF_033804465.1|NZ_JAPZLA010000001.1_2161	SGM	0.015	0.679	0.696		S	dihydrodipicolinate reductase
GCF_001665395.1|NZ_LZSG01000049.1_29	SGM	0.06	0.499	0.696		S	2-nitropropane dioxygenase
GCA_025966225.1|JAOPVI010000155.1_14	SGM	0	0.185	0.696		IQ	COG0318 Acyl-CoA synthetases (AMP-forming) AMP-acid ligases II
GCF_001907675.1|NZ_MPNT01000010.1_46	SGM	0	0.272	0.692		Q	protein possibly involved in aromatic compounds catabolism
GCF_025823255.1|NZ_JACKVL010000018.1_48	SGM	0	0.195	0.692		S	Isoprenylcysteine carboxyl methyltransferase
GCF_001673315.1|NZ_LZLQ01000079.1_11	SGM	0	0.057	0.692		S	Protein of unknown function (DUF3533)
GCA_025963385.1|JAOPUT010000077.1_14	SGM	0.03	0.681	0.692		S	Bacteriocin-protection, YdeI or OmpD-Associated
GCA_019751635.1|JAIENC010000317.1_3	SGM	0	0.103	0.692
GCF_029892685.1|NZ_JARXVD010000018.1_80	SGM	0	0.219	0.692		C	Belongs to the aldehyde dehydrogenase family
GCF_019247615.1|NZ_JAFBAT010000167.1_1	SGM	0.007	0.201	0.692	lipJ	IT	PFAM Adenylate and Guanylate cyclase catalytic domain
GCF_910591625.1|NZ_CAJUXY010000059.1_21	SGM	0.104	0.262	0.692		P	Ion channel
GCF_033804465.1|NZ_JAPZLA010000009.1_30	SGM	0.067	0.193	0.692		S	Oxidoreductase
GCA_039935195.1|JBDTKT010000044.1_6	SGM	0.015	0.015	0.692	pyrE	F	Catalyzes the transfer of a ribosyl phosphate group from 5-phosphoribose 1-diphosphate to orotate, leading to the formation of orotidine monophosphate (OMP)
GCF_025345615.1|NZ_JAODWD010000005.1_545	SGM	0	0.296	0.689		S	nucleic-acid-binding protein containing a Zn-ribbon
GCF_001667865.1|NZ_LZJP01000022.1_23	SGM	0	0.578	0.689
GCF_001673315.1|NZ_LZLQ01000055.1_3	SGM	0	0.63	0.689
spire_mag_00186517|k141_132710_2	SGM	0	0.103	0.689		P	H( )-stimulated, divalent metal cation uptake system
spire_mag_01681850|k141_183276_55	SGM	0	0.278	0.689		C	aldo keto reductase family
GCF_002116635.1|NZ_LQPW01000031.1_34	SGM	0.007	0.486	0.689	echA2	I	Belongs to the enoyl-CoA hydratase isomerase family
spire_mag_00490038|k141_5132505_12	SGM	0	0.285	0.689		C	Aldehyde dehydrogenase family
GCA_019246375.1|JAFAQO010000140.1_4	SGM	0	0.347	0.689		C	Luciferase-like monooxygenase
spire_mag_01586430|k141_237191_133	SGM	0	0.674	0.689	cwsA	D	Required for regulated cell division, cell wall synthesis and the maintenance of cell shape
GCF_001499855.1|NZ_LQIK01000023.1_356	SGM	0	0.45	0.689		Q	cytochrome p450
GCA_035642315.1|DASQSQ010000230.1_2	SGM	0	0.015	0.686
GCA_036746615.1|DAIODV010000075.1_11	SGM	0	0.65	0.686	fadD35_1	IQ	COG0318 Acyl-CoA synthetases (AMP-forming) AMP-acid ligases II
GCA_025821245.1|JACKRO010000009.1_28	SGM	0.007	0.442	0.686		M	Polysaccharide biosynthesis protein
spire_mag_01823769|k141_1101633_22	SGM	0	0	0.686		GM	epimerase
GCF_010730955.1|NZ_AP022577.1_4949	SGM	0.134	0.452	0.682	furB	P	Belongs to the Fur family
GCA_039583405.1|JAVKSY010000158.1_3	SGM	0	0.018	0.682	eccB	S	Type VII secretion
GCF_943913955.1|NZ_CALUAE010000089.1_16	SGM	0	0.463	0.682		S	KR domain
GCF_002086675.1|NZ_MVIF01000050.1_8	SGM	0	0.458	0.682		E	COG0683 ABC-type branched-chain amino acid transport systems, periplasmic component
GCF_001667865.1|NZ_LZJP01000089.1_355	SGM	0	0.311	0.682		K	Bacterial regulatory proteins, tetR family
GCF_002838065.1|NZ_PIZU01000014.1_127	SGM	0.172	0.594	0.679		S	Domain of unknown function (DUF5130)
GCF_002086275.1|NZ_MVHT01000049.1_12	SGM	0.03	0.118	0.679	cprA	K	Bacterial regulatory proteins, tetR family
spire_mag_01585204|k141_206686_7	SGM	0	0.604	0.679	stf0	S	carbohydrate metabolic process
GCF_035515675.1|NZ_DATJBA010000125.1_18	SGM	0	0.45	0.679		P	von willebrand factor type a
GCF_010731895.1|NZ_AP022596.1_2515	SGM	0.03	0.131	0.679	fadE1_1	I	acyl-CoA dehydrogenase
GCF_900078675.2|NZ_LT546236.1_175	SGM	0	0.021	0.679		S	Domain of unknown function (DUF4436)
GCF_963853665.1|NZ_OY970459.1_2827	SGM	0	0.252	0.679		IQ	Belongs to the short-chain dehydrogenases reductases (SDR) family
GCA_001665235.1|LZSC01000040.1_37	SGM	0.672	0.044	0.679	esxC	S	Belongs to the WXG100 family
GCF_010731875.1|NZ_AP022595.1_3920	SGM	0.022	0.658	0.676	pimC	M	PFAM Glycosyl transferase, group 1
GCF_019645855.1|NZ_CP080999.1_2428	SGM	0	0.129	0.676	narK	P	Major Facilitator Superfamily
GCA_035552835.1|DASZKQ010000472.1_13	SGM	0	0	0.676	ptsJ	K	Aminotransferase class I and II
GCF_900078675.2|NZ_LT546237.1_3147	SGM	0.03	0.409	0.676	fprB	C	ferredoxin
spire_mag_01168129|k141_3791204_3	SGM	0	0	0.676		S	Domain of unknown function (DUF1707)
GCF_002086635.1|NZ_MVHD01000034.1_4	SGM	0.239	0.049	0.676
GCA_040704635.1|JBEZJS010000004.1_800	SGM	0.149	0.668	0.676		S	Phospholipase
GCF_000195955.2|NC_000962.3_47	SGM	0.015	0.015	0.676	uspR	K	transcriptional
GCF_001673565.1|NZ_LZMF01000082.1_22	SGM	0	0.1	0.676	yhfK	GM	NAD dependent epimerase dehydratase
GCF_900566085.1|NZ_UPHT01000151.1_2	SGM	0	0.072	0.676		K	transcriptional
GCF_010726765.1|NZ_AP022601.1_5280	SGM	0	0.116	0.676	lipM	I	esterase
GCF_003391395.1|NZ_CP024190.1_5037	SGM	0.381	0.123	0.676	ppm1	M	transfers mannose from GDP-mannose to all endogenous polyprenol-phosphates
GCF_014873705.1|NZ_JADBDS010000003.1_970	SGM	0	0.121	0.672	rsbT	T	Anti-sigma regulatory factor (Ser Thr protein kinase)
GCF_010731535.1|NZ_AP022581.1_4561	SGM	0	0.193	0.672		T	Stage II sporulation protein E
GCF_002086275.1|NZ_MVHT01000045.1_13	SGM	0	0.35	0.672		A	pathogenesis
GCF_010731875.1|NZ_AP022595.1_2767	SGM	0	0.378	0.672		I	Acyltransferase family
GCF_035499775.1|NZ_DATJYB010000580.1_5	SGM	0	0.303	0.672	hypE	O	hydrogenase expression formation protein HypE
GCF_035617725.1|NZ_JAPIYN010000011.1_139	SGM	0	0.45	0.672		S	Spirocyclase AveC-like
GCF_001667775.1|NZ_LZJI01000192.1_5	SGM	0	0.008	0.672		E	Alpha beta hydrolase
GCA_037140245.1|JBAXEV010000002.1_1	SGM	0	0.041	0.672		IQ	Belongs to the short-chain dehydrogenases reductases (SDR) family
GCF_000613245.1|NZ_HG964939.1_628	SGM	0	0.003	0.672
spire_mag_02001657|k141_2051091_6	SGM	0.007	0.512	0.669		EM	Belongs to the DapA family
GCF_002086275.1|NZ_MVHT01000023.1_15	SGM	0	0.183	0.669		S	Antibiotic biosynthesis monooxygenase
GCF_001667885.1|NZ_LZJW01000060.1_77	SGM	0.037	0.234	0.669		I	Alpha/beta hydrolase family
GCF_010730055.1|NZ_AP022575.1_1329	SGM	0	0.105	0.669		IQ	Belongs to the short-chain dehydrogenases reductases (SDR) family
GCF_021916785.1|NZ_JAKCFC010000010.1_183	SGM	0	0.627	0.669		IQ	COG0318 Acyl-CoA synthetases (AMP-forming) AMP-acid ligases II
GCF_001667775.1|NZ_LZJI01000165.1_12	SGM	0.045	0.041	0.666		S	Belongs to the short-chain dehydrogenases reductases (SDR) family
GCF_010726765.1|NZ_AP022601.1_4558	SGM	0	0.098	0.666	rsbS	T	STAS domain
GCF_008709575.1|NZ_VYIK01000049.1_7	SGM	0	0.015	0.666	fadD13_1	IQ	AMP-binding enzyme
GCA_031292665.1|JARLGR010000206.1_37	SGM	0.015	0.319	0.666		S	phosphoribosyl transferase
GCF_025933915.1|NZ_JAICZA010000140.1_8	SGM	0	0.054	0.666		S	Belongs to the UPF0312 family
GCA_023404955.1|JAEXZY010000110.1_27	SGM	0	0.473	0.666		K	Transcriptional regulator
spire_mag_01959179|k141_108575_4	SGM	0	0.563	0.666		L	DNA repair enzyme that has both DNA N-glycosylase activity and AP-lyase activity. The DNA N-glycosylase activity releases various damaged pyrimidines from DNA by cleaving the N- glycosidic bond, leaving an AP (apurinic apyrimidinic) site. The AP-lyase activity cleaves the phosphodiester bond 3' to the AP site by a beta-elimination, leaving a 3'-terminal unsaturated sugar and a product with a terminal 5'-phosphate
GCF_963853665.1|NZ_OY970459.1_1561	SGM	0	0.267	0.666	dipZ	CO	biogenesis protein
GCA_036500645.1|DASYBR010000193.1_29	SGM	0	0.306	0.662	gmhA	G	SIS domain
GCA_025965555.1|JAOPWT010000204.1_17	SGM	0.022	0.648	0.662		S	Protein of unknown function (DUF2630)
GCA_902826815.1|CADEGF010000051.1_53	SGM	0	0.468	0.662		S	Metal dependent phosphohydrolases with conserved 'HD' motif.
GCF_007714205.1|NZ_VMQU01000058.1_20	SGM	0	0.01	0.662
GCA_003165155.1|PLSK01000217.1_3	SGM	0	0	0.662	accA3_1	I	Biotin carboxylase, N-terminal domain
GCF_004298145.1|NZ_SCRH01000067.1_32	SGM	0	0.308	0.662		G	HupF/HypC family
spire_mag_01168129|k141_3652807_39	SGM	0.03	0.483	0.662		S	Sulfotransferase family
spire_mag_02394504|k141_37149_8	SGM	0	0.427	0.662	embR	K	involved in transcriptional mechanism. thought to regulate the biosynthesis of the mycobacterial cell wall arabinan and resistance to ethambutol (Emb
GCF_001673365.1|NZ_LZLS01000132.1_87	SGM	0	0.018	0.659	sodC	P	Destroys radicals which are normally produced within the cells and which are toxic to biological systems
GCA_021654635.1|AP025179.1_2984	SGM	0	0	0.659		N	Polymorphic PE/PPE proteins C terminal
GCF_910591625.1|NZ_CAJUXY010000008.1_11	SGM	0	0.103	0.659	rsbX	KT	Stage II sporulation protein
GCA_036272035.1|DATAZN010000300.1_2	SGM	0	0.098	0.659	fadE35	I	acyl-CoA dehydrogenase
GCF_036023875.1|NZ_CP107931.1_2444	SGM	0	0.398	0.659		S	Nuclear export factor GLE1
GCF_019668465.1|NZ_AP024828.1_4072	SGM	0.187	0.039	0.656		I	An AccC homodimer forms the biotin carboxylase subunit of the acetyl CoA carboxylase, an enzyme that catalyzes the formation of malonyl-CoA, which in turn controls the rate of fatty acid metabolism
GCA_029256565.1|JAQSXQ010000553.1_1	SGM	0.112	0.401	0.656		Q	fumarylacetoacetate (FAA) hydrolase
GCF_001667315.1|NZ_LZHT01000084.1_1	SGM	0.104	0.134	0.656		S	amidohydrolase
GCF_020217485.1|NZ_JAEKMI010000024.1_24	SGM	0.015	0.347	0.652		S	cellular response to starvation
GCF_035649695.1|NZ_DASRJA010000040.1_12	SGM	0	0.229	0.652	oxc	EH	Belongs to the TPP enzyme family
GCA_035625875.1|DASPOT010000236.1_59	SGM	0	0.044	0.652		K	FCD domain
GCA_019242135.1|JAFAWC010000193.1_3	SGM	0	0.509	0.652		S	YCII-related domain
spire_mag_01244826|k119_1798214_4	SGM	0	0.445	0.652		Q	Methyltransferase
GCF_022760805.1|NZ_JAIVFL010000001.1_3522	SGM	0	0.501	0.649
GCF_902168065.1|NZ_LR655707.1_5	SGM	0	0	0.649
GCF_002102155.1|NZ_LQOU01000009.1_130	SGM	0	0.455	0.649		S	alpha beta
GCF_002086275.1|NZ_MVHT01000062.1_21	SGM	0	0	0.649
GCF_025965975.1|NZ_JAOPVX010000134.1_20	SGM	0	0.607	0.649
spire_mag_01882615|k119_69680_2	SGM	0	0.062	0.649		V	ABC transporter
GCF_000975265.2|NZ_CP083405.1_2583	SGM	0	0.018	0.649
GCF_002102185.1|NZ_LQOW01000021.1_34	SGM	0	0.095	0.649	rsbR	T	STAS domain
GCA_035511785.1|DATKEW010000291.1_4	SGM	0	0.216	0.649		I	acyl-CoA dehydrogenase
GCA_024758765.1|CP101406.1_2578	SGM	0	0	0.649		G	Glycosyl hydrolase family 92
GCF_010730745.1|NZ_AP022615.1_1953	SGM	0	0.548	0.645		C	Luciferase-like monooxygenase
GCA_001665295.1|LZSE01000007.1_159	SGM	0	0.111	0.645		S	Amidohydrolase
GCA_040704635.1|JBEZJS010000002.1_270	SGM	0.112	0.596	0.645		G	Fructosamine kinase
GCF_010730575.1|NZ_AP022614.1_3877	SGM	0	0.329	0.645		S	acetyltransferase
spire_mag_01681793|k119_92057_1	SGM	0	0.272	0.645
GCF_022557175.1|NZ_CP092915.1_3938	SGM	0	0.519	0.645
GCF_001665395.1|NZ_LZSG01000037.1_78	SGM	0.112	0.249	0.645
GCF_020181635.2|NZ_JAYJJS010000006.1_50	SGM	0	0.632	0.645	accD4_2	I	Acetyl-CoA carboxylase, carboxyltransferase component (subunits alpha and beta)
GCF_900078675.2|NZ_LT546237.1_3243	SGM	0.007	0.488	0.645	nuoF_1	C	NADH dehydrogenase
GCF_937941905.1|NZ_CALDGS010000068.1_131	SGM	0	0.573	0.645
GCF_900566085.1|NZ_UPHT01000170.1_39	SGM	0	0.56	0.642		I	Acyltransferase
GCF_022374895.2|NZ_CP092423.2_4423	SGM	0	0.319	0.642		S	Oxidoreductase molybdopterin binding
GCA_025966225.1|JAOPVI010000074.1_34	SGM	0	0.213	0.642		I	Acyl-CoA dehydrogenase, C-terminal domain
GCF_035499775.1|NZ_DATJYB010000141.1_8	SGM	0.082	0.113	0.642		S	Transmembrane domain of unknown function (DUF3566)
GCF_019247615.1|NZ_JAFBAT010000081.1_13	SGM	0.037	0	0.642		G	Major facilitator superfamily
GCA_035314925.1|DATFYT010000229.1_5	SGM	0	0.224	0.642		O	Protein of unknown function (DUF742)
GCF_018278905.1|NZ_CP046600.1_259	SGM	0.007	0.057	0.642	fadD7	IQ	AMP-binding enzyme C-terminal domain
GCA_019245755.1|JAFARC010000036.1_106	SGM	0	0.121	0.642
GCA_035693385.1|DASSGQ010000243.1_3	SGM	0	0.234	0.642		C	4Fe-4S single cluster domain of Ferredoxin I
GCF_035918395.1|NZ_CP142362.1_1716	SGM	0.03	0.481	0.642		S	Protein of unknown function (DUF1214)
GCF_015710575.1|NZ_CP065373.1_5051	SGM	0	0.167	0.642		S	pyridoxamine 5'-phosphate
GCA_022708865.1|JAKIXW010000054.1_15	SGM	0	0.519	0.639		K	tetR family
GCF_002101965.1|NZ_LQQA01000030.1_81	SGM	0	0.568	0.639		G	Catalyzes the oxidation of glucose 6-phosphate to 6- phosphogluconolactone
spire_mag_02296017|k119_793188_2	SGM	0	0.558	0.639		S	3-demethylubiquinone-9 3-methyltransferase
GCA_025966225.1|JAOPVI010000378.1_11	SGM	0	0.509	0.635		C	Initiates the rapid degradation of small, acid-soluble proteins during spore germination
GCF_003391395.1|NZ_CP024190.1_3128	SGM	0.037	0.044	0.635		S	membrane
GCF_010731775.1|NZ_AP022590.1_2167	SGM	0	0.19	0.635	acoA	C	Dehydrogenase E1 component
GCF_010728325.1|NZ_AP022570.1_2816	SGM	0	0.445	0.635	hypF	O	Belongs to the carbamoyltransferase HypF family
GCF_002102175.1|NZ_LQOX01000109.1_56	SGM	0	0.478	0.635		M	Methyltransferase
GCF_002591975.1|NZ_NVQE01000036.1_37	SGM	0	0.589	0.635		P	Flavoprotein involved in K transport
spire_mag_00709154|k119_315914_18	SGM	0	0.123	0.632
GCF_006864685.1|NZ_VIFX01000001.1_142	SGM	0.119	0.288	0.632	glpQ	C	Glycerophosphoryl diester phosphodiesterase family
GCA_036273375.1|DASUHS010000094.1_35	SGM	0.052	0.141	0.632		S	Belongs to the short-chain dehydrogenases reductases (SDR) family
GCF_004362315.1|NZ_SNWL01000006.1_16	SGM	0	0.576	0.632	bphC	E	Glyoxalase/Bleomycin resistance protein/Dioxygenase superfamily
GCF_033804605.1|NZ_JAPZKZ010000014.1_69	SGM	0.075	0.586	0.632
GCF_022370835.2|NZ_CP092365.1_3438	SGM	0	0.566	0.632		K	transcriptional
GCF_000230895.2|NC_016604.1_269	SGM	0.075	0.512	0.632		V	Transport permease protein
GCF_022370755.2|NZ_CP092364.2_2897	SGM	0	0.465	0.629	hypC1	O	hydrogenase assembly chaperone HypC HupF
GCF_020172685.2|NZ_JAYJJU010000011.1_64	SGM	0.104	0.37	0.629
GCA_035625875.1|DASPOT010000009.1_3	SGM	0.112	0.563	0.629		S	Pyridoxamine 5-phosphate
GCF_900603025.1|NZ_LR026975.1_146	SGM	0	0.008	0.629	fdxD_1	C	4Fe-4S single cluster domain of Ferredoxin I
GCF_025345615.1|NZ_JAODWD010000006.1_295	SGM	0.007	0.545	0.629		I	Enoyl-CoA hydratase
spire_mag_00143021|k141_276802_24	SGM	0	0.141	0.629		C	FAD binding domain
GCF_000243415.2|NZ_KI912270.1_3959	SGM	0.007	0.272	0.629		S	Cell motility protein
GCF_035617725.1|NZ_JAPIYN010000001.1_436	SGM	0	0.36	0.625		S	amidohydrolase
GCA_023415515.1|JAEZKH010000434.1_4	SGM	0.067	0.391	0.625	ndh1	C	Pyridine nucleotide-disulphide oxidoreductase
GCF_009729075.1|NZ_VTGY01000013.1_420	SGM	0	0.427	0.625	hupD	C	Hydrogenase maturation
GCA_032159915.1|JAVHWH010000037.1_1	SGM	0	0.254	0.625		C	Belongs to the aldehyde dehydrogenase family
GCF_900566085.1|NZ_UPHT01000005.1_76	SGM	0	0.08	0.625	ephF	I	epoxide hydrolase
GCF_002116635.1|NZ_LQPW01000002.1_3	SGM	0	0.149	0.625		I	enoyl-CoA hydratase isomerase family
GCA_002967005.1|PPEA01000335.1_10	SGM	0	0.386	0.625	pgl	G	6-phosphogluconolactonase
GCA_032162605.1|JAVROT010000234.1_19	SGM	0	0.183	0.625		K	Transcriptional regulator
GCF_002086275.1|NZ_MVHT01000016.1_14	SGM	0.007	0.365	0.625
GCA_023264735.1|JAHFVD010000030.1_43	SGM	0	0.021	0.625	fadE18_1	I	Acyl-CoA dehydrogenase, N-terminal domain
spire_mag_01733412|k119_14193_20	SGM	0	0	0.625		M	protein potentially involved in peptidoglycan biosynthesis
GCF_025965975.1|NZ_JAOPVX010000164.1_40	SGM	0.097	0.404	0.622		S	polyketide cyclase dehydrase
GCF_000164135.1|NZ_GG770553.1_625	SGM	0	0.152	0.622		S	integral membrane protein
GCF_900566055.1|NZ_UPHQ01000265.1_29	SGM	0	0.051	0.622	cut1	M	cutinase
GCF_002705925.1|NZ_NKRE01000001.1_4132	SGM	0	0.553	0.622	mbtC	Q	Belongs to the beta-ketoacyl-ACP synthases family
GCA_036746615.1|DAIODV010000070.1_2	SGM	0	0.211	0.622		I	Enoyl-CoA hydratase
GCF_001667115.1|NZ_LZIJ01000110.1_37	SGM	0	0.355	0.622	sigI	K	Belongs to the sigma-70 factor family. ECF subfamily
GCF_002086635.1|NZ_MVHD01000012.1_85	SGM	0	0.01	0.622
GCF_036946495.1|NZ_JAQIIX010000001.1_149	SGM	0.082	0.175	0.622		F	Glycosyltransferase family 87
GCF_900454025.1|NZ_UGQM01000001.1_5176	SGM	0	0.355	0.622		Q	cytochrome p450
GCF_001954195.1|NZ_MBES01000058.1_1	SGM	0	0.29	0.619		K	Belongs to the sigma-70 factor family
GCA_022841565.1|JALHRH010000403.1_5	SGM	0	0.136	0.619	hypC	O	hydrogenase maturation factor
GCF_003201655.1|NZ_QJJU01000004.1_254	SGM	0	0.527	0.619		K	Transcriptional regulator
GCA_001665235.1|LZSC01000016.1_7	SGM	0	0.175	0.619		E	Sap, sulfolipid-1-addressing protein
GCF_019247615.1|NZ_JAFBAT010000246.1_7	SGM	0.052	0.134	0.619		P	Sodium/calcium exchanger protein
spire_mag_02394504|k141_5015_3	SGM	0	0.08	0.619		H	Exhibits S-adenosyl-L-methionine-dependent methyltransferase activity
spire_mag_01168185|k141_205317_7	SGM	0	0.224	0.619		C	COG0604 NADPH quinone reductase and related Zn-dependent oxidoreductases
GCF_000195855.1|NC_002677.1_2968	SGM	0	0	0.619	rpfC	S	Transglycosylase-like domain
GCF_035623875.1|NZ_DASPSP010000173.1_8	SGM	0	0	0.619		IQ	Dehydrogenase reductase
GCF_003408705.1|NZ_QAYL01000011.1_17	SGM	0.007	0.373	0.619	acnR	K	Transcriptional regulator
GCA_031292695.1|JARLGS010000933.1_12	SGM	0	0.123	0.619
GCF_019645835.1|NZ_CP080998.1_1616	SGM	0	0.159	0.615		IQ	AMP-binding enzyme
GCF_001673535.1|NZ_LZLY01000102.1_42	SGM	0	0.242	0.615		S	Antibiotic biosynthesis monooxygenase
GCF_900292015.1|NZ_LR130759.1_2700	SGM	0	0.077	0.615		G	CBD_II
GCF_022760805.1|NZ_JAIVFL010000001.1_2415	SGM	0.067	0.352	0.615		K	PFAM O-methyltransferase
GCF_900566075.1|NZ_UPHU01000001.1_3729	SGM	0	0.126	0.615		K	belongs to the sigma-70 factor family, ECF subfamily
GCA_035721065.1|DASTNJ010000001.1_111	SGM	0	0.193	0.615		S	Domain of unknown function (DUF4407)
GCF_900292015.1|NZ_LR130759.1_618	SGM	0	0.123	0.615	ctpH	P	ATPase, P-type (transporting), HAD superfamily, subfamily IC
GCF_003201655.1|NZ_QJJU01000003.1_103	SGM	0	0.141	0.612		C	COG0508 Pyruvate 2-oxoglutarate dehydrogenase complex, dihydrolipoamide acyltransferase (E2) component, and related enzymes
GCF_900637195.1|NZ_LR134356.1_5437	SGM	0	0.512	0.612		K	helix_turn_helix multiple antibiotic resistance protein
spire_mag_02001406|k141_221053_2	SGM	0	0.53	0.612		C	COG2141 Coenzyme F420-dependent N5,N10-methylene tetrahydromethanopterin reductase and related flavin-dependent oxidoreductases
spire_mag_01882632|k119_70167_53	SGM	0	0.509	0.612		C	NADH ubiquinone oxidoreductase, 20
GCA_034189785.1|JAXHUG010000093.1_25	SGM	0.007	0.55	0.612
GCF_002102265.1|NZ_LQPG01000022.1_142	SGM	0.007	0.129	0.612	gabP	E	Protein involved in amino acid-polyamine transporter activity, L-gamma-aminobutyric acid transporter activity and gamma-aminobutyric acid transport
GCF_039583805.1|NZ_JAVKSH010000030.1_28	SGM	0	0.059	0.612		G	Phosphoglycerate mutase
GCF_001665395.1|NZ_LZSG01000064.1_20	SGM	0.037	0.123	0.612		H	Exhibits S-adenosyl-L-methionine-dependent methyltransferase activity
GCF_025965855.1|NZ_JAOPWB010000295.1_32	SGM	0.045	0.275	0.612		K	involved in signal transduction (via phosphorylation) involved in transcriptional regulatory mechanism and in the regulation of secondary metabolites catalytic activity ATP a protein ADP a phosphoprotein
GCF_039729195.1|NZ_CP155796.1_2297	SGM	0	0.321	0.612		GM	NAD dependent epimerase dehydratase family
GCF_010727605.1|NZ_AP022568.1_5052	SGM	0	0.036	0.609		IQ	Belongs to the short-chain dehydrogenases reductases (SDR) family
GCF_002086635.1|NZ_MVHD01000021.1_9	SGM	0	0	0.609		N	Polymorphic PE/PPE proteins C terminal
GCF_900078675.2|NZ_LT546236.1_856	SGM	0	0	0.609	prsR	T	MEDS: MEthanogen/methylotroph, DcmR Sensory domain
GCF_002086125.1|NZ_MVHG01000044.1_21	SGM	0	0.008	0.609		K	transcriptional regulator
GCF_018278905.1|NZ_CP046600.1_48	SGM	0	0.023	0.609
GCF_025965975.1|NZ_JAOPVX010000257.1_2	SGM	0	0.391	0.605	mtlK	G	COG0246 Mannitol-1-phosphate altronate dehydrogenases
spire_mag_01168185|k141_510832_5	SGM	0	0.141	0.605		P	Ring hydroxylating alpha subunit (catalytic domain)
GCA_025965895.1|JAOPWC010000099.1_46	SGM	0.075	0.059	0.605
GCF_900187065.1|NZ_LT906483.1_949	SGM	0	0.542	0.605		K	Transcriptional regulator
GCF_008329645.1|NZ_CP043474.1_964	SGM	0.022	0.535	0.605		V	ABC transporter
GCF_002863225.1|NZ_PKEK01000089.1_44	SGM	0	0	0.605		S	membrane protein domain
GCF_900292015.1|NZ_LR130759.1_4641	SGM	0	0.265	0.605	serA4	EH	Belongs to the D-isomer specific 2-hydroxyacid dehydrogenase family
GCA_003165155.1|PLSK01000215.1_20	SGM	0	0.031	0.602	fadD12_2	IQ	Activates fatty acids by binding to coenzyme A
GCF_000612725.1|NZ_HG964451.1_450	SGM	0	0.355	0.602		K	transcriptional regulator
GCF_010723575.1|NZ_BLKZ01000001.1_2613	SGM	0	0.111	0.602
GCA_035345915.1|DAORDJ010000415.1_5	SGM	0.03	0.244	0.602		C	F420-dependent oxidoreductase
GCA_023415515.1|JAEZKH010000415.1_4	SGM	0	0.468	0.602		IQ	Domain of unknown function (DUF427)
GCF_002086695.1|NZ_MVIH01000015.1_15	SGM	0.06	0.337	0.602		CG	COG1819 Glycosyl transferases, related to UDP-glucuronosyltransferase
GCA_001665235.1|LZSC01000021.1_47	SGM	0	0.188	0.602		Q	cytochrome P450
GCF_900566085.1|NZ_UPHT01000114.1_21	SGM	0	0	0.599		L	carboxymuconolactone decarboxylase
GCF_001666755.1|NZ_LZJC01000142.1_15	SGM	0	0	0.599		K	Transcription elongation factor, GreA/GreB, C-term
GCF_002102355.1|NZ_LQPT01000070.1_35	SGM	0	0.298	0.599		C	Belongs to the iron ascorbate-dependent oxidoreductase family
GCF_000164135.1|NZ_GG770560.1_214	SGM	0	0.193	0.599		S	Protein of unknown function DUF2617
GCF_002356315.1|NZ_AP018164.1_1310	SGM	0.007	0.375	0.599		EH	Belongs to the TPP enzyme family
GCA_039922455.1|JBDTEP010000014.1_15	SGM	0.291	0.031	0.599		S	Domain of unknown function (DUF5078)
GCF_001667015.1|NZ_LZIS01000181.1_158	SGM	0	0.203	0.599		S	Polyketide cyclase / dehydrase and lipid transport
GCF_000689255.1|NZ_HG964446.1_4990	SGM	0	0.285	0.599		H	Exhibits S-adenosyl-L-methionine-dependent methyltransferase activity
GCF_035623875.1|NZ_DASPSP010000152.1_26	SGM	0	0	0.599
GCA_040511255.1|JBEVHL010000029.1_8	SGM	0	0.154	0.599		G	Cupin domain
spire_mag_00709371|k119_28941_23	SGM	0.015	0.355	0.599		V	ABC-type multidrug transport system, ATPase and permease
GCF_001954275.1|NZ_MBEU01000055.1_105	SGM	0.022	0.357	0.599		C	Biotin-lipoyl like
GCF_035653355.1|NZ_DASRBZ010000278.1_18	SGM	0.052	0.028	0.595
spire_mag_00709062|k119_23365_90	SGM	0	0.213	0.595		K	MarR family
GCF_020217485.1|NZ_JAEKMI010000003.1_158	SGM	0	0.057	0.595		C	Luciferase-like monooxygenase
GCF_001500025.1|NZ_LQIW01000012.1_153	SGM	0	0.496	0.595	hydB	C	Ni,Fe-hydrogenase I large subunit
GCF_001021385.1|NZ_CP011773.1_5413	SGM	0	0.188	0.595		I	Alpha beta hydrolase
GCF_010723305.1|NZ_BLKW01000004.1_1639	SGM	0	0.18	0.595		E	Trypsin-like peptidase domain
GCF_900603025.1|NZ_LR026975.1_1003	SGM	0	0.393	0.592		C	COG2141 Coenzyme F420-dependent N5,N10-methylene tetrahydromethanopterin reductase and related flavin-dependent oxidoreductases
spire_mag_02374732|k141_155439_1	SGM	0	0.434	0.592	wrbA	S	Belongs to the WrbA family
GCF_026242035.1|NZ_JAPJDN010000009.1_176	SGM	0.075	0.129	0.592	echA12_2	I	Belongs to the enoyl-CoA hydratase isomerase family
GCF_002086115.1|NZ_MVHJ01000011.1_21	SGM	0	0.383	0.592		CH	FAD binding domain
GCF_000157895.3|NC_022663.1_2572	SGM	0	0.254	0.589	fdhA	C	Molybdopterin oxidoreductase, Fe4S4
GCA_025963385.1|JAOPUT010000227.1_8	SGM	0	0.059	0.589		P	flavoprotein involved in K transport
GCF_900157385.1|NZ_LT717701.1_2088	SGM	0	0.116	0.589		P	Rieske 2Fe-2S
GCF_002101785.1|NZ_LQPJ01000121.1_128	SGM	0	0.167	0.589		C	carnitine dehydratase
GCF_001668625.1|NZ_LZLJ01000096.1_54	SGM	0.254	0.064	0.589		S	Polyketide cyclase / dehydrase and lipid transport
spire_mag_02001975|k141_43991_20	SGM	0	0.134	0.589	acoB	C	Pyruvate 2-oxoglutarate dehydrogenase complex, dehydrogenase
GCF_036409155.1|NZ_JAZGLW010000001.1_1270	SGM	0	0.023	0.589		S	Belongs to the short-chain dehydrogenases reductases (SDR) family
GCF_041206865.1|NZ_JBGEDP010000001.1_3541	SGM	0	0.55	0.589		S	Polyketide cyclase / dehydrase and lipid transport
GCF_002102175.1|NZ_LQOX01000065.1_3	SGM	0	0.1	0.589		S	Predicted membrane protein (DUF2127)
GCA_019751635.1|JAIENC010000228.1_8	SGM	0	0.005	0.589	lppW	V	Beta-lactamase
GCF_900292015.1|NZ_LR130759.1_1622	SGM	0	0.141	0.589		I	Acyltransferase
GCF_963853645.1|NZ_OY970456.1_3736	SGM	0	0	0.589		K	Transcriptional regulator
GCF_000195955.2|NC_000962.3_539	SGM	0.03	0.062	0.585
GCF_025331195.1|NZ_LXOV01000001.1_683	SGM	0	0.167	0.585		IQ	Enoyl-(Acyl carrier protein) reductase
GCA_019236925.1|JAFAID010000248.1_3	SGM	0	0.108	0.585		K	Bacterial regulatory proteins, tetR family
GCF_002705925.1|NZ_NKRE01000001.1_3249	SGM	0.284	0.077	0.585		Q	Phytanoyl-CoA dioxygenase
GCF_017086405.1|NZ_CP070973.1_1757	SGM	0	0.226	0.585		S	Polyketide cyclase / dehydrase and lipid transport
GCF_033741175.1|NZ_JAWQNE010000021.1_51	SGM	0.007	0.373	0.585		S	short-chain dehydrogenase
GCF_030755175.1|NZ_JAUFRY010000001.1_2393	SGM	0.03	0.545	0.585		V	Transport permease protein
GCA_035253445.1|DATFCF010000880.1_4	SGM	0.015	0.455	0.585	narI	C	nitrate reductase, gamma subunit
GCF_001905655.1|NZ_JMHT01000031.1_2	SGM	0.007	0.468	0.582		S	Reductase C-terminal
GCF_001666835.1|NZ_LZJF01000060.1_2	SGM	0	0.548	0.582	adhE	C	alcohol dehydrogenase
GCA_035569455.1|DATMMZ010000219.1_2	SGM	0	0.29	0.582		H	AMP-binding enzyme
GCF_900187065.1|NZ_LT906483.1_3291	SGM	0.015	0.347	0.582	irtA	PV	ABC transporter
GCF_035491595.1|NZ_DATJKK010000094.1_7	SGM	0.007	0.198	0.582		C	Nitroreductase family
GCF_002245535.1|NZ_NKCN01000032.1_35	SGM	0.007	0.429	0.582	aofH_1	E	Monoamine oxidase
GCF_026723865.1|NZ_CP113529.1_1629	SGM	0	0	0.582
GCF_022374895.2|NZ_CP092423.2_840	SGM	0	0	0.579		S	Protein of unknown function (DUF732)
spire_mag_02374732|k141_89546_4	SGM	0.022	0.499	0.579		C	COG2141 Coenzyme F420-dependent N5,N10-methylene tetrahydromethanopterin reductase and related flavin-dependent oxidoreductases
GCA_025966225.1|JAOPVI010000140.1_13	SGM	0	0.121	0.579		Q	Thioesterase-like superfamily
GCF_900157365.1|NZ_FUEZ01000004.1_3818	SGM	0.007	0.09	0.579	bphB	IQ	Dehydrogenase
GCA_036273805.1|DASUGW010000072.1_5	SGM	0	0.329	0.579	hybA	C	formate dehydrogenase, beta subunit
GCF_030755175.1|NZ_JAUFRY010000005.1_14	SGM	0	0	0.579		S	Protein of unknown function (DUF732)
GCA_032159915.1|JAVHWH010000055.1_13	SGM	0	0.008	0.575
spire_mag_01681850|k141_185377_34	SGM	0	0	0.575
GCF_001673365.1|NZ_LZLS01000130.1_31	SGM	0	0.476	0.575	dpo	L	uracil-DNA glycosylase
GCF_002101675.1|NZ_LQOY01000175.1_12	SGM	0.097	0.069	0.575		S	Protein of unknown function (DUF2505)
GCF_041287095.1|NZ_JBGGKS010000003.1_232	SGM	0.06	0.419	0.575		C	FAD binding domain
GCF_001667035.1|NZ_LZIR01000040.1_43	SGM	0	0.1	0.575
GCA_032162485.1|JAVROZ010000270.1_3	SGM	0	0.039	0.575
GCA_040511335.1|JBEVHG010000037.1_12	SGM	0	0.481	0.575		K	transcriptional
GCF_029961025.1|NZ_JASBVP010000002.1_22	SGM	0.022	0.378	0.575		K	acetyltransferase
GCF_002105755.1|NZ_CP020821.1_431	SGM	0	0.003	0.572		P	Has an organic peroxide-dependent peroxidase activity
GCF_900176255.2|NZ_FXEG02000005.1_197	SGM	0	0	0.572	PPE15	N	Polymorphic PE/PPE proteins C terminal
GCA_032159965.1|JAVHWG010000303.1_5	SGM	0	0.478	0.572		S	Bacterial PH domain
GCA_032162105.1|JAVRPS010000541.1_3	SGM	0.007	0.524	0.572		S	Rho termination factor
GCA_035634855.1|DASQCE010000441.1_13	SGM	0	0.329	0.572		GM	NmrA-like family
GCF_002705925.1|NZ_NKRE01000001.1_5497	SGM	0	0.028	0.572		S	ANTAR
GCA_020438915.1|JAGQTR010000142.1_19	SGM	0.03	0.522	0.572	xerC	D	Belongs to the 'phage' integrase family. XerC subfamily
GCF_002101735.1|NZ_LQPE01000152.1_48	SGM	0	0.051	0.572		S	Protein of unknown function (DUF1345)
GCF_000526915.1|NZ_JAGZ01000010.1_114	SGM	0	0	0.572
GCF_029961025.1|NZ_JASBVP010000012.1_72	SGM	0	0.296	0.572		E	polyketide cyclase
GCA_902826815.1|CADEGF010000045.1_16	SGM	0	0.285	0.572		I	Belongs to the enoyl-CoA hydratase isomerase family
spire_mag_00709072|k119_130998_15	SGM	0	0	0.572
GCF_000526915.1|NZ_JAGZ01000009.1_109	SGM	0.067	0.149	0.572	alkB	I	PFAM Fatty acid desaturase
GCA_020438865.1|JAGQTU010000019.1_24	SGM	0.007	0.532	0.569		EH	Belongs to the TPP enzyme family
GCF_001053185.1|NZ_CSTD01000001.1_488	SGM	0	0.057	0.569		S	DoxX-like family
GCA_035552835.1|DASZKQ010000530.1_2	SGM	0	0.003	0.569
spire_mag_00709385|k119_80030_11	SGM	0.007	0.01	0.569	lpqC	Q	esterase
GCF_022374935.2|NZ_CP092430.2_927	SGM	0	0.026	0.569		S	Protein of unknown function (DUF1490)
spire_mag_00709178|k141_35155_6	SGM	0	0	0.569		I	PE family
GCF_902168065.1|NZ_LR655720.1_33	SGM	0	0.033	0.569		E	cystathionine beta-lyase activity
GCF_000328565.1|NC_019957.1_86	SGM	0.007	0.434	0.569	scoB	I	transferase
GCF_902652685.1|NZ_CACRUY010000009.1_96	SGM	0	0.003	0.569
spire_mag_00487317|k141_143364_20	SGM	0.007	0.429	0.565	scoA	I	transferase
GCF_006439015.1|NZ_RCZG01000001.1_54	SGM	0	0.486	0.565		C	F420-dependent oxidoreductase
GCF_022374895.2|NZ_CP092423.2_305	SGM	0	0.003	0.565	fgd2	C	Luciferase-like monooxygenase
GCF_000340435.2|NZ_CP011883.2_3047	SGM	0.007	0.452	0.565	narH	C	Nitrate reductase beta subunit
GCA_022841565.1|JALHRH010000076.1_19	SGM	0	0	0.565	lppE	S	Mycobacterium 19 kDa lipoprotein antigen
GCA_035642315.1|DASQSQ010000353.1_5	SGM	0	0.306	0.565		G	family 16
GCF_001053185.1|NZ_CSTD01000010.1_6	SGM	0	0.033	0.565		S	Hemerythrin HHE cation binding domain
GCF_001500125.1|NZ_LQIV01000014.1_47	SGM	0	0.249	0.565	selD	E	Synthesizes selenophosphate from selenide and ATP
GCF_030499155.1|NZ_JAUKNU010000001.1_5098	SGM	0	0.558	0.562	ssuD	C	Alkanesulfonate monooxygenase
GCF_900157375.1|NZ_LT721901.1_5099	SGM	0	0.201	0.562		S	Domain of unknown function (DUF4247)
GCF_002592005.1|NZ_NVQF01000070.1_4	SGM	0.007	0.131	0.562	mmpS2	S	Mycobacterium membrane protein
GCF_001673635.1|NZ_LZMH01000010.1_83	SGM	0	0.272	0.562
GCA_023264765.1|JAHFVC010000526.1_1	SGM	0	0.075	0.562		E	Glyoxalase/Bleomycin resistance protein/Dioxygenase superfamily
GCF_004298145.1|NZ_SCRH01000071.1_5	SGM	0	0	0.562		S	Domain of unknown function (DUF4226)
GCF_010731615.1|NZ_AP022618.1_3616	SGM	0	0.242	0.562		S	Protein of unknown function (DUF2752)
GCF_036490025.1|NZ_DASXEP010000032.1_13	SGM	0.007	0.113	0.562	narAa	P	PFAM ring hydroxylating dioxygenase, alpha subunit
GCF_033804605.1|NZ_JAPZKZ010000009.1_105	SGM	0	0.283	0.562		C	cytochrome c oxidase, subunit III
GCF_036490025.1|NZ_DASXEP010000180.1_5	SGM	0	0.157	0.562		C	Luciferase-like monooxygenase
GCA_035625875.1|DASPOT010000123.1_21	SGM	0	0	0.562	aao	E	FAD dependent oxidoreductase
GCF_001044235.1|NZ_JYNL01000002.1_2	SGM	0	0.082	0.562		CH	FAD binding domain
GCA_032159565.1|JAVHWR010000204.1_3	SGM	0	0.082	0.562
GCF_035653355.1|NZ_DASRBZ010000054.1_12	SGM	0	0.005	0.559
GCF_002104765.1|NZ_NCXM01000046.1_2	SGM	0	0.018	0.559		CH	oxidoreductase
GCA_032162485.1|JAVROZ010000524.1_12	SGM	0	0.275	0.559
GCA_040704635.1|JBEZJS010000009.1_197	SGM	0	0.213	0.559	rimL	J	N-acetylases of ribosomal proteins
GCF_008370645.1|NZ_VTZN01000154.1_5	SGM	0	0	0.559
GCF_018278905.1|NZ_CP046600.1_692	SGM	0	0.005	0.559
GCA_035625875.1|DASPOT010000148.1_44	SGM	0	0.021	0.559		I	Alpha beta hydrolase
GCF_003719305.1|NZ_RARC01000036.1_54	SGM	0	0.404	0.559		E	glyoxalase bleomycin resistance protein
GCF_005222675.1|NZ_STGE01000031.1_111	SGM	0	0.355	0.559		S	Haloacid dehalogenase-like hydrolase
GCF_902652685.1|NZ_CACRUY010000041.1_19	SGM	0	0.314	0.555	pcaB	F	3-carboxy-cis,cis-muconate cycloisomerase
GCF_010731715.1|NZ_AP022587.1_3248	SGM	0	0	0.555
GCA_032161985.1|JAVRPX010000102.1_4	SGM	0	0.283	0.555		C	Aldehyde dehydrogenase family
GCF_910591625.1|NZ_CAJUXY010000001.1_7	SGM	0.045	0.098	0.555	arsA	P	transport of arsenical compounds across the membrane (export) arsenic resistance by an export mechanism. responsible for the translocation of the substrate across the membrane
GCF_010731715.1|NZ_AP022587.1_5771	SGM	0	0.003	0.555	cfp2
GCF_035491595.1|NZ_DATJKK010000104.1_13	SGM	0	0.108	0.555	fadB5	C	Thought to be involved in fatty acid degradation. FadB and FadA are the alpha and beta subunits of the multifunctional enzyme complex of the fatty acid degradation cycle
GCF_000164135.1|NZ_GG770553.1_1345	SGM	0.022	0.524	0.555	menE	IQ	O-succinylbenzoic acid--CoA ligase
GCF_002553505.1|NZ_PDCP01000005.1_123	SGM	0.052	0.504	0.555		K	tetR family
GCF_001053185.1|NZ_CSTD01000010.1_7	SGM	0	0.306	0.555	pcaH	Q	protocatechuate 3,4-dioxygenase, beta subunit
GCF_010731535.1|NZ_AP022581.1_2582	SGM	0	0.082	0.555		G	PFAM class II aldolase adducin family protein
GCF_010731595.1|NZ_AP022582.1_623	SGM	0	0.337	0.552		J	Endoribonuclease L-psp
GCA_035569455.1|DATMMZ010000188.1_10	SGM	0	0.458	0.552		I	acyl-CoA dehydrogenase
GCA_020438865.1|JAGQTU010000024.1_19	SGM	0	0.188	0.552		C	Luciferase-like monooxygenase
GCF_001500045.1|NZ_LQIX01000009.1_83	SGM	0	0.365	0.552		S	Oxygenase, catalysing oxidative methylation of damaged DNA
GCF_039583805.1|NZ_JAVKSH010000150.1_4	SGM	0.015	0.257	0.552	prpC	C	Belongs to the citrate synthase family
GCA_900637135.1|LR134353.1_566	SGM	0.022	0.447	0.552	cut5	M	hydrolysis of cutin, a polyester that forms the structure of plant cuticle
GCF_009936235.1|NZ_AP022314.1_4836	SGM	0	0.018	0.552		S	SnoaL-like domain
GCF_001667375.1|NZ_LZIN01000031.1_67	SGM	0	0.398	0.552		S	Spirocyclase AveC-like
GCF_002101785.1|NZ_LQPJ01000067.1_19	SGM	0	0.527	0.548		S	SnoaL-like domain
GCF_029961025.1|NZ_JASBVP010000001.1_113	SGM	0	0	0.548
GCF_000340435.2|NZ_CP011883.2_1727	SGM	0	0.216	0.548		S	Domain of unknown function (DUF4178)
spire_mag_00709154|k119_105070_31	SGM	0	0.28	0.548		S	Prokaryotic Cytochrome C oxidase subunit IV
spire_mag_00709072|k119_160566_14	SGM	0.015	0.046	0.548		S	Protein of unknown function (DUF4229)
GCF_018361265.1|NZ_JAFLNH010000001.1_255	SGM	0.015	0.44	0.548		C	Belongs to the prokaryotic molybdopterin-containing oxidoreductase family
GCF_035617725.1|NZ_JAPIYN010000027.1_11	SGM	0	0	0.548		S	amine dehydrogenase activity
GCA_034520035.1|JAXHOA010000097.1_13	SGM	0.015	0.257	0.548		K	IrrE N-terminal-like domain
GCA_002967005.1|PPEA01000682.1_2	SGM	0	0.113	0.545		S	Domain of unknown function (DUF4389)
GCF_010731595.1|NZ_AP022582.1_4518	SGM	0	0.152	0.545		E	Metallopeptidase family M24
GCF_010731655.1|NZ_AP022619.1_3823	SGM	0	0.257	0.545		P	COG4638 Phenylpropionate dioxygenase and related ring-hydroxylating dioxygenases, large terminal subunit
GCF_902168065.1|NZ_LR655707.1_19	SGM	0.007	0.008	0.545	plsB1	I	Belongs to the GPAT DAPAT family
GCA_032162385.1|JAVRPF010000510.1_5	SGM	0	0.332	0.545		C	F420-dependent oxidoreductase, Rv2161c
GCF_041261665.1|NZ_JBGCCC010000003.1_284	SGM	0	0.064	0.545	fabH	I	Catalyzes the condensation reaction of fatty acid synthesis by the addition to an acyl acceptor of two carbons from malonyl-ACP. Catalyzes the first condensation reaction which initiates fatty acid synthesis and may therefore play a role in governing the total rate of fatty acid production. Possesses both acetoacetyl-ACP synthase and acetyl transacylase activities. Its substrate specificity determines the biosynthesis of branched- chain and or straight-chain of fatty acids
spire_mag_00709104|k119_151446_7	SGM	0.045	0.049	0.545	glbO	S	truncated
GCF_001667505.1|NZ_LZHZ01000045.1_19	SGM	0	0.301	0.545		S	Protein of unknown function (DUF2834)
GCF_900232995.1|NZ_OCVX01000003.1_283	SGM	0	0	0.545		S	Fusaric acid resistance protein-like
GCA_002102225.1|LQPB01000086.1_78	SGM	0	0.005	0.545	rsbU	T	Stage II sporulation protein E
GCA_035279185.1|DATEIG010000482.1_5	SGM	0	0.015	0.545		K	Transcriptional regulator
GCA_032162325.1|JAVRPG010000872.1_3	SGM	0	0.373	0.542		C	PFAM Luciferase-like
GCA_036495965.1|DASXMA010000431.1_4	SGM	0.075	0.013	0.542		S	cobalt transporter
GCF_001667015.1|NZ_LZIS01000017.1_1	SGM	0.015	0.486	0.542		IQ	Belongs to the short-chain dehydrogenases reductases (SDR) family
GCF_001665685.1|NZ_LZTB01000032.1_37	SGM	0	0.17	0.542	dhmA	I	Alpha/beta hydrolase family
GCF_025823255.1|NZ_JACKVL010000018.1_80	SGM	0	0.003	0.542		K	Transcriptional regulator
GCA_003165155.1|PLSK01000226.1_44	SGM	0	0.201	0.542		I	N-terminal half of MaoC dehydratase
GCF_900566085.1|NZ_UPHT01000120.1_32	SGM	0	0.093	0.542		IQ	KR domain
GCF_001668675.1|NZ_LZKQ01000071.1_99	SGM	0	0.077	0.542		K	Transcriptional regulator
GCF_010727605.1|NZ_AP022568.1_4876	SGM	0	0	0.542	pknD	KLT	serine threonine protein kinase
spire_mag_02370601|k141_425992_5	SGM	0	0.044	0.542		S	SnoaL-like polyketide cyclase
spire_mag_02683911|k141_227775_6	SGM	0	0	0.542		O	Type VII secretion-associated protein, Rv3446c family, C-terminal domain
GCF_001457595.1|NZ_LN831039.1_3441	SGM	0	0.339	0.538		K	Transcriptional regulator
GCF_004298145.1|NZ_SCRH01000068.1_73	SGM	0	0.211	0.538		I	acyl-CoA dehydrogenase
GCF_011745145.1|NZ_CP050191.1_2763	SGM	0	0.437	0.538		S	protein conserved in bacteria
GCF_001187505.1|NZ_CP012150.1_5629	SGM	0	0.221	0.538	speE	S	Catalyzes the irreversible transfer of a propylamine group from the amino donor S-adenosylmethioninamine (decarboxy- AdoMet) to putrescine (1,4-diaminobutane) to yield spermidine
GCF_000612725.1|NZ_HG964452.1_147	SGM	0.007	0.38	0.538	narJ	C	Nitrate reductase, delta subunit
GCA_025963385.1|JAOPUT010000028.1_1	SGM	0.022	0.319	0.538	garA	T	FHA domain containing protein
GCF_000340435.2|NZ_CP011883.2_642	SGM	0	0.003	0.538	gloA	E	Glyoxalase bleomycin resistance protein dioxygenase
GCF_010731675.1|NZ_AP022584.1_2334	SGM	0	0.008	0.538	mce1A	Q	Virulence factor Mce family protein
GCA_019751635.1|JAIENC010000249.1_4	SGM	0	0	0.538	pip	S	Belongs to the peptidase S33 family
GCA_025963385.1|JAOPUT010000345.1_23	SGM	0.007	0.332	0.538		C	Aldo/keto reductase family
GCF_022374895.2|NZ_CP092423.2_776	SGM	0.03	0.026	0.535	esxE	S	Belongs to the WXG100 family
GCF_036023875.1|NZ_CP107931.1_2519	SGM	0	0.506	0.535		Q	SnoaL-like domain
GCF_002101705.1|NZ_LQPC01000028.1_341	SGM	0	0.447	0.535		IQ	COG1028 Dehydrogenases with different specificities (related to short-chain alcohol dehydrogenases)
GCA_025821245.1|JACKRO010000212.1_28	SGM	0	0.442	0.535	tesB	I	Acyl-CoA thioesterase
GCF_010730055.1|NZ_AP022575.1_511	SGM	0	0.069	0.535		EGP	Major facilitator superfamily
GCF_010731715.1|NZ_AP022587.1_174	SGM	0	0.175	0.532		S	pfam rdd
GCF_019247615.1|NZ_JAFBAT010000267.1_3	SGM	0	0.051	0.532		S	SnoaL-like domain
spire_mag_01168185|k141_205404_18	SGM	0	0.329	0.532		IQ	Dehydrogenase
GCF_003408705.1|NZ_QAYL01000025.1_55	SGM	0	0.033	0.532		I	Membrane-associated phospholipid phosphatase
GCA_031292665.1|JARLGR010000153.1_11	SGM	0	0.008	0.532		O	Redoxin
GCF_000157895.3|NC_022663.1_5094	SGM	0.209	0.018	0.532
spire_mag_01168185|k141_162839_17	SGM	0	0.437	0.532		P	Has an organic peroxide-dependent peroxidase activity
GCF_009936235.1|NZ_AP022314.1_2373	SGM	0	0.018	0.532	gntK	G	Gluconokinase
GCA_035634855.1|DASQCE010000399.1_2	SGM	0	0.195	0.532	cad	S	Belongs to the short-chain dehydrogenases reductases (SDR) family
GCF_010729665.1|NZ_AP022610.1_3563	SGM	0	0.103	0.532		K	PFAM helix-turn-helix, HxlR type
GCF_033804605.1|NZ_JAPZKZ010000002.1_506	SGM	0	0.008	0.532		K	transcriptional regulator
GCA_035505695.1|DATJQO010000187.1_11	SGM	0	0.023	0.532		D	regulation of cell shape
GCF_001672915.1|NZ_LZKR01000106.1_18	SGM	0.015	0.118	0.532	lpqH	S	19 kDa lipoprotein antigen
GCF_002553505.1|NZ_PDCP01000014.1_89	SGM	0	0.157	0.532		C	Pyridine nucleotide-disulphide oxidoreductase, dimerisation domain
GCF_030755175.1|NZ_JAUFRY010000001.1_415	SGM	0	0.041	0.532
GCF_010731675.1|NZ_AP022584.1_214	SGM	0	0	0.528
GCA_019246375.1|JAFAQO010000281.1_3	SGM	0.022	0.224	0.528		V	ABC transporter
GCF_010723305.1|NZ_BLKW01000004.1_1992	SGM	0	0.17	0.528
GCF_000317305.3|NC_023036.2_2092	SGM	0	0.216	0.528		S	Domain of Unknown Function (DUF350)
GCF_900078675.2|NZ_LT546236.1_466	SGM	0	0.003	0.528		L	DNA methylase
spire_mag_01678280|k141_228758_1	SGM	0	0.067	0.528		Q	cytochrome p450
GCF_001673535.1|NZ_LZLY01000015.1_2	SGM	0	0.021	0.528		S	nucleic-acid-binding protein containing a Zn-ribbon
GCF_025823255.1|NZ_JACKVL010000006.1_236	SGM	0	0.062	0.528		K	belongs to the sigma-70 factor family, ECF subfamily
spire_mag_00492514|k141_2709709_13	SGM	0	0.067	0.525		E	Glyoxalase/Bleomycin resistance protein/Dioxygenase superfamily
GCF_001665835.1|NZ_LZSX01000072.1_162	SGM	0	0.054	0.525
GCF_007714205.1|NZ_VMQU01000176.1_6	SGM	0	0.136	0.525	guaD	FJ	MafB19-like deaminase
GCA_031292665.1|JARLGR010000122.1_7	SGM	0	0.208	0.525		I	Acyl-CoA dehydrogenase, C-terminal domain
GCF_013466425.1|NZ_CP059165.1_1753	SGM	0	0.008	0.525	hscA	O	Belongs to the heat shock protein 70 family
spire_mag_01603564|k141_640762_2	SGM	0.007	0.265	0.525		Q	SnoaL-like domain
GCA_035651275.1|DASRFZ010000015.1_38	SGM	0	0.172	0.525		S	SPW repeat
GCF_900566085.1|NZ_UPHT01000039.1_9	SGM	0	0.249	0.522
GCA_001665235.1|LZSC01000014.1_9	SGM	0	0	0.522
GCA_036746615.1|DAIODV010000044.1_9	SGM	0	0.244	0.522		IQ	Enoyl-(Acyl carrier protein) reductase
spire_mag_00709072|k119_115676_33	SGM	0	0.244	0.522		S	Protein of unknown function (DUF2993)
GCF_902168065.1|NZ_LR655701.1_48	SGM	0	0.003	0.518
GCF_010731715.1|NZ_AP022587.1_339	SGM	0	0	0.518	sigC	K	Belongs to the sigma-70 factor family. ECF subfamily
GCF_002101555.1|NZ_LQOL01000045.1_103	SGM	0	0.47	0.518		C	3-alpha domain
GCF_039583805.1|NZ_JAVKSH010000067.1_2	SGM	0	0.003	0.518		V	Beta-lactamase
GCA_032159765.1|JAVHWM010000140.1_25	SGM	0	0.329	0.518		P	Rieske [2Fe-2S] domain
GCF_022557175.1|NZ_CP092915.1_2554	SGM	0	0.478	0.518		C	PFAM fumarate reductase succinate dehydrogenase flavoprotein
GCF_001954275.1|NZ_MBEU01000009.1_147	SGM	0	0.419	0.518		S	dihydrodipicolinate reductase
GCF_001673155.1|NZ_LZLE01000354.1_31	SGM	0	0	0.518
GCF_000613245.1|NZ_HG964937.1_150	SGM	0	0.257	0.515		L	nuclease
spire_mag_02683911|k141_78267_4	SGM	0	0.303	0.515	dapA_1	EM	Belongs to the DapA family
GCF_035616495.1|NZ_JAPJAV010000016.1_34	SGM	0	0.003	0.515		H	Exhibits S-adenosyl-L-methionine-dependent methyltransferase activity
GCF_019247615.1|NZ_JAFBAT010000145.1_8	SGM	0	0	0.515		KLT	serine threonine protein kinase
GCF_001673315.1|NZ_LZLQ01000154.1_18	SGM	0	0.285	0.512		Q	Thioesterase-like superfamily
GCF_963853665.1|NZ_OY970459.1_26	SGM	0	0.077	0.512		S	2-nitropropane dioxygenase
GCF_016313185.1|NZ_CP066218.1_444	SGM	0	0.177	0.512	lysA	E	Specifically catalyzes the decarboxylation of meso- diaminopimelate (meso-DAP) to L-lysine
GCA_032162865.1|JAVROG010000418.1_6	SGM	0	0	0.512	pks9	Q	Acyl transferase domain in polyketide synthase (PKS) enzymes.
GCF_029623955.1|NZ_JARSBP010000002.1_946	SGM	0.007	0.275	0.512	prpB	G	Catalyzes the thermodynamically favored C-C bond cleavage of (2R,3S)-2-methylisocitrate to yield pyruvate and succinate
GCA_032162865.1|JAVROG010000201.1_14	SGM	0	0.01	0.512
spire_mag_01585792|k141_173020_35	SGM	0	0.08	0.508		EGP	Transporter
spire_mag_02293027|k119_522189_17	SGM	0	0.152	0.508		C	Molydopterin dinucleotide binding domain
GCF_001672775.1|NZ_LZKJ01000059.1_16	SGM	0	0	0.508		K	Bacterial antitoxin of type II TA system, VapB
GCA_019246375.1|JAFAQO010000036.1_2	SGM	0	0	0.508
GCF_035499775.1|NZ_DATJYB010000179.1_5	SGM	0	0.219	0.508		S	SnoaL-like domain
GCF_018278905.1|NZ_CP046600.1_4313	SGM	0	0	0.508
GCF_900566075.1|NZ_UPHU01000001.1_2317	SGM	0	0.29	0.505		G	Class II aldolase
GCF_900566085.1|NZ_UPHT01000137.1_43	SGM	0	0.09	0.505
GCF_900292015.1|NZ_LR130759.1_4460	SGM	0	0.046	0.505		S	Protein of unknown function (DUF475)
GCF_963378075.1|NZ_OY726394.1_1233	SGM	0	0.003	0.502		EGP	Major facilitator superfamily
spire_mag_02683911|k141_24470_1	SGM	0	0	0.502		T	Belongs to the anti-sigma-factor antagonist family
GCF_010723305.1|NZ_BLKW01000002.1_1228	SGM	0	0.036	0.502		S	dihydrodipicolinate reductase
GCA_035651275.1|DASRFZ010000210.1_3	SGM	0	0.306	0.502		K	Belongs to the sigma-70 factor family. ECF subfamily
GCF_900566075.1|NZ_UPHU01000001.1_2807	SGM	0	0.026	0.502		S	DUF35 OB-fold domain, acyl-CoA-associated
GCF_900566085.1|NZ_UPHT01000095.1_42	SGM	0	0.005	0.502	lppK
spire_mag_01040802|k141_173465_14	SGM	0	0.013	0.502	ephD	S	Alpha/beta hydrolase family
spire_mag_00825461|k141_345462_1	FSM	1	0.964	0.244	trxC	O	belongs to the thioredoxin family
GCA_037141465.1|JBAXCK010000081.1_18	FSM	0.985	0.843	0.043		O	Peptidase S53
GCF_000340435.2|NZ_CP011883.2_2974	FSM	0.978	0.45	0.803	rseA	K	nucleic acid-templated transcription
GCF_035515675.1|NZ_DATJBA010000446.1_23	FSM	0.97	0.45	0.472		G	Exonuclease that cleaves single-stranded 3' overhangs of double-stranded RNA
GCA_039583405.1|JAVKSY010000067.1_18	FSM	0.97	0.686	0.398		M	Catalyzes the hydrolysis of cutin, a polyester that forms the structure of plant cuticle
GCF_002592005.1|NZ_NVQF01000008.1_85	FSM	0.963	0.915	0.338		G	Phosphoglycerate mutase
GCA_023415515.1|JAEZKH010000094.1_5	FSM	0.963	0.193	0.04	ahpE	O	Peroxiredoxin
GCF_010730195.1|NZ_AP022613.1_394	FSM	0.963	0.095	0.421		I	Belongs to the UPF0336 family
spire_mag_00709104|k119_159370_126	FSM	0.955	0.103	0		M	protein potentially involved in peptidoglycan biosynthesis
GCF_035570115.1|NZ_DATMLH010000010.1_30	FSM	0.955	0.308	0.264	terC	P	membrane protein TerC
GCF_010731615.1|NZ_AP022618.1_2071	FSM	0.955	0.558	0.057
GCF_010730955.1|NZ_AP022577.1_5032	FSM	0.955	0.928	0.154		KT	Regulator of polyketide synthase expression
GCF_021916785.1|NZ_JAKCFC010000002.1_866	FSM	0.948	0.614	0.003
GCF_039729195.1|NZ_CP155796.1_4498	FSM	0.948	0.411	0.569	crtV	P	Rieske 2Fe-2S
spire_mag_00036881|k141_806317_186	FSM	0.94	0.041	0.01		K	Bacterial regulatory proteins, tetR family
GCF_011694515.1|NZ_CP050192.1_4689	FSM	0.94	0.722	0.127		S	Belongs to the short-chain dehydrogenases reductases (SDR) family
GCA_020438915.1|JAGQTR010000100.1_4	FSM	0.94	0.689	0.234	rhlG	IQ	reductase
spire_mag_01585792|k141_188269_2	FSM	0.94	0.938	0.191	hisE	S	subfamily IA, variant 3
spire_mag_01949386|k141_446741_1	FSM	0.94	0.159	0.007		S	Cysteine-rich secretory protein family
GCF_002101675.1|NZ_LQOY01000241.1_72	FSM	0.94	0.769	0.421		S	Isoprenylcysteine carboxyl methyltransferase
spire_mag_00709371|k119_20930_6	FSM	0.94	0.077	0		S	Haemophore, haem-binding
GCA_034520035.1|JAXHOA010000088.1_78	FSM	0.94	0.897	0.268		IQ	Short-chain dehydrogenase reductase sdr
GCF_004570325.1|NZ_SPQO01000023.1_10	FSM	0.94	0.918	0.247		T	2-nitropropane dioxygenase
GCF_902168065.1|NZ_LR655704.1_26	FSM	0.933	0.069	0.271
GCA_035625875.1|DASPOT010000101.1_6	FSM	0.933	0.152	0.214	pyrE	F	Catalyzes the transfer of a ribosyl phosphate group from 5-phosphoribose 1-diphosphate to orotate, leading to the formation of orotidine monophosphate (OMP)
spire_mag_02088284|k141_1996327_28	FSM	0.933	0.422	0.334
GCF_035649695.1|NZ_DASRJA010000033.1_12	FSM	0.933	0.722	0.01		S	Domain of unknown function (DUF4126)
GCA_036497495.1|DASXJI010000159.1_5	FSM	0.933	0.254	0.91	lpqD	G	phosphoglycerate mutase
GCF_035570115.1|NZ_DATMLH010000247.1_26	FSM	0.933	0.344	0.258	fdxA	C	PFAM 4Fe-4S binding domain
GCF_032117575.1|NZ_JAULZA010000028.1_3	FSM	0.933	0.905	0.167		S	2-nitropropane dioxygenase
GCA_000230935.2|AGIQ01000002.1_157	FSM	0.933	0.91	0.05
GCA_025966225.1|JAOPVI010000133.1_3	FSM	0.933	0.342	0		IQ	Dehydrogenase
GCA_020438785.1|JAGQTW010000087.1_1	FSM	0.933	0.293	0.1		C	Belongs to the aldehyde dehydrogenase family
GCF_010730355.1|NZ_AP022576.1_4888	FSM	0.925	0.396	0.789	amiB2	J	Belongs to the amidase family
GCA_037141465.1|JBAXCK010000153.1_1	FSM	0.925	0.159	0.706		S	Excreted virulence factor EspC, type VII ESX diderm
GCF_033804465.1|NZ_JAPZLA010000001.1_1610	FSM	0.925	0.103	0
GCF_016462945.1|NZ_JAEMSG010000095.1_7	FSM	0.925	0.797	0.094	fadD13	IQ	COG0318 Acyl-CoA synthetases (AMP-forming) AMP-acid ligases II
GCA_020438845.1|JAGQTV010000067.1_32	FSM	0.925	0.108	0	mpt	M	Fasciclin
spire_mag_01777835|k141_524032_5	FSM	0.925	0.853	0.003		E	inner membrane component
GCF_004570325.1|NZ_SPQO01000001.1_168	FSM	0.925	0.753	0.177	srsC	C	FAD dependent oxidoreductase
GCF_022557175.1|NZ_CP092915.1_6159	FSM	0.925	0.257	0.866
GCF_002102175.1|NZ_LQOX01000108.1_33	FSM	0.925	0.298	0.512		S	AI-2E family transporter
GCA_025965815.1|JAOPWF010000325.1_4	FSM	0.925	0.648	0.027	ptbA	G	phosphoenolpyruvate-dependent sugar phosphotransferase system, EIIA 1
spire_mag_01107416|k141_257469_7	FSM	0.925	0.116	0.482
GCF_000620625.1|NZ_JIAW01000005.1_160	FSM	0.918	0.825	0.047	ripA_1	M	COG0791 Cell wall-associated hydrolases (invasion-associated proteins)
GCA_020438845.1|JAGQTV010000017.1_70	FSM	0.918	0.141	0.769	eccB	S	secretion protein EccB
spire_mag_02598702|k141_228948_7	FSM	0.918	0.131	0.649		S	DJ-1 PfpI family
spire_mag_01040852|k141_53983_39	FSM	0.918	0.411	0.01
spire_mag_02088219|k141_1683810_266	FSM	0.918	0.26	0.508	crtT	Q	Methyltransferase
GCA_029979305.1|JAPOHV010000072.1_12	FSM	0.918	0.046	0		S	Bacterial PH domain
spire_mag_01662118|k141_392802_2	FSM	0.91	0.046	0		E	haloacid dehalogenase-like hydrolase
GCA_029780675.1|JAKOYE010000140.1_35	FSM	0.91	0.044	0.01		K	luxR family
GCA_035279185.1|DATEIG010000608.1_1	FSM	0.903	0.841	0.033	ptsH	G	HPr family
spire_mag_01623019|k141_528099_5	FSM	0.903	0.165	0.007		M	Transglycosylase-like domain
GCA_020438845.1|JAGQTV010000072.1_73	FSM	0.903	0	0		EGP	of the major facilitator superfamily
GCF_029961025.1|NZ_JASBVP010000002.1_193	FSM	0.903	0.368	0.779	pntAA	C	NAD(P) transhydrogenase, alpha subunit
GCF_001665395.1|NZ_LZSG01000001.1_238	FSM	0.903	0.815	0.094	lsr2	S	pathogenesis
spire_mag_01949938|k141_17852_3	FSM	0.903	0.771	0.06		T	Histidine kinase
spire_mag_01168129|k141_4105887_6	FSM	0.903	0.37	0.893		EGP	Major facilitator superfamily
GCF_963853645.1|NZ_OY970456.1_3882	FSM	0.903	0.609	0.355		P	Flavin-binding monooxygenase-like
GCA_039935195.1|JBDTKT010000069.1_1	FSM	0.903	0.126	0.224		I	acyl-CoA dehydrogenase
GCA_040398885.1|JBBATF010000066.1_7	FSM	0.903	0.005	0.535	chaA	P	Sodium/calcium exchanger protein
spire_mag_01776429|k141_482236_7	FSM	0.903	0.784	0
GCA_018882965.1|VEQY01000045.1_26	FSM	0.903	0.342	0.465	pntAb	C	NADP transhydrogenase
GCF_010729485.1|NZ_AP022609.1_327	FSM	0.903	0.213	0.525		GM	epimerase dehydratase
spire_mag_01117712|k141_1894016_6	FSM	0.903	0	0	yccS_1	S	Fusaric acid resistance protein-like
GCA_041303695.1|JBFYOR010000026.1_15	FSM	0.903	0.866	0.003	potH	P	ABC-type spermidine putrescine transport system, permease component I
GCA_945897705.1|CAMDFY010000131.1_10	FSM	0.903	0.296	0.067	nrdH	O	(Glutaredoxin-like protein) NrdH
GCA_019751635.1|JAIENC010000217.1_15	FSM	0.903	0.069	0.017		L	pfam nudix
GCA_037129875.1|JBAXUD010000207.1_2	FSM	0.903	0.108	0.01		S	5-oxoprolinase (ATP-hydrolyzing) activity
GCA_903862565.1|CAIOYU010000216.1_7	FSM	0.903	0.008	0		S	peptidase activity
GCF_010725885.1|NZ_AP022600.1_1723	FSM	0.903	0.152	0.067		K	Helix-turn-helix
GCA_032159965.1|JAVHWG010000263.1_8	FSM	0.903	0.401	0.043
GCA_022601135.1|JAHZJB010000105.1_17	FSM	0.903	0.411	0.391	menE	IQ	O-succinylbenzoic acid--CoA ligase
GCA_025966225.1|JAOPVI010000313.1_2	FSM	0.903	0.118	0.04		S	VIT family
GCF_001672895.1|NZ_LZKP01000180.1_20	FSM	0.903	0.373	0.003		E	Glyoxalase bleomycin resistance protein dioxygenase
GCF_000805385.1|NZ_JTJW01000010.1_72	FSM	0.903	0.437	0.294		S	Major Facilitator Superfamily
GCA_001665235.1|LZSC01000057.1_193	FSM	0.896	0.455	0.241		S	Protein of unknown function (DUF1295)
GCA_903862565.1|CAIOYU010000372.1_16	FSM	0.896	0.722	0.231	aroK	F	Catalyzes the specific phosphorylation of the 3-hydroxyl group of shikimic acid using ATP as a cosubstrate
GCF_008329645.1|NZ_CP043474.1_3351	FSM	0.896	0.835	0.154	gluB	ET	extracellular solute-binding
GCA_019236925.1|JAFAID010000137.1_5	FSM	0.896	0.733	0.231		Q	dioxygenase
GCA_026393245.1|JAPLAO010000135.1_39	FSM	0.896	0.023	0		P	PFAM Rieske 2Fe-2S
GCF_041287165.1|NZ_JBGGKV010000002.1_321	FSM	0.896	0.185	0.1		Q	DSBA-like thioredoxin domain
GCF_001667265.1|NZ_LZHW01000023.1_28	FSM	0.896	0.116	0.515	PE36	S	PE family
GCF_022317005.1|NZ_CP081006.1_957	FSM	0.896	0.666	0.05	resD	T	PFAM response regulator receiver
spire_mag_01776429|k141_717272_34	FSM	0.896	0.841	0.013		S	haloacid dehalogenase
spire_mag_00864073|k141_176191_4	FSM	0.896	0.08	0.01	ybaB	S	Binds to DNA and alters its conformation. May be involved in regulation of gene expression, nucleoid organization and DNA protection
GCF_017853185.1|NZ_JAFMJZ010000037.1_16	FSM	0.888	0.1	0		KLT	PknH-like extracellular domain
GCF_035570115.1|NZ_DATMLH010000293.1_9	FSM	0.888	0.496	0.308		S	Domain of unknown function (DUF427)
GCF_035640695.1|NZ_DASQVQ010000026.1_22	FSM	0.888	0.879	0.027		E	Extracellular solute-binding protein
spire_mag_00709104|k119_175217_1	FSM	0.888	0.103	0		E	Amino acid permease
GCF_000559085.1|NZ_JALN02000001.1_1050	FSM	0.888	0.576	0.017	lpqC	Q	esterase
GCF_030486405.1|NZ_CP129613.1_1972	FSM	0.888	0.663	0.023	nagE	G	phosphotransferase system, EIIB
GCF_033741175.1|NZ_JAWQNE010000011.1_44	FSM	0.888	0.815	0.033	ptsI	G	General (non sugar-specific) component of the phosphoenolpyruvate-dependent sugar phosphotransferase system (sugar PTS). This major carbohydrate active-transport system catalyzes the phosphorylation of incoming sugar substrates concomitantly with their translocation across the cell membrane. Enzyme I transfers the phosphoryl group from phosphoenolpyruvate (PEP) to the phosphoryl carrier protein (HPr)
GCF_002592005.1|NZ_NVQF01000102.1_12	FSM	0.881	0.355	0.736	pntB	C	the transhydrogenation between NADH and NADP is coupled to respiration and ATP hydrolysis and functions as a proton pump across the membrane
spire_mag_00691761|k141_32079_1	FSM	0.881	0.668	0.03
GCF_002086675.1|NZ_MVIF01000006.1_66	FSM	0.881	0.334	0.866	lipU	I	Alpha beta hydrolase
GCA_038244615.1|JBBRTH010000011.1_37	FSM	0.881	0.787	0.043		I	acyl-CoA dehydrogenase
GCF_035649695.1|NZ_DASRJA010000630.1_1	FSM	0.881	0.355	0.676	mshB	S	Catalyzes the deacetylation of 1D-myo-inositol 2- acetamido-2-deoxy-alpha-D-glucopyranoside (GlcNAc-Ins) in the mycothiol biosynthesis pathway
spire_mag_01949386|k141_514913_1	FSM	0.881	0.039	0	pap	S	Polyphosphate kinase 2 (PPK2)
spire_mag_00138052|k141_610377_8	FSM	0.881	0.069	0.104	dnaG	L	RNA polymerase that catalyzes the synthesis of short RNA molecules used as primers for DNA polymerase during DNA replication
spire_mag_00709062|k119_66699_28	FSM	0.881	0.054	0.074		S	von willebrand factor type a
GCF_010730355.1|NZ_AP022576.1_427	FSM	0.873	0.234	0.813		H	Methyltransferase type 12
GCA_002007745.1|CP019882.1_4235	FSM	0.873	0.504	0.14		Q	Virulence factor Mce family protein
GCA_039922455.1|JBDTEP010000114.1_6	FSM	0.873	0.113	0.666		S	EspG family
GCF_020181635.2|NZ_JAYJJS010000016.1_64	FSM	0.873	0.748	0.077		S	Protein of unknown function (DUF2613)
spire_mag_01776429|k141_313419_28	FSM	0.873	0.35	0.642		Q	Cytochrome P450
spire_mag_01949778|k141_454593_2	FSM	0.873	0.201	0.86		S	Aminoglycoside phosphotransferase
GCA_019751635.1|JAIENC010000113.1_12	FSM	0.873	0.17	0.809		M	NlpC/P60 family
GCF_032117575.1|NZ_JAULZA010000034.1_40	FSM	0.873	0.069	0.007		S	membrane protein, required for N-linked glycosylation
GCA_903862565.1|CAIOYU010000211.1_4	FSM	0.873	0.005	0		Q	Protein of unknown function (DUF1298)
GCA_037138615.1|JBAXIA010000036.1_10	FSM	0.873	0.023	0.043		Q	Protein of unknown function (DUF1298)
spire_mag_01632252|k141_374886_1	FSM	0.873	0.041	0
GCA_037141465.1|JBAXCK010000099.1_4	FSM	0.866	0	0		S	Protein of unknown function (DUF2505)
GCA_001942045.1|MSTD01000048.1_23	FSM	0.866	0.763	0.06		C	Belongs to the prokaryotic molybdopterin-containing oxidoreductase family
GCF_002553505.1|NZ_PDCP01000018.1_44	FSM	0.866	0.298	0.482	parA	D	chromosome partitioning
GCF_002968335.2|NZ_CP134398.1_4466	FSM	0.866	0.237	0.067		S	Uncharacterized protein conserved in bacteria (DUF2236)
GCA_903877095.1|CAIRCP010000193.1_8	FSM	0.866	0.093	0.02		S	Protein of unknown function (DUF1365)
GCF_010728725.1|NZ_AP022606.1_1747	FSM	0.866	0.157	0.147		I	Acyl-CoA dehydrogenase, C-terminal domain
GCA_030836785.1|JAUPLT010000082.1_4	FSM	0.866	0.072	0.007		T	sh3 domain protein
GCF_001673575.1|NZ_LZME01000042.1_4	FSM	0.866	0.131	0.732		D	bacterial-type flagellum organization
GCF_017086405.1|NZ_CP070973.1_3787	FSM	0.866	0.347	0.11		S	acetyltransferases and hydrolases with the alpha beta hydrolase fold
spire_mag_00036881|k141_1462914_14	FSM	0.866	0.015	0.013		S	Pyridoxamine 5-phosphate
GCF_900176255.2|NZ_FXEG02000003.1_1055	FSM	0.858	0.478	0.127
GCF_003719305.1|NZ_RARC01000003.1_203	FSM	0.858	0.476	0.114		I	acyl-CoA dehydrogenase
spire_mag_01603564|k141_774235_3	FSM	0.858	0.656	0.241	cyp135B1	C	cytochrome p450
spire_mag_00036881|k141_2471867_11	FSM	0.858	0.103	0		U	Part of the Sec protein translocase complex. Interacts with the SecYEG preprotein conducting channel. SecDF uses the proton motive force (PMF) to complete protein translocation after the ATP-dependent function of SecA
spire_mag_02088284|k141_1755549_6	FSM	0.858	0.185	0.231		I	acyl-CoA dehydrogenase
spire_mag_01744910|k141_1919139_6	FSM	0.858	0.311	0.381	tesA	Q	thioesterase
GCF_945957405.1|NZ_CAMFLL010000221.1_3	FSM	0.858	0.676	0	mmr	P	Multidrug resistance protein
GCF_022557175.1|NZ_CP092915.1_5735	FSM	0.858	0.738	0.107
GCF_035623875.1|NZ_DASPSP010000101.1_1	FSM	0.858	0.159	0.849	whiB5	K	Acts as a transcriptional regulator. Probably redox- responsive. The apo- but not holo-form probably binds DNA
GCA_020439025.1|JAGQTO010000087.1_5	FSM	0.858	0.131	0.358	eccD2	S	WXG100 protein secretion system (Wss), protein YukD
GCF_900187065.1|NZ_LT906483.1_2643	FSM	0.858	0.833	0.02		S	Putative transmembrane protein (PGPGW)
spire_mag_00709371|k119_140578_20	FSM	0.858	0.185	0.003		S	protein conserved in bacteria
GCF_001905655.1|NZ_JMHT01000020.1_28	FSM	0.858	0.144	0.003		MT	Sh3 type 3 domain protein
spire_mag_00709371|k119_128979_2	FSM	0.858	0.131	0		Q	dithiol-disulfide isomerase involved in polyketide biosynthesis
GCF_033741125.1|NZ_JAWQPU010000001.1_498	FSM	0.858	0.116	0.669	icd	C	Belongs to the isocitrate and isopropylmalate dehydrogenases family
GCF_036023875.1|NZ_CP107931.1_4752	FSM	0.858	0.285	0.421	fadD11_1	I	synthetase
spire_mag_01108952|k141_1862261_5	FSM	0.851	0.013	0		I	Iron-binding zinc finger CDGSH type
GCF_006439015.1|NZ_RCZG01000001.1_630	FSM	0.851	0.344	0.207	xerC	D	Belongs to the 'phage' integrase family. XerC subfamily
GCF_025263565.1|NZ_CP079865.1_1271	FSM	0.851	0.792	0.017		E	Belongs to the class-III pyridoxal-phosphate-dependent aminotransferase family
GCA_035996225.1|DASYJS010000245.1_3	FSM	0.851	0.224	0.278	cyp147G1	C	cytochrome p450
GCA_035606475.1|DATNFI010000086.1_18	FSM	0.851	0.36	0.151	yerD	E	Belongs to the glutamate synthase family
GCF_010731615.1|NZ_AP022618.1_955	FSM	0.851	0.422	0.003		C	Luciferase-like monooxygenase
GCA_903877095.1|CAIRCP010000168.1_2	FSM	0.851	0.008	0	pnuC	H	nicotinamide mononucleotide transporter
GCA_022601135.1|JAHZJB010000075.1_22	FSM	0.851	0.226	0.007		EGP	Major Facilitator
GCA_002967005.1|PPEA01000668.1_7	FSM	0.851	0.239	0.756	mkl	P	ABC transporter
GCA_022841565.1|JALHRH010000004.1_30	FSM	0.851	0.113	0.207		S	Tocopherol cyclase
GCA_903884065.1|CAISDL010000135.1_2	FSM	0.843	0.638	0.047		Q	Thioesterase-like superfamily
spire_mag_00138052|k141_560561_11	FSM	0.843	0.103	0		S	Golgi phosphoprotein 3 (GPP34)
GCF_032117575.1|NZ_JAULZA010000106.1_4	FSM	0.843	0.136	0.003	glpF	U	Belongs to the MIP aquaporin (TC 1.A.8) family
spire_mag_01108461|k141_190250_1	FSM	0.843	0.113	0		S	Sap, sulfolipid-1-addressing protein
GCF_025215495.1|NZ_CP104302.1_251	FSM	0.843	0.833	0		E	FAD dependent oxidoreductase
GCA_026393245.1|JAPLAO010000137.1_33	FSM	0.843	0.344	0.191
GCA_036782595.1|DAIPYT010000003.1_9	FSM	0.843	0.059	0	PPE69	N	PPE family
GCA_040509115.1|JBEVLO010000482.1_18	FSM	0.836	0.465	0.181	yajC	U	Preprotein translocase
spire_mag_00709104|k119_159370_147	FSM	0.836	0.129	0.06		S	Protein of unknown function (DUF3159)
spire_mag_01752215|k141_1732358_1	FSM	0.836	0.17	0.007		S	Uncharacterized protein conserved in bacteria (DUF2236)
GCF_010729105.1|NZ_AP022573.1_890	FSM	0.836	0.815	0.194		P	pyridoxamine 5'-phosphate
GCF_003408705.1|NZ_QAYL01000024.1_60	FSM	0.836	0.494	0.291	pgl	G	6-phosphogluconolactonase
spire_mag_00688177|k141_64263_12	FSM	0.836	0.062	0		K	Bacterial regulatory proteins, tetR family
GCA_903862565.1|CAIOYU010000449.1_2	FSM	0.836	0.388	0.244		I	Acyltransferase
GCF_001053185.1|NZ_CSTD01000004.1_399	FSM	0.836	0.262	0.488		O	PFAM Cytochrome C
GCA_020438865.1|JAGQTU010000010.1_19	FSM	0.836	0.319	0.418	papA5	Q	Catalyzes diesterification of phthiocerol and phthiodiolone with mycocerosic acids, the final step in the phthiocerol and phthiodiolone dimycocerosate esters (PDIM) synthesis. Can directly transfer the mycocerosate bound to the mycocerosic acid synthase (mas) onto the substrate alcohols
spire_mag_00709104|k119_102556_12	FSM	0.836	0.131	0.786		O	Type VII secretion
GCA_005789055.1|SYAA01000090.1_6	FSM	0.836	0.044	0
GCA_018500005.2|JAHBAP020000532.1_8	FSM	0.828	0.033	0.01		E	Ornithine cyclodeaminase mu-crystallin
spire_mag_00138007|k141_198822_3	FSM	0.828	0.622	0.174		E	Sap, sulfolipid-1-addressing protein
spire_mag_01662118|k141_592661_11	FSM	0.828	0.093	0.595	mycP	O	Peptidase S8
GCA_037138615.1|JBAXIA010000005.1_55	FSM	0.828	0.039	0
GCA_945882475.1|CAMCWJ010000003.1_23	FSM	0.828	0.039	0.003		O	Disulfide bond formation protein DsbB
GCA_018500005.2|JAHBAP020000376.1_9	FSM	0.828	0.185	0.127		C	4Fe-4S single cluster domain of Ferredoxin I
spire_mag_02374351|k141_25880_24	FSM	0.828	0.147	0.247		S	integral membrane protein
spire_mag_01748232|k141_1159747_9	FSM	0.828	0.219	0.01		S	Conserved hypothetical protein (DUF2461)
GCA_964202555.1|CAXNJA010000089.1_8	FSM	0.828	0.522	0.013		Q	SnoaL-like domain
GCF_019456655.1|NZ_CP080332.1_1747	FSM	0.828	0.589	0.184	lpqM	S	neutral zinc metallopeptidase
spire_mag_01662118|k141_436422_10	FSM	0.828	0.234	0.197		S	Putative holin
GCA_022600695.1|JAHZJY010000375.1_9	FSM	0.828	0.005	0	mepA	M	peptidase
GCA_022601135.1|JAHZJB010000151.1_7	FSM	0.828	0.026	0		K	cell envelope-related transcriptional attenuator
GCF_010726765.1|NZ_AP022601.1_4446	FSM	0.828	0.792	0.007		E	FAD dependent oxidoreductase
GCA_900637135.1|LR134353.1_2168	FSM	0.828	0.339	0.077
GCF_000612725.1|NZ_HG964450.1_1077	FSM	0.828	0.72	0.281		S	Protein of unknown function (DUF3054)
GCA_018882545.1|VERS01000705.1_2	FSM	0.821	0.077	0	lppI
GCA_040398865.1|JBBATG010000011.1_20	FSM	0.821	0.118	0.033	ychF	J	ATPase that binds to both the 70S ribosome and the 50S ribosomal subunit in a nucleotide-independent manner
spire_mag_01040852|k141_293014_90	FSM	0.821	0.746	0.177
GCA_035721065.1|DASTNJ010000118.1_27	FSM	0.821	0.157	0.284		V	ABC transporter
GCF_033741175.1|NZ_JAWQNE010000033.1_37	FSM	0.821	0.136	0.766	eccCa	D	FtsK/SpoIIIE family
GCF_032117575.1|NZ_JAULZA010000048.1_1	FSM	0.821	0	0
GCA_020438895.1|JAGQTS010000324.1_10	FSM	0.821	0.733	0.01		E	Aminotransferase
GCA_037141465.1|JBAXCK010000008.1_13	FSM	0.821	0.028	0	ptsG	G	phosphotransferase system, EIIB
GCF_022374895.2|NZ_CP092423.2_4484	FSM	0.821	0.404	0.137		I	Acyl-CoA dehydrogenase, C-terminal domain
GCA_040398885.1|JBBATF010000105.1_6	FSM	0.813	0.041	0	lpqV	S	Putative lipoprotein LpqV
GCA_025965895.1|JAOPWC010000166.1_30	FSM	0.813	0.74	0.197
GCF_013404075.1|NZ_JACBJQ010000082.1_22	FSM	0.813	0.499	0.027
spire_mag_01112215|k141_1631542_5	FSM	0.813	0.049	0		KLT	serine threonine protein kinase
GCF_002086515.1|NZ_MVHH01000021.1_49	FSM	0.813	0.177	0.057		P	Sulfatase
spire_mag_01755240|k141_1332133_12	FSM	0.813	0.105	0
spire_mag_01584542|k141_608899_12	FSM	0.813	0.717	0.281	glbO	S	truncated
spire_mag_00709104|k119_191855_6	FSM	0.813	0.005	0		H	AAA domain
GCA_040752555.1|JBFMGT010000024.1_10	FSM	0.813	0.812	0.164		P	PFAM beta-lactamase domain protein
GCF_010728725.1|NZ_AP022606.1_2397	FSM	0.813	0.478	0.124	ndh1	C	Pyridine nucleotide-disulphide oxidoreductase
spire_mag_01104521|k141_5295410_4	FSM	0.813	0.005	0.01		I	Phosphate acyltransferases
GCF_022760805.1|NZ_JAIVFL010000001.1_2032	FSM	0.813	0.506	0.288	furB	P	Belongs to the Fur family
GCF_900603025.1|NZ_LR026975.1_1095	FSM	0.813	0.326	0.017		S	membrane
spire_mag_00709371|k119_111879_7	FSM	0.813	0.054	0
GCA_903884065.1|CAISDL010000133.1_15	FSM	0.806	0.165	0.716	lipQ	I	Prolyl oligopeptidase family
GCF_019050325.1|NZ_VOMB01000010.1_149	FSM	0.806	0.177	0.013	sadh	S	alcohol dehydrogenase
GCF_000689255.1|NZ_HG964446.1_4045	FSM	0.806	0.121	0.03		S	Thioesterase
GCF_009729415.1|NZ_MPKW01000018.1_33	FSM	0.806	0.787	0.007		S	PFAM Xanthine uracil vitamin C permease
spire_mag_00709072|k119_215936_11	FSM	0.806	0.221	0.05	fadD28	IQ	Activates fatty acids by binding to coenzyme A
spire_mag_01168185|k141_573687_12	FSM	0.806	0.496	0.301	fabG	IQ	COGs COG1028 Dehydrogenase with different specificities (related to short-chain alcohol dehydrogenase)
GCF_025822245.1|NZ_JACKTL010000036.1_20	FSM	0.806	0.452	0.177	cry1	S	deoxyribodipyrimidine
GCA_903877095.1|CAIRCP010000046.1_10	FSM	0.806	0.105	0.033	pbp1A	M	penicillin-binding protein
GCA_903884065.1|CAISDL010000058.1_96	FSM	0.806	0.224	0.274		S	Reductase C-terminal
GCA_018268465.1|JAFDWN010000005.1_87	FSM	0.806	0.632	0.067		S	Haemophore, haem-binding
spire_mag_01949332|k141_120710_1	FSM	0.806	0.121	0.007		M	Membrane
GCA_016197365.1|JACPVS010000006.1_205	FSM	0.799	0.375	0.1		KL	DNA helicase
GCA_018401645.1|JAGYKK010000005.1_92	FSM	0.799	0.301	0.03		S	Putative threonine/serine exporter
spire_mag_00709371|k119_208376_9	FSM	0.799	0.391	0.007	dac	M	Belongs to the peptidase S11 family
GCA_035606475.1|DATNFI010000017.1_6	FSM	0.799	0.27	0.579	aroQ	E	Catalyzes a trans-dehydration via an enolate intermediate
GCA_022600605.1|JAHZKD010000520.1_4	FSM	0.799	0.56	0.224	fprB	C	ferredoxin
GCA_021732005.1|JAKFVT010000038.1_21	FSM	0.799	0.108	0
spire_mag_01585481|k141_238944_25	FSM	0.799	0.111	0	galE	M	Belongs to the NAD(P)-dependent epimerase dehydratase family
spire_mag_02088284|k141_1792088_6	FSM	0.799	0.105	0.03		P	Ion channel
GCF_002591975.1|NZ_NVQE01000001.1_31	FSM	0.799	0.38	0.294		S	polyketide cyclase dehydrase
GCA_005789055.1|SYAA01000305.1_13	FSM	0.799	0.08	0
GCF_008329905.1|NZ_CP032155.1_1607	FSM	0.799	0.17	0.502		L	AAA domain
GCA_040512325.1|JBEVFK010000114.1_10	FSM	0.799	0.015	0		KLT	serine threonine protein kinase
GCF_001457595.1|NZ_LN831039.1_3434	FSM	0.791	0.44	0	menC	M	Belongs to the mandelate racemase muconate lactonizing enzyme family
spire_mag_01112928|k141_4696747_3	FSM	0.791	0.008	0.007		M	Glycosyl transferase family 21
spire_mag_01960731|k141_745076_8	FSM	0.791	0.003	0
GCF_006864685.1|NZ_VIFX01000036.1_48	FSM	0.791	0.406	0.01	guaA_2	F	Peptidase C26
GCA_020438905.1|JAGQTQ010000034.1_42	FSM	0.791	0.458	0.013	nagB	G	Catalyzes the reversible isomerization-deamination of glucosamine 6-phosphate (GlcN6P) to form fructose 6-phosphate (Fru6P) and ammonium ion
GCA_021732005.1|JAKFVT010000008.1_40	FSM	0.791	0.111	0.017	yeeR	O	methyltransferase activity
GCF_001665685.1|NZ_LZTB01000011.1_1	FSM	0.791	0.638	0.01		C	Aldehyde dehydrogenase family
spire_mag_01662118|k141_86227_21	FSM	0.791	0.159	0.1		QT	PucR C-terminal helix-turn-helix domain
GCF_010731895.1|NZ_AP022596.1_459	FSM	0.791	0.221	0.077		T	Belongs to the universal stress protein A family
spire_mag_01753570|k141_270511_2	FSM	0.791	0.028	0
GCA_041303695.1|JBFYOR010000279.1_8	FSM	0.791	0	0	cutC	P	Participates in the control of copper homeostasis
GCF_001665575.1|NZ_LZSU01000034.1_79	FSM	0.784	0.347	0.094		S	Protein of unknown function (DUF732)
spire_mag_01112767|k141_3253829_8	FSM	0.784	0.612	0.06	acsA	I	TIGRFAM Acetoacetyl-CoA synthase
spire_mag_01662118|k141_231918_6	FSM	0.784	0.18	0.03		S	Protein of unknown function (DUF3349)
spire_mag_01112928|k141_3641591_1	FSM	0.784	0.057	0		G	Alpha-L-fucosidase
spire_mag_01777252|k141_452108_16	FSM	0.784	0.041	0		IQ	KR domain
GCA_023264735.1|JAHFVD010000113.1_12	FSM	0.784	0.159	0		O	Glutaredoxin
GCF_022370755.2|NZ_CP092364.2_6127	FSM	0.784	0.704	0.03		I	Acyl-CoA thioesterase
GCA_964203005.1|CAXNKV010000016.1_36	FSM	0.784	0.116	0
GCF_018278905.1|NZ_CP046600.1_42	FSM	0.784	0.051	0.452		S	Protein of unknown function (DUF2710)
spire_mag_01094475|k119_700135_1	FSM	0.776	0.185	0.127		C	Oxidoreductase FAD-binding domain
GCA_020438905.1|JAGQTQ010000068.1_10	FSM	0.776	0.296	0.003		S	MspA protein
GCA_035253445.1|DATFCF010000229.1_1	FSM	0.776	0.262	0.08		S	pfam rdd
GCA_029780675.1|JAKOYE010000217.1_5	FSM	0.776	0.008	0		L	Beta propeller domain
GCA_032161985.1|JAVRPX010000603.1_3	FSM	0.776	0.36	0.271		M	transglycosylase
GCA_021732005.1|JAKFVT010000045.1_26	FSM	0.776	0.185	0.144		S	polyketide cyclase
spire_mag_01112928|k141_2131249_10	FSM	0.776	0	0
spire_mag_01744910|k141_885130_2	FSM	0.776	0.008	0.01	crtD	Q	Flavin containing amine oxidoreductase
spire_mag_00138007|k141_570388_9	FSM	0.776	0.391	0.1	gluP	NU	Rhomboid family
GCF_963853665.1|NZ_OY970459.1_835	FSM	0.769	0.265	0.037	lys1	E	Saccharopine dehydrogenase
GCA_018268465.1|JAFDWN010000010.1_104	FSM	0.769	0.674	0.03	tgt	J	Catalyzes the base-exchange of a guanine (G) residue with the queuine precursor 7-aminomethyl-7-deazaguanine (PreQ1) at position 34 (anticodon wobble position) in tRNAs with GU(N) anticodons (tRNA-Asp, -Asn, -His and -Tyr). Catalysis occurs through a double-displacement mechanism. The nucleophile active site attacks the C1' of nucleotide 34 to detach the guanine base from the RNA, forming a covalent enzyme-RNA intermediate. The proton acceptor active site deprotonates the incoming PreQ1, allowing a nucleophilic attack on the C1' of the ribose to form the product. After dissociation, two additional enzymatic reactions on the tRNA convert PreQ1 to queuine (Q), resulting in the hypermodified nucleoside queuosine (7-(((4,5-cis-dihydroxy-2- cyclopenten-1-yl)amino)methyl)-7-deazaguanosine)
GCA_026393245.1|JAPLAO010000141.1_80	FSM	0.769	0.177	0.04
GCF_000613245.1|NZ_HG964938.1_603	FSM	0.769	0.131	0.421		S	Septum formation
spire_mag_01198798|k141_40510_44	FSM	0.769	0.285	0		S	Belongs to the short-chain dehydrogenases reductases (SDR) family
GCA_026393245.1|JAPLAO010000192.1_2	FSM	0.769	0.008	0.027
spire_mag_01822349|k141_1757157_1	FSM	0.769	0.113	0.435	ephG	Q	Limonene-1,2-epoxide hydrolase
GCA_020438845.1|JAGQTV010000052.1_2	FSM	0.769	0.17	0.194	grpE	O	Participates actively in the response to hyperosmotic and heat shock by preventing the aggregation of stress-denatured proteins, in association with DnaK and GrpE. It is the nucleotide exchange factor for DnaK and may function as a thermosensor. Unfolded proteins bind initially to DnaJ
GCA_039935195.1|JBDTKT010000232.1_5	FSM	0.769	0.193	0.164	sigK	K	Belongs to the sigma-70 factor family. ECF subfamily
GCA_903877095.1|CAIRCP010000229.1_21	FSM	0.769	0.648	0.037	tdsD	C	nitroreductase
spire_mag_01621671|k141_585346_3	FSM	0.769	0.424	0.231	ppa	C	Catalyzes the hydrolysis of inorganic pyrophosphate (PPi) forming two phosphate ions
spire_mag_02088418|k141_3022539_2	FSM	0.761	0.005	0.023	lipE	V	beta-lactamase
GCA_036390735.1|DASWBF010000349.1_1	FSM	0.761	0.234	0.023		P	Natural resistance-associated macrophage protein
GCF_030755175.1|NZ_JAUFRY010000001.1_2470	FSM	0.761	0.491	0.244	mtc28	S	Probable lipoprotein LpqN
spire_mag_01747196|k141_1568_9	FSM	0.761	0	0
GCF_029892685.1|NZ_JARXVD010000021.1_57	FSM	0.761	0.167	0		J	Zn-ribbon protein possibly nucleic acid-binding
spire_mag_01093898|k119_34141_32	FSM	0.761	0.033	0
GCF_004745805.1|NZ_SRLQ01000017.1_119	FSM	0.761	0.494	0.114	hypE	O	hydrogenase expression formation protein HypE
spire_mag_00488916|k141_240089_53	FSM	0.754	0.121	0.181	citA	T	Signal transduction histidine kinase regulating citrate malate metabolism
GCF_032883035.1|NZ_JAMQTH010000012.1_123	FSM	0.754	0.558	0.064
spire_mag_01196792|k141_16118_83	FSM	0.754	0.306	0.013		S	Pyridoxamine 5'-phosphate oxidase
spire_mag_00709371|k119_169145_1	FSM	0.754	0.157	0.04		S	membrane
GCA_040398885.1|JBBATF010000001.1_27	FSM	0.754	0.419	0.017		H	Tellurite resistance protein TehB
spire_mag_00036881|k141_1933270_25	FSM	0.754	0.152	0		S	Pyridoxamine 5'-phosphate oxidase
spire_mag_02003535|k141_296511_16	FSM	0.754	0.067	0.067		K	Transcription elongation factor, GreA/GreB, C-term
GCF_025822605.1|NZ_JACKTY010000029.1_250	FSM	0.754	0.136	0.013	asnC	K	AsnC family
spire_mag_01108952|k141_51646_3	FSM	0.754	0.141	0.027	nhaP	P	Sodium/hydrogen exchanger family
GCA_900078375.1|FLQS01000007.1_92	FSM	0.754	0.676	0.227	mazG	S	pyrophosphohydrolase
GCA_026393245.1|JAPLAO010000223.1_24	FSM	0.754	0.108	0		S	peptidase activity
spire_mag_01662118|k141_16519_20	FSM	0.754	0.118	0.164
spire_mag_01679848|k119_206258_12	FSM	0.746	0.116	0.13		S	MmpL family
GCF_032117575.1|NZ_JAULZA010000011.1_7	FSM	0.746	0.064	0		S	membrane protein domain
GCF_032117575.1|NZ_JAULZA010000165.1_10	FSM	0.746	0.383	0		S	Protein of unknown function (DUF2993)
GCF_035570115.1|NZ_DATMLH010000120.1_2	FSM	0.746	0.118	0.137		C	nitroreductase
GCF_010731855.1|NZ_AP022620.1_2830	FSM	0.746	0.087	0.171		V	Domain of unknown function (DUF222)
GCF_019456655.1|NZ_CP080332.1_1658	FSM	0.746	0.337	0.074		S	Hydroxylase for synthesis of 2-methylthio-cis-ribozeatin in tRNA
GCA_035253445.1|DATFCF010000418.1_2	FSM	0.746	0.183	0.107	desA3	I	Fatty acid desaturase
spire_mag_00866324|k141_111901_1	FSM	0.746	0.005	0.007		H	PFAM hydroxyneurosporene synthase
GCA_005789055.1|SYAA01000163.1_4	FSM	0.746	0.28	0.023		S	PFAM L,D-transpeptidase catalytic domain
GCA_030836785.1|JAUPLT010000043.1_8	FSM	0.746	0.442	0
GCF_000243415.2|NZ_KI912270.1_1407	FSM	0.746	0.242	0.117	lprG	S	(P55) transport triacylglycerides (TAG) across the inner cell membrane into the periplasm and probably ultimately to the outer membrane
GCF_002116635.1|NZ_LQPW01000086.1_132	FSM	0.746	0.134	0.187	citB	KT	transcriptional regulatory protein
GCA_018401645.1|JAGYKK010000002.1_105	FSM	0.739	0.005	0		T	Belongs to the universal stress protein A family
GCA_029780675.1|JAKOYE010000111.1_25	FSM	0.739	0	0		G	serine-type aminopeptidase activity
GCF_937941905.1|NZ_CALDGS010000094.1_156	FSM	0.739	0.311	0.074	rpsT	J	Binds directly to 16S ribosomal RNA
GCF_010731895.1|NZ_AP022596.1_1885	FSM	0.739	0.195	0.104		S	PFAM thioesterase superfamily
GCA_903884065.1|CAISDL010000124.1_8	FSM	0.739	0.005	0.013	deoD_1	F	uridine phosphorylase activity
GCF_018278905.1|NZ_CP046600.1_1634	FSM	0.739	0.208	0.204		EG	COG0697 Permeases of the drug metabolite transporter (DMT) superfamily
GCA_038244615.1|JBBRTH010000084.1_18	FSM	0.739	0.463	0.231		IQ	short chain dehydrogenase
spire_mag_01960731|k141_324900_28	FSM	0.739	0	0		S	Protein of unknown function (DUF2599)
GCA_020438865.1|JAGQTU010000053.1_6	FSM	0.739	0.406	0.09
GCF_000613185.1|NZ_CCBB010000001.1_635	FSM	0.739	0.393	0.094		S	Tetratricopeptide repeat
spire_mag_01662118|k141_702663_17	FSM	0.739	0.095	0		P	arylsulfatase activity
GCF_017853185.1|NZ_JAFMJZ010000013.1_38	FSM	0.731	0.039	0.013		S	von Willebrand factor (vWF) type A domain
GCA_020438895.1|JAGQTS010000270.1_2	FSM	0.731	0.09	0
GCA_026393245.1|JAPLAO010000052.1_4	FSM	0.731	0.003	0	deoC	F	Catalyzes a reversible aldol reaction between acetaldehyde and D-glyceraldehyde 3-phosphate to generate 2-deoxy- D-ribose 5-phosphate
GCA_018882545.1|VERS01000154.1_3	FSM	0.731	0.036	0		C	Luciferase-like monooxygenase
GCF_017853185.1|NZ_JAFMJZ010000007.1_6	FSM	0.731	0	0.003		Q	COG1020 Non-ribosomal peptide synthetase modules and related proteins
GCA_037129875.1|JBAXUD010000012.1_8	FSM	0.731	0.09	0.114	lppN
GCA_023416315.1|JAEZIA010000299.1_12	FSM	0.731	0.044	0		S	Uncharacterized conserved protein (DUF2183)
GCF_022348085.1|NZ_JAKRFN010000024.1_27	FSM	0.731	0.224	0.124	hypA	S	Hydrogenase expression
GCF_003391395.1|NZ_CP024190.1_2488	FSM	0.731	0.404	0.02		E	amino acid
GCA_030836785.1|JAUPLT010000064.1_25	FSM	0.731	0.103	0
GCF_025822605.1|NZ_JACKTY010000014.1_174	FSM	0.731	0.658	0.144	rpfE	M	Transglycosylase-like domain
spire_mag_02088284|k141_586009_39	FSM	0.731	0.506	0.171	cfp6	S	Bacterial PH domain
GCF_015710575.1|NZ_CP065373.1_3233	FSM	0.731	0.522	0.04		E	amino acid
GCF_018361265.1|NZ_JAFLNH010000001.1_402	FSM	0.731	0.617	0.194	cobB	K	NAD-dependent protein deacetylase which modulates the activities of several enzymes which are inactive in their acetylated form
spire_mag_01947641|k141_575247_5	FSM	0.731	0.105	0.06
GCF_010726955.1|NZ_AP022603.1_329	FSM	0.731	0.725	0.114		S	Domain of unknown function (DUF4439)
spire_mag_02088284|k141_1176154_14	FSM	0.731	0.023	0.003		S	Stress responsive A/B Barrel Domain
GCA_020438905.1|JAGQTQ010000077.1_20	FSM	0.724	0.098	0.03		K	Bacterial regulatory proteins, tetR family
spire_mag_01662118|k141_448940_1	FSM	0.724	0.067	0.227		S	Aminoglycoside phosphotransferase
GCF_025821625.1|NZ_JACKSH010000092.1_63	FSM	0.724	0.545	0.03		S	membrane transporter protein
GCF_025821625.1|NZ_JACKSH010000181.1_31	FSM	0.724	0.293	0.127		KO	Belongs to the AAA ATPase family
GCF_004745805.1|NZ_SRLQ01000022.1_30	FSM	0.724	0.622	0.03
spire_mag_01040852|k141_51915_12	FSM	0.724	0.27	0.003		S	Domain of unknown function (DUF4174)
GCA_041303695.1|JBFYOR010000398.1_4	FSM	0.724	0.383	0.177	hisI	E	Catalyzes the hydrolysis of the adenine ring of phosphoribosyl-AMP
spire_mag_02088284|k141_1489189_13	FSM	0.716	0.046	0.003		S	Belongs to the short-chain dehydrogenases reductases (SDR) family
GCA_041303695.1|JBFYOR010000455.1_5	FSM	0.716	0.512	0.003		V	aminoglycoside hydroxyurea antibiotic resistance kinase
GCF_016592155.1|NZ_AP024237.1_3429	FSM	0.716	0.028	0.709		Q	Methyltransferase domain
spire_mag_02088284|k141_1561504_44	FSM	0.716	0	0
GCA_018401645.1|JAGYKK010000022.1_6	FSM	0.716	0	0		S	SET (Su(var)3-9, Enhancer-of-zeste, Trithorax) domain
GCF_001570425.1|NZ_BCSX01000003.1_90	FSM	0.716	0.632	0		S	Pyridine nucleotide-disulphide oxidoreductase
GCA_026393245.1|JAPLAO010000274.1_4	FSM	0.716	0.111	0.027	rplS	J	This protein is located at the 30S-50S ribosomal subunit interface and may play a role in the structure and function of the aminoacyl-tRNA binding site
spire_mag_01093898|k119_765967_9	FSM	0.716	0.077	0.097		M	NLP P60 protein
spire_mag_01108952|k141_2533749_4	FSM	0.716	0.396	0.09		S	amine dehydrogenase activity
spire_mag_01104521|k141_2104325_22	FSM	0.716	0.393	0.094		C	Hydrogenase maturation protease
spire_mag_01583196|k141_1582306_1	FSM	0.709	0.283	0.007		P	Sodium/hydrogen exchanger family
GCA_029979305.1|JAPOHV010000028.1_18	FSM	0.709	0.237	0.08	mutT3	L	Belongs to the NUDIX hydrolase family
spire_mag_01094475|k119_379350_43	FSM	0.709	0.057	0		D	cell septum assembly
GCA_945882475.1|CAMCWJ010000099.1_5	FSM	0.709	0.167	0.013		H	Involved in chlorophyll biosynthesis. Catalyzes the insertion of magnesium ion into protoporphyrin IX to yield Mg- protoporphyrin IX
GCA_903877095.1|CAIRCP010000021.1_11	FSM	0.709	0.1	0.077	sigM	K	Belongs to the sigma-70 factor family. ECF subfamily
GCA_027728805.1|JAQBTN010000184.1_6	FSM	0.709	0.021	0.007		L	Protein of unknown function (DUF1524)
GCA_037138275.1|JBAXIR010000001.1_40	FSM	0.709	0.036	0
GCA_945882475.1|CAMCWJ010000111.1_9	FSM	0.709	0.005	0	pmmB	G	Phosphoglucomutase/phosphomannomutase, C-terminal domain
GCF_000455325.1|NZ_HG322951.1_2361	FSM	0.709	0.393	0		C	Belongs to the aldehyde dehydrogenase family
spire_mag_01753570|k141_873640_11	FSM	0.709	0.108	0		K	Acetyltransferase (GNAT) domain
GCF_010728725.1|NZ_AP022606.1_4573	FSM	0.701	0.105	0.311		V	Domain of unknown function (DUF222)
spire_mag_00139887|k141_275656_3	FSM	0.701	0.033	0.013
GCA_040398865.1|JBBATG010000013.1_12	FSM	0.701	0.165	0.231	cpaE	D	bacterial-type flagellum organization
spire_mag_00863569|k141_119577_26	FSM	0.701	0.329	0.003		GM	NADH ubiquinone oxidoreductase
GCA_030836785.1|JAUPLT010000225.1_11	FSM	0.701	0.154	0.047	fecB	P	Periplasmic binding protein
spire_mag_00036704|k141_103670_15	FSM	0.701	0.229	0.064		P	Reversible hydration of carbon dioxide
spire_mag_01108626|k141_2389807_29	FSM	0.701	0.077	0.013		C	COG2141 Coenzyme F420-dependent N5,N10-methylene tetrahydromethanopterin reductase and related flavin-dependent oxidoreductases
GCA_041303735.1|JBFYOQ010000016.1_6	FSM	0.694	0.275	0.157		S	Putative zinc-finger
GCA_030836785.1|JAUPLT010000192.1_19	FSM	0.694	0.221	0.003		S	Belongs to the short-chain dehydrogenases reductases (SDR) family
spire_mag_01094475|k119_40944_5	FSM	0.694	0.008	0.007		L	FAD binding domain of DNA photolyase
GCA_020439025.1|JAGQTO010000172.1_3	FSM	0.694	0.003	0	ppaC	C	Catalyzes the hydrolysis of pyrophosphate to phosphate
GCA_040398885.1|JBBATF010000072.1_7	FSM	0.694	0	0
GCA_903884065.1|CAISDL010000016.1_3	FSM	0.694	0	0		S	Protein of Unknown function (DUF2784)
GCA_964203005.1|CAXNKV010000001.1_544	FSM	0.694	0.113	0.064		GK	ROK family
GCA_025821245.1|JACKRO010000212.1_29	FSM	0.694	0.028	0.013		L	pfam nudix
GCF_030295745.1|NZ_AP027291.1_2747	FSM	0.687	0.013	0.017		S	DoxX-like family
GCA_903877095.1|CAIRCP010000197.1_14	FSM	0.687	0.098	0.03	lpqJ
GCA_037138615.1|JBAXIA010000126.1_3	FSM	0.687	0.003	0		H	Flavin containing amine oxidoreductase
GCF_002250655.1|NZ_NOZR01000006.1_170	FSM	0.687	0.144	0.023
GCF_018278905.1|NZ_CP046600.1_1324	FSM	0.687	0.136	0.164	citE_2	G	Belongs to the HpcH HpaI aldolase family
GCF_039583785.1|NZ_JAVKSG010000100.1_2	FSM	0.679	0.013	0.017		S	DoxX-like family
GCA_021732005.1|JAKFVT010000053.1_172	FSM	0.679	0.126	0		S	Bestrophin, RFP-TM, chloride channel
GCA_032162385.1|JAVRPF010000418.1_4	FSM	0.679	0.254	0.144	hadB	I	dehydratase
GCA_964203005.1|CAXNKV010000009.1_93	FSM	0.679	0.306	0.007		S	Predicted membrane protein (DUF2207)
GCF_032117575.1|NZ_JAULZA010000110.1_36	FSM	0.679	0.247	0.104		K	nitrogen regulatory protein P-II
GCF_004362315.1|NZ_SNWL01000007.1_431	FSM	0.672	0.077	0.017
spire_mag_02374351|k141_47697_29	FSM	0.672	0.414	0.114		S	Protein of unknown function (DUF3297)
spire_mag_01749319|k141_855809_19	FSM	0.672	0.409	0.094	hoxK	C	NADH ubiquinone oxidoreductase, 20
spire_mag_01107416|k141_1928426_20	FSM	0.672	0.098	0		MT	Mechanosensitive ion channel
spire_mag_00138007|k141_299988_65	FSM	0.672	0.231	0.097		S	Belongs to the UPF0753 family
GCF_001545925.1|NZ_LMVQ01000588.1_14	FSM	0.672	0.252	0.171	guaB3	F	IMP dehydrogenase
GCF_035649695.1|NZ_DASRJA010000633.1_4	FSM	0.672	0.152	0.05	sigH	K	Belongs to the sigma-70 factor family. ECF subfamily
GCA_018500005.2|JAHBAP020000552.1_3	FSM	0.672	0.057	0.003
GCF_002245535.1|NZ_NKCN01000009.1_94	FSM	0.672	0.411	0.09	hybC	C	Ni,Fe-hydrogenase I large subunit
GCA_020438845.1|JAGQTV010000011.1_11	FSM	0.672	0	0.007	fadE4	I	Acyl-CoA dehydrogenase, C-terminal domain
spire_mag_02088284|k141_1617331_4	FSM	0.672	0.049	0.02		G	Fibronectin type III-like domain
GCF_001667585.1|NZ_LZJZ01000054.1_8	FSM	0.664	0.113	0.107		CP	Proton-conducting membrane transporter
GCF_001494595.1|NZ_LN929907.1_1766	FSM	0.664	0.044	0.05		S	Alpha/beta hydrolase family
GCF_010731895.1|NZ_AP022596.1_5360	FSM	0.664	0.1	0		T	Adenylyl- / guanylyl cyclase, catalytic domain
GCF_011758805.1|NZ_JAANOW010000001.1_3494	FSM	0.664	0.211	0.017		P	Magnesium transporter
spire_mag_01662118|k141_234342_2	FSM	0.664	0.216	0.127	cysE	E	Serine acetyltransferase
spire_mag_01949938|k141_69207_6	FSM	0.664	0	0
GCA_018401645.1|JAGYKK010000036.1_26	FSM	0.664	0	0		E	Orn Lys Arg decarboxylase
GCA_020439025.1|JAGQTO010000088.1_8	FSM	0.664	0.141	0		F	NUDIX hydrolase
spire_mag_01108952|k141_2567646_7	FSM	0.664	0.139	0.003
GCF_017086405.1|NZ_CP070973.1_66	FSM	0.657	0	0.03		E	Alcohol dehydrogenase GroES-like domain
GCA_026393245.1|JAPLAO010000016.1_3	FSM	0.657	0.064	0.057
GCA_943331415.1|CALQLM010000344.1_3	FSM	0.657	0.039	0		ET	COG0834 ABC-type amino acid transport signal transduction systems periplasmic component domain
spire_mag_00139887|k141_134093_77	FSM	0.657	0.075	0		G	Domain of unknown function (DUF4185)
GCF_002086515.1|NZ_MVHH01000011.1_44	FSM	0.657	0.154	0.11	ompA	M	Belongs to the ompA family
GCF_003201655.1|NZ_QJJU01000003.1_351	FSM	0.657	0.54	0.094	csxA	G	Belongs to the glycosyl hydrolase 2 family
spire_mag_01882647|k119_153821_12	FSM	0.649	0.242	0.007		S	Protein of unknown function (DUF4229)
spire_mag_00709104|k119_159370_39	FSM	0.649	0.033	0
spire_mag_01104521|k141_5943938_3	FSM	0.649	0	0
GCF_001499965.1|NZ_LQIT01000078.1_66	FSM	0.649	0.614	0	potA	E	Part of the ABC transporter complex PotABCD involved in spermidine putrescine import. Responsible for energy coupling to the transport system
GCF_032117575.1|NZ_JAULZA010000011.1_5	FSM	0.649	0.003	0
spire_mag_01755240|k141_1542384_1	FSM	0.649	0	0
spire_mag_01620236|k141_522206_3	FSM	0.649	0.1	0.01	blaI	K	Transcriptional regulator
GCA_030836785.1|JAUPLT010000029.1_1	FSM	0.649	0.015	0.007	hmp	C	COG1018 Flavodoxin reductases (ferredoxin-NADPH reductases) family 1
spire_mag_00709104|k119_157291_57	FSM	0.642	0.059	0	corA	P	CorA-like Mg2+ transporter protein
GCA_027728805.1|JAQBTN010000252.1_3	FSM	0.642	0	0.007		Q	Methyltransferase domain
GCA_903884065.1|CAISDL010000097.1_29	FSM	0.642	0.031	0.01
GCF_010723305.1|NZ_BLKW01000002.1_1524	FSM	0.642	0.021	0.07	nicT	S	Belongs to the NiCoT transporter (TC 2.A.52) family
GCA_002102225.1|LQPB01000068.1_27	FSM	0.642	0.638	0.124		P	ABC transporter
GCF_900187065.1|NZ_LT906483.1_1824	FSM	0.642	0.134	0.247		T	Low molecular weight phosphotyrosine protein phosphatase
GCA_018401645.1|JAGYKK010000013.1_2	FSM	0.642	0.103	0
spire_mag_00709104|k119_33082_44	FSM	0.634	0.054	0.01		V	Domain of unknown function (DUF222)
GCA_018401645.1|JAGYKK010000003.1_108	FSM	0.634	0.131	0.181	ssb2	L	Single-stranded DNA-binding protein
GCA_903862565.1|CAIOYU010000746.1_2	FSM	0.634	0.129	0.057	emrB	EGP	Major facilitator superfamily
spire_mag_00709164|k119_136147_32	FSM	0.634	0.064	0	pknF_2	KLT	serine threonine protein kinase
GCA_964202555.1|CAXNJA010000261.1_1	FSM	0.634	0.005	0		E	ABC-type branched-chain amino acid transport systems, periplasmic component
GCF_014218295.1|NZ_AP023287.1_3439	FSM	0.634	0.596	0.057
spire_mag_01619766|k141_675677_2	FSM	0.634	0.054	0		T	Diguanylate cyclase
GCA_035552295.1|DASZLQ010000032.1_51	FSM	0.634	0.265	0.13		M	Domain of unknown function (DUF4185)
GCF_002592005.1|NZ_NVQF01000144.1_7	FSM	0.627	0.347	0.087	hypF	O	Belongs to the carbamoyltransferase HypF family
GCF_032117575.1|NZ_JAULZA010000163.1_23	FSM	0.627	0	0	lpqN	S	Probable lipoprotein LpqN
spire_mag_00709164|k119_238370_56	FSM	0.627	0.514	0.09
spire_mag_01753708|k141_1368157_1	FSM	0.627	0	0		T	Diguanylate cyclase
spire_mag_01882647|k119_3910_4	FSM	0.627	0.013	0.007		EGP	Major Facilitator Superfamily
spire_mag_01830074|k141_4106867_121	FSM	0.627	0.044	0		S	Domain of unknown function (DUF5134)
GCA_040398885.1|JBBATF010000073.1_3	FSM	0.627	0.072	0.207		S	SOS response associated peptidase (SRAP)
GCA_964195655.1|CAXMSM010000145.1_13	FSM	0.627	0.488	0.107	rimI	K	This enzyme acetylates the N-terminal alanine of ribosomal protein S18
GCF_002086285.1|NZ_MVHU01000004.1_138	FSM	0.627	0.021	0.304	cfp2
GCF_025823255.1|NZ_JACKVL010000009.1_26	FSM	0.619	0.27	0.003	aguA	E	Belongs to the agmatine deiminase family
spire_mag_00036881|k141_806317_182	FSM	0.619	0.005	0
GCA_018401645.1|JAGYKK010000009.1_39	FSM	0.619	0.09	0.03		S	regulatory protein, FmdB family
GCA_005789055.1|SYAA01000016.1_2	FSM	0.619	0.028	0		S	Haemophore, haem-binding
GCF_001905655.1|NZ_JMHT01000033.1_10	FSM	0.619	0.573	0.117	nuoI	C	NDH-1 shuttles electrons from NADH, via FMN and iron- sulfur (Fe-S) centers, to quinones in the respiratory chain. The immediate electron acceptor for the enzyme in this species is believed to be menaquinone. Couples the redox reaction to proton translocation (for every two electrons transferred, four hydrogen ions are translocated across the cytoplasmic membrane), and thus conserves the redox energy in a proton gradient
GCA_037138615.1|JBAXIA010000017.1_14	FSM	0.612	0.098	0		M	LGFP repeat
GCF_022348085.1|NZ_JAKRFN010000017.1_40	FSM	0.612	0.224	0.003		J	Amidase
GCF_002723835.1|NZ_BEWG01000044.1_13	FSM	0.612	0.087	0		S	pfam rdd
GCA_040398885.1|JBBATF010000184.1_2	FSM	0.612	0.026	0		S	MspA protein
spire_mag_01949445|k141_378428_4	FSM	0.612	0	0		A	pathogenesis
GCA_903862565.1|CAIOYU010000001.1_2	FSM	0.612	0.033	0		P	ABC-type Fe3 transport system, periplasmic component
spire_mag_02028936|k141_854107_9	FSM	0.604	0.018	0.007		S	Amidohydrolase family
GCA_964202555.1|CAXNJA010000010.1_11	FSM	0.604	0.008	0		I	type I phosphodiesterase nucleotide pyrophosphatase
GCA_029780675.1|JAKOYE010000099.1_26	FSM	0.604	0.003	0.003		O	Heat shock 70 kDa protein
spire_mag_00487317|k141_68013_90	FSM	0.604	0.45	0.06	yjjK	S	ABC transporter
GCA_020438845.1|JAGQTV010000002.1_2	FSM	0.604	0.051	0		I	amine dehydrogenase activity
GCF_029893345.1|NZ_JARXVE010000001.1_207	FSM	0.597	0.067	0
GCA_032159775.1|JAVHWK010000118.1_2	FSM	0.597	0.154	0.077	ydjZ	S	SNARE associated Golgi protein
GCF_000317305.3|NC_023036.2_3502	FSM	0.59	0.183	0.037
GCA_030836785.1|JAUPLT010000297.1_7	FSM	0.59	0.136	0.003		S	Protein of unknown function (DUF3349)
spire_mag_00871125|k141_960954_1	FSM	0.59	0.021	0.003
GCA_020438905.1|JAGQTQ010000124.1_6	FSM	0.59	0.031	0		P	heavy metal translocating P-type ATPase
GCF_032117575.1|NZ_JAULZA010000163.1_34	FSM	0.59	0.118	0		Q	thioesterase
spire_mag_01662118|k141_353097_10	FSM	0.59	0.059	0.124	argA	E	N-acetylglutamate synthase
GCA_945882475.1|CAMCWJ010000254.1_7	FSM	0.59	0.003	0		F	AAA domain
GCF_002043095.1|NZ_MVOC01000014.1_78	FSM	0.59	0.136	0.077		S	HicB family
spire_mag_00193483|k119_119959_13	FSM	0.59	0.144	0.017		S	PFAM SNARE associated Golgi protein
GCA_020438905.1|JAGQTQ010000092.1_33	FSM	0.59	0.067	0.074	hup	L	Histone-like DNA-binding protein which is capable of wrapping DNA to stabilize it, and thus to prevent its denaturation under extreme environmental conditions
spire_mag_01620236|k141_287050_4	FSM	0.59	0.067	0		E	Alcohol dehydrogenase GroES-like domain
spire_mag_01947849|k141_666727_4	FSM	0.59	0.08	0.08	rpsP	J	Belongs to the bacterial ribosomal protein bS16 family
GCF_039729195.1|NZ_CP155796.1_5810	FSM	0.59	0.103	0.027		O	Hydrolases of the alpha beta superfamily
spire_mag_00709072|k119_129291_2	FSM	0.59	0.17	0.03		S	Trp region conserved
spire_mag_01104521|k141_1157451_16	FSM	0.59	0.033	0
spire_mag_01947705|k141_722289_2	FSM	0.59	0.015	0.007		S	Family of unknown function (DUF5313)
spire_mag_00138052|k141_11470_26	FSM	0.582	0.254	0.013	modA	P	ABC transporter, periplasmic molybdate-binding protein
GCF_963378075.1|NZ_OY726394.1_2583	FSM	0.582	0.003	0.187
GCA_020438845.1|JAGQTV010000020.1_45	FSM	0.582	0.095	0.037		S	Domain of unknown function (DUF4345)
spire_mag_00688177|k141_7679_6	FSM	0.582	0	0		E	Flavin containing amine oxidoreductase
GCF_000975265.2|NZ_CP083405.1_1306	FSM	0.582	0	0.007	yhjD	S	PFAM ribonuclease
spire_mag_01107416|k141_4543065_46	FSM	0.575	0.059	0
GCA_018500005.2|JAHBAP020000383.1_3	FSM	0.575	0.051	0.003
spire_mag_00036704|k141_883704_9	FSM	0.575	0.239	0		E	Amino acid permease
GCF_032117575.1|NZ_JAULZA010000057.1_45	FSM	0.567	0.003	0		S	Protein of unknown function (DUF3099)
spire_mag_01104521|k141_2313287_4	FSM	0.567	0.09	0.007		S	Protein of unknown function (DUF2561)
GCA_903884065.1|CAISDL010000068.1_3	FSM	0.567	0.003	0.01
spire_mag_02088284|k141_485491_1	FSM	0.567	0	0		L	PFAM Endonuclease exonuclease phosphatase
spire_mag_02088284|k141_92983_105	FSM	0.567	0	0
GCF_035697385.1|NZ_DASSCY010000050.1_20	FSM	0.567	0.185	0.01	dhmA	I	Alpha/beta hydrolase family
spire_mag_01947641|k141_902972_33	FSM	0.567	0	0.02	sigA	K	Sigma factors are initiation factors that promote the attachment of RNA polymerase to specific initiation sites and are then released. This sigma factor is the primary sigma factor during exponential growth
GCF_002591975.1|NZ_NVQE01000003.1_107	FSM	0.56	0.278	0.013		S	Domain of unknown function (DUF4142)
GCA_029780675.1|JAKOYE010000111.1_49	FSM	0.56	0.095	0
GCA_020438895.1|JAGQTS010000219.1_2	FSM	0.56	0.113	0		S	Belongs to the UPF0312 family
GCA_020438905.1|JAGQTQ010000105.1_12	FSM	0.56	0.018	0	ybbC	S	protein conserved in bacteria
GCA_903884065.1|CAISDL010000044.1_25	FSM	0.56	0.095	0.033		C	Aldehyde dehydrogenase
spire_mag_01744910|k141_1324742_8	FSM	0.552	0.003	0.007		T	Motif C-terminal to PAS motifs (likely to contribute to PAS structural domain)
spire_mag_00138052|k141_351259_4	FSM	0.552	0.141	0.01	mfpA	S	Pentapeptide repeat
GCA_041303695.1|JBFYOR010000189.1_4	FSM	0.552	0.018	0		S	Probable lipoprotein LpqN
GCF_010731875.1|NZ_AP022595.1_3890	FSM	0.552	0.005	0		K	Bacterial regulatory proteins, tetR family
GCA_945882475.1|CAMCWJ010000356.1_1	FSM	0.552	0.141	0.003
spire_mag_00036704|k141_1045940_38	FSM	0.552	0.237	0.003	rarD	S	EamA-like transporter family
GCF_002592005.1|NZ_NVQF01000036.1_26	FSM	0.552	0.234	0.023	ppsA	Q	polyketide synthase
spire_mag_01041225|k119_237436_52	FSM	0.552	0.046	0.01
spire_mag_02088284|k141_1176154_30	FSM	0.552	0.008	0		S	Protein of unknown function (DUF1254)
spire_mag_02374351|k141_25880_9	FSM	0.545	0.141	0.007
spire_mag_00036704|k141_1188958_10	FSM	0.545	0	0
GCA_964202555.1|CAXNJA010000180.1_4	FSM	0.545	0	0
GCF_025821625.1|NZ_JACKSH010000125.1_8	FSM	0.545	0.131	0		J	exonuclease of the beta-lactamase fold involved in RNA processing
GCA_018882965.1|VEQY01000104.1_6	FSM	0.545	0.031	0		S	Protein of unknown function (DUF3298)
spire_mag_01662118|k141_104782_6	FSM	0.537	0.046	0		S	Protein of unknown function (DUF541)
spire_mag_01620236|k141_629337_2	FSM	0.537	0.347	0.013		S	Protein of unknown function (DUF732)
spire_mag_00709371|k119_157941_8	FSM	0.537	0.01	0.01	mftF	V	Glycosyl transferase, family 2
GCF_001673155.1|NZ_LZLE01000042.1_9	FSM	0.537	0.033	0.288		S	Protein of unknown function (DUF429)
GCA_903862565.1|CAIOYU010000287.1_8	FSM	0.537	0	0		C	FAD binding domain
GCA_005789055.1|SYAA01000272.1_3	FSM	0.537	0.036	0		S	Haem-NO-binding
GCF_000266905.1|NC_018027.1_1866	FSM	0.537	0.26	0		S	PepSY-associated TM helix
GCA_022601135.1|JAHZJB010000105.1_9	FSM	0.537	0.003	0.007		S	Lipase (class 2)
GCA_020438845.1|JAGQTV010000014.1_6	FSM	0.537	0	0
GCA_005789055.1|SYAA01000083.1_4	FSM	0.537	0	0
GCA_005789055.1|SYAA01000116.1_3	FSM	0.537	0.046	0		I	negative regulation of translational initiation
GCA_022600695.1|JAHZJY010000385.1_9	FSM	0.53	0.044	0
GCA_903877095.1|CAIRCP010000014.1_8	FSM	0.53	0.409	0.02		P	Sulfate transporter
GCA_903862565.1|CAIOYU010000674.1_4	FSM	0.53	0	0
GCA_027728805.1|JAQBTN010000005.1_18	FSM	0.53	0.296	0.003		S	amidohydrolase
spire_mag_01619766|k141_603909_7	FSM	0.522	0.041	0.003	hemL	H	Glutamate-1-semialdehyde aminotransferase
spire_mag_02088284|k141_181579_11	FSM	0.522	0.008	0		S	Protein of unknown function (DUF2694)
GCA_029780675.1|JAKOYE010000092.1_11	FSM	0.522	0	0
spire_mag_01632252|k141_1023353_3	FSM	0.522	0	0
spire_mag_00863569|k141_449631_102	FSM	0.522	0.005	0.007		S	Polyketide cyclase / dehydrase and lipid transport
spire_mag_01112928|k141_2226394_8	FSM	0.522	0.036	0.007		S	cyclase dehydrase
spire_mag_01947849|k141_359471_19	FSM	0.522	0.1	0
GCA_018500005.2|JAHBAP020000516.1_2	FSM	0.522	0	0		K	Bacterial regulatory proteins, tetR family
GCA_943331415.1|CALQLM010000144.1_4	FSM	0.515	0.003	0	crtL	CH	COG0654 2-polyprenyl-6-methoxyphenol hydroxylase and related FAD-dependent oxidoreductases
spire_mag_01664230|k141_32084_1	FSM	0.515	0.136	0
GCA_030836785.1|JAUPLT010000280.1_4	FSM	0.515	0	0		S	ABC transporter substrate binding protein
GCF_025821585.1|NZ_JACKSE010000380.1_400	FSM	0.515	0.005	0		I	Thioesterase superfamily
GCA_037129875.1|JBAXUD010000150.1_7	FSM	0.515	0	0		C	FAD linked oxidase domain protein
spire_mag_00709104|k119_179095_18	FSM	0.515	0.008	0.01		S	Transmembrane domain of unknown function (DUF3566)
GCF_022370635.2|NZ_CP092362.2_2655	FSM	0.515	0.046	0		K	Transcriptional regulator
GCA_040511255.1|JBEVHL010000096.1_10	FSM	0.515	0.031	0
spire_mag_01777835|k141_606723_14	FSM	0.515	0.026	0	lgt	M	Transfers the N-acyl diglyceride group on what will become the N-terminal cysteine of membrane lipoproteins
GCA_018401645.1|JAGYKK010000011.1_66	FSM	0.507	0.041	0.003		V	Beta-lactamase
spire_mag_00036704|k141_1515971_15	FSM	0.507	0.046	0
GCA_903862565.1|CAIOYU010000451.1_10	FSM	0.507	0	0		S	Family of unknown function (DUF5336)
GCA_964202555.1|CAXNJA010000144.1_5	FSM	0.507	0	0		S	protein containing SIS (Sugar isomerase) phosphosugar binding domain
spire_mag_00036704|k141_977168_97	FSM	0.5	0	0
GCA_020438845.1|JAGQTV010000103.1_16	FSM	0.5	0.069	0		Q	D-alanine [D-alanyl carrier protein] ligase activity
spire_mag_00138052|k141_346709_9	FSM	0.5	0.018	0		P	Reversible hydration of carbon dioxide
spire_mag_00036704|k141_977168_71	FSM	0.5	0.077	0	lppR_1	S	PknH-like extracellular domain
GCA_005789055.1|SYAA01000038.1_3	FSM	0.5	0	0.003		P	Sodium:sulfate symporter transmembrane region
spire_mag_01753570|k141_1005998_3	FSM	0.5	0	0.003
Clade-discriminating gene families: MMseqs2 clusters whose prevalence differs by at least 50 percentage points between the highest and lowest of FSM, RGM and SGM, from the uniform clustering of 822 ingroup genomes in which every protein is a Prodigal call. enriched_in names the clade with the highest prevalence. Annotation is eggNOG-mapper v2.1.12 on the cluster representative. An earlier version of this table came from a clustering that mixed Prodigal calls for MAGs with deposited NCBI proteins for reference genomes and listed 2,515 families; re-calling every genome with Prodigal gives 2,477.
