tip	genome_id_or_accession	origin	culture_status	species	clade	genome_size_Mb	GC_pct	coding_density_pct	acidic_residues_pct	urease	ectoine_synthase	rhodopsin	salinity_habitat	completeness_pct	contamination_pct	biome	ncbi_organism_name	ncbi_genus	pathogenicity	coding_density_pct_uniform_prodigal	n_contigs	assembly_status	completeness_ncbi_checkm_pct	contamination_ncbi_checkm_pct	completeness_source	checkm2_this_study_completeness_pct	checkm2_this_study_contamination_pct	completeness_used_pct
GB_GCA_000230935.2	GCA_000230935.2	GTDB reference	Cultured isolate	Mycobacterium rhodesiae_B	RGM (large-genome)	7.282	66.07	92.03	11.4	present	absent	absent					Mycolicibacterium rhodesiae JS60	Mycolicibacterium	non_pathogen	92.06	31	draft	99.94	2.37	complete by definition (isolate)			100
RS_GCF_013404075.1	GCF_013404075.1	GTDB reference	Cultured isolate	Mycobacterium vinylchloridicum	RGM (large-genome)	7.196	66.29	91.18	11.3	present	absent	absent					Mycolicibacterium vinylchloridicum	Mycolicibacterium	non_pathogen	92.54	225	draft	99.82	2.2	complete by definition (isolate)			100
GB_GCA_023264735.1	GCA_023264735.1	GTDB reference	MAG / uncultured	Mycobacterium sp023264735	RGM (large-genome)	6.265	66.07	92.72	11.36	present	absent	absent					Mycobacterium sp.	not validly named	non_pathogen	92.62	176	draft			CheckM2 v1.0.1 (this study)	99.63	0.16	99.63
RS_GCF_013337765.1	GCF_013337765.1	GTDB reference	MAG / uncultured	Mycobacterium sp003053865	RGM (large-genome)	6.493	66.31	92.24	11.35	present	absent	absent					Mycolicibacterium sphagni	Mycolicibacterium	non_pathogen	92.96	38	draft	99.74	2.63	CheckM2 v1.0.1 (this study)	99.99	0.14	99.99
GB_GCA_900078375.1	GCA_900078375.1	GTDB reference	MAG / uncultured	Mycobacterium sp900078375	RGM (large-genome)	6.832	66.22	93.47	11.19	present	absent	absent					uncultured Mycobacterium sp.	not validly named	non_pathogen	92.15	92	draft			CheckM2 v1.0.1 (this study)	99.83	2.3	99.83
RS_GCF_033804465.1	GCF_033804465.1	GTDB reference	MAG / uncultured	Mycobacterium sp033804465	RGM (large-genome)	6.126	66.42	92.91	11.29	present	absent	absent					Mycobacterium sp. RTGN5	not validly named	non_pathogen	93.57	22	draft	99.33	1.22	CheckM2 v1.0.1 (this study)	99.97	0	99.97
RS_GCF_010731895.1	GCF_010731895.1	GTDB reference	Cultured isolate	Mycobacterium helvum	RGM (large-genome)	6.401	65.82	91.43	11.22	present	absent	absent					Mycolicibacterium helvum	Mycolicibacterium	non_pathogen	92.41	1	closed	99.57	1.84	complete by definition (isolate)			100
RS_GCF_010731875.1	GCF_010731875.1	GTDB reference	Cultured isolate	Mycobacterium sarraceniae	RGM (large-genome)	4.828	65.95	85.47	11.3	present	absent	absent					Mycolicibacterium sarraceniae	Mycolicibacterium	non_pathogen	90.47	1	closed	99.74	0.49	complete by definition (isolate)			100
RS_GCF_002250655.1	GCF_002250655.1	GTDB reference	Cultured isolate	Mycobacterium sphagni	RGM (large-genome)	6.067	65.92	91.24	11.3	present	absent	absent					Mycolicibacterium sphagni	Mycolicibacterium	non_pathogen	92.42	78	draft	99.4	1.2	complete by definition (isolate)			100
RS_GCF_004362315.1	GCF_004362315.1	GTDB reference	MAG / uncultured	Mycobacterium sp004362315	RGM (large-genome)	6.93	66.45	93.0	11.34	present	absent	absent					Mycobacterium sp. BK086	not validly named	non_pathogen	93.71	11	draft	99.64	2.14	CheckM2 v1.0.1 (this study)	100	0.01	100
GB_GCA_021732005.1	GCA_021732005.1	GTDB reference	MAG / uncultured	Mycobacterium sp021732005	RGM (large-genome)	5.758	66.88	93.45	11.25	present	absent	absent					Mycobacterium sp.	not validly named	non_pathogen	93.21	64	draft			CheckM2 v1.0.1 (this study)	100	0.05	100
RS_GCF_008329905.1	GCF_008329905.1	GTDB reference	MAG / uncultured	Mycobacterium sp008329905	RGM (large-genome)	6.468	66.62	88.46	11.35	present	absent	absent					Mycobacterium sp. ELW1	not validly named	non_pathogen	92.73	2	draft	96.16	2.75	CheckM2 v1.0.1 (this study)	99.99	2.31	99.99
RS_GCF_000559085.1	GCF_000559085.1	GTDB reference	Cultured isolate	Mycobacterium aromaticivorans	RGM (large-genome)	6.298	66.41	89.02	11.27	present	absent	absent					Mycolicibacterium aromaticivorans JS19b1 = JCM 16368	Mycolicibacterium	non_pathogen	91.72	6	draft	99.83	1	complete by definition (isolate)			100
RS_GCF_002887815.1	GCF_002887815.1	GTDB reference	MAG / uncultured	Mycobacterium sp002887815	RGM (large-genome)	6.229	66.72	91.21	11.41	present	present	present					Mycobacterium sp. ENV421	not validly named	non_pathogen	92.74	160	draft	99.21	1.14	CheckM2 v1.0.1 (this study)	100	0.03	100
RS_GCF_010726245.1	GCF_010726245.1	GTDB reference	Cultured isolate	Mycobacterium aichiense	RGM (large-genome)	5.925	66.75	92.64	11.36	present	present	absent					Mycolicibacterium aichiense	Mycolicibacterium	non_pathogen	93.35	1	closed	99.48	0.81	complete by definition (isolate)			100
RS_GCF_002086695.1	GCF_002086695.1	GTDB reference	Cultured isolate	Mycobacterium rhodesiae	RGM (large-genome)	6.009	66.59	92.63	11.28	present	present	absent					Mycolicibacterium rhodesiae	Mycolicibacterium	non_pathogen	93.25	52	draft	91.35	5.95	complete by definition (isolate)			100
RS_GCF_001021385.1	GCF_001021385.1	GTDB reference	MAG / uncultured	Mycobacterium sp001021385	RGM (large-genome)	6.177	66.35	92.15	11.38	present	absent	absent					Mycobacterium sp. EPa45	not validly named	non_pathogen	93.47	1	closed	98.64	0.91	complete by definition (closed)			100
RS_GCF_008329565.1	GCF_008329565.1	GTDB reference	MAG / uncultured	Mycobacterium sp008329565	RGM (large-genome)	5.42	66.11	92.45	11.44	present	absent	absent					Mycolicibacterium sp. P1-5	not validly named	non_pathogen	93.45	51	draft	100	1.06	CheckM2 v1.0.1 (this study)	100	0	100
GB_GCA_023416315.1	GCA_023416315.1	GTDB reference	MAG / uncultured	Mycobacterium sp023416315	RGM (large-genome)	5.687	67.42	94.49	11.39	present	absent	absent					Actinomycetes bacterium	not validly named	non_pathogen	94.28	505	draft			CheckM2 v1.0.1 (this study)	92.57	7.47	92.57
spire_mag_02519404.fa	spire_mag_02519404	SPIRE MAG	MAG / uncultured	Mycobacterium sp023416315	RGM (large-genome)	5.873	67.37	94.14	11.4	present	absent	absent		100.0	4.87	host-associated	not applicable (MAG)	not applicable (MAG)	MAG	94.14	320	draft			CheckM2 v1.0.1 (this study)	100	4.95	100
RS_GCF_022370635.2	GCF_022370635.2	GTDB reference	Cultured isolate	Mycobacterium crocinum	RGM (large-genome)	6.184	66.55	91.02	11.37	present	present	absent					Mycolicibacterium crocinum	Mycolicibacterium	non_pathogen	93.3	3	draft	99.83	2.09	complete by definition (isolate)			100
RS_GCF_002723835.1	GCF_002723835.1	GTDB reference	MAG / uncultured	Mycobacterium sp002723835	RGM (large-genome)	6.534	67.64	91.47	11.25	present	present	absent					Mycobacterium sp. shizuoka-1	not validly named	non_pathogen	92.63	162	draft	99.83	1.68	CheckM2 v1.0.1 (this study)	100	0.09	100
RS_GCF_026242035.1	GCF_026242035.1	GTDB reference	Cultured isolate	Mycobacterium pinniadriaticum	RGM (large-genome)	6.88	66.27	90.83	11.39	present	present	absent					Mycobacterium pinniadriaticum	Mycobacterium	non_pathogen	92.34	143	draft	99.33	0.88	complete by definition (isolate)			100
GB_GCA_002007745.1	GCA_002007745.1	GTDB reference	Cultured isolate	Mycobacterium litorale_A	RGM (large-genome)	6.104	67.35	80.56	11.13	present	absent	absent					Mycolicibacterium litorale	Mycolicibacterium	non_pathogen	92.31	1	closed			complete by definition (isolate)			100
RS_GCF_004745805.1	GCF_004745805.1	GTDB reference	MAG / uncultured	Mycobacterium sp004745805	RGM (large-genome)	6.047	66.74	90.54	11.06	present	absent	absent					Mycolicibacterium sp. CH28	not validly named	non_pathogen	91.84	43	draft	99.83	2.76	CheckM2 v1.0.1 (this study)	100	0.05	100
RS_GCF_001494595.1	GCF_001494595.1	GTDB reference	MAG / uncultured	Mycobacterium sp001494595	RGM (large-genome)	5.732	67.54	91.34	11.36	present	absent	absent					Mycobacterium sp. M26	not validly named	non_pathogen	93.65	9	draft	97.9	1.44	CheckM2 v1.0.1 (this study)	100	0.15	100
RS_GCF_010731855.1	GCF_010731855.1	GTDB reference	Cultured isolate	Mycobacterium anyangense	RGM (large-genome)	5.697	67.1	92.24	11.15	present	absent	absent					Mycolicibacterium anyangense	Mycolicibacterium	non_pathogen	93.28	1	closed	99.48	0.52	complete by definition (isolate)			100
RS_GCF_011694515.1	GCF_011694515.1	GTDB reference	MAG / uncultured	Mycobacterium sp011694515	RGM (large-genome)	5.101	67.4	92.52	11.18	present	absent	present					Mycobacterium sp. DL592	not validly named	non_pathogen	93.26	1	closed	98.19	0.92	complete by definition (closed)			100
RS_GCF_036023875.1	GCF_036023875.1	GTDB reference	MAG / uncultured	Mycobacterium sp036023875	RGM (large-genome)	5.615	67.25	92.96	11.23	present	absent	present					Mycobacterium sp. NBC_00419	not validly named	non_pathogen	93.56	1	closed	99.64	0.83	complete by definition (closed)			100
RS_GCF_022760805.1	GCF_022760805.1	GTDB reference	Cultured isolate	Mycobacterium alkanivorans	RGM (large-genome)	4.05	67.37	84.69	11.5	absent	absent	absent					Candidatus Mycolicibacterium alkanivorans	not validly named	non_pathogen	89.49	3	draft	98.38	4.54	complete by definition (isolate)			100
GB_GCA_020438785.1	GCA_020438785.1	GTDB reference	MAG / uncultured	Mycobacterium sp020438785	RGM (large-genome)	4.022	68.66	89.93	11.37	absent	absent	absent					Mycobacterium sp.	not validly named	non_pathogen	92.56	518	draft			CheckM2 v1.0.1 (this study)	65.22	1.62	65.22
spire_mag_01620236.fa	spire_mag_01620236	SPIRE MAG	MAG / uncultured	Mycobacterium sp020438785	RGM (large-genome)	4.925	68.77	92.92	11.45	absent	absent	absent		92.17	4.59	anthropogenic	not applicable (MAG)	not applicable (MAG)	MAG	92.92	466	draft			CheckM2 v1.0.1 (this study)	92.18	4.65	92.18
spire_mag_01620411.fa	spire_mag_01620411	SPIRE MAG	MAG / uncultured	Mycobacterium sp020438785	RGM (large-genome)	4.933	68.68	93.09	11.46	absent	absent	absent		96.6	4.94	anthropogenic	not applicable (MAG)	not applicable (MAG)	MAG	93.09	480	draft			CheckM2 v1.0.1 (this study)	98.04	4.92	98.04
spire_mag_01619766.fa	spire_mag_01619766	SPIRE MAG	MAG / uncultured	Mycobacterium sp020438785	RGM (large-genome)	4.877	68.92	92.87	11.45	absent	absent	absent		94.62	4.31	anthropogenic	not applicable (MAG)	not applicable (MAG)	MAG	92.87	618	draft			CheckM2 v1.0.1 (this study)	94.48	4.31	94.48
spire_mag_01623019.fa	spire_mag_01623019	SPIRE MAG	MAG / uncultured	Mycobacterium sp020438785	RGM (large-genome)	4.514	69.06	93.35	11.43	absent	absent	absent		90.99	2.86	anthropogenic	not applicable (MAG)	not applicable (MAG)	MAG	93.35	532	draft			CheckM2 v1.0.1 (this study)	90.82	2.78	90.82
spire_mag_02002215.fa	spire_mag_02002215	SPIRE MAG	MAG / uncultured	Mycobacterium sp020438785	RGM (large-genome)	4.664	68.98	93.06	11.43	absent	absent	absent		99.78	2.56		not applicable (MAG)	not applicable (MAG)	MAG	93.06	357	draft			CheckM2 v1.0.1 (this study)	99.8	2.54	99.8
spire_mag_02003535.fa	spire_mag_02003535	SPIRE MAG	MAG / uncultured	Mycobacterium sp020438785	RGM (large-genome)	4.842	69.05	93.24	11.37	absent	absent	absent		94.26	3.07		not applicable (MAG)	not applicable (MAG)	MAG	93.24	432	draft			CheckM2 v1.0.1 (this study)	94.39	3	94.39
GB_GCA_020438865.1	GCA_020438865.1	GTDB reference	MAG / uncultured	Mycobacterium sp020438865	RGM (large-genome)	4.965	68.68	91.14	11.43	absent	absent	absent					Mycobacterium sp.	not validly named	non_pathogen	92.43	366	draft			CheckM2 v1.0.1 (this study)	90.53	3.54	90.53
spire_mag_01619133.fa	spire_mag_01619133	SPIRE MAG	MAG / uncultured	Mycobacterium sp020438865	RGM (large-genome)	5.081	68.68	92.51	11.39	absent	absent	absent		99.96	1.58	anthropogenic	not applicable (MAG)	not applicable (MAG)	MAG	92.51	199	draft			CheckM2 v1.0.1 (this study)	99.9	1.5	99.9
spire_mag_01620338.fa	spire_mag_01620338	SPIRE MAG	MAG / uncultured	Mycobacterium sp020438865	RGM (large-genome)	4.463	68.82	92.92	11.42	absent	absent	absent		91.55	2.31	anthropogenic	not applicable (MAG)	not applicable (MAG)	MAG	92.92	590	draft			CheckM2 v1.0.1 (this study)	91.2	2.19	91.2
spire_mag_01623819.fa	spire_mag_01623819	SPIRE MAG	MAG / uncultured	Mycobacterium sp020438865	RGM (large-genome)	5.18	68.62	92.43	11.4	absent	absent	absent		99.49	3.14	anthropogenic	not applicable (MAG)	not applicable (MAG)	MAG	92.43	318	draft			CheckM2 v1.0.1 (this study)	99.48	3.11	99.48
spire_mag_01621671.fa	spire_mag_01621671	SPIRE MAG	MAG / uncultured	Mycobacterium sp020438865	RGM (large-genome)	5.196	68.62	92.31	11.4	absent	absent	absent		99.93	4.83	anthropogenic	not applicable (MAG)	not applicable (MAG)	MAG	92.31	240	draft			CheckM2 v1.0.1 (this study)	99.94	4.75	99.94
GB_GCA_005789055.1	GCA_005789055.1	GTDB reference	MAG / uncultured	Mycobacterium sp005789055	FSM (small-genome)	2.218	66.26	94.53	11.01	absent	absent	present					Actinomycetota bacterium	not validly named	non_pathogen	94.34	450	draft			CheckM2 v1.0.1 (this study)	57.28	0.66	57.28
spire_mag_01632252.fa	spire_mag_01632252	SPIRE MAG	MAG / uncultured	Mycobacterium sp005789055	FSM (small-genome)	2.748	66.34	94.46	11.21	absent	absent	present	low salinity	93.81	3.65	aquatic	not applicable (MAG)	not applicable (MAG)	MAG	94.46	422	draft			CheckM2 v1.0.1 (this study)	94.13	3.74	94.13
spire_mag_01753570.fa	spire_mag_01753570	SPIRE MAG	MAG / uncultured	Mycobacterium sp005789055	FSM (small-genome)	3.056	66.21	94.17	11.18	absent	absent	present	low salinity	95.56	2.8	aquatic	not applicable (MAG)	not applicable (MAG)	MAG	94.17	335	draft			CheckM2 v1.0.1 (this study)	95.56	2.8	95.56
GB_GCA_945897705.1	GCA_945897705.1	GTDB reference	MAG / uncultured	Mycobacterium sp945897705	FSM (small-genome)	2.53	66.37	94.35	11.21	absent	absent	present					Bifidobacterium breve	Bifidobacterium	non_pathogen	94.21	272	draft			CheckM2 v1.0.1 (this study)	83.4	2.53	83.4
spire_mag_00863569.fa	spire_mag_00863569	SPIRE MAG	MAG / uncultured	Mycobacterium sp945897705	FSM (small-genome)	3.047	66.39	93.98	11.21	absent	absent	present	low salinity	96.02	0.01	aquatic	not applicable (MAG)	not applicable (MAG)	MAG	93.98	106	draft			CheckM2 v1.0.1 (this study)	95.76	0.01	95.76
spire_mag_00864073.fa	spire_mag_00864073	SPIRE MAG	MAG / uncultured	Mycobacterium sp945897705	FSM (small-genome)	3.118	66.33	93.83	11.22	absent	absent	present	low salinity	95.6	0.57	aquatic	not applicable (MAG)	not applicable (MAG)	MAG	93.83	110	draft			CheckM2 v1.0.1 (this study)	95.05	0.59	95.05
spire_mag_00866183.fa	spire_mag_00866183	SPIRE MAG	MAG / uncultured	Mycobacterium sp945897705	FSM (small-genome)	3.015	66.35	93.97	11.21	absent	absent	present	low salinity	94.03	0.08	aquatic	not applicable (MAG)	not applicable (MAG)	MAG	93.97	104	draft			CheckM2 v1.0.1 (this study)	93.58	0.08	93.58
spire_mag_00869002.fa	spire_mag_00869002	SPIRE MAG	MAG / uncultured	Mycobacterium sp945897705	FSM (small-genome)	3.068	66.34	93.99	11.21	absent	absent	present	low salinity	98.1	1.11	aquatic	not applicable (MAG)	not applicable (MAG)	MAG	93.99	115	draft			CheckM2 v1.0.1 (this study)	98	1.11	98
spire_mag_00874085.fa	spire_mag_00874085	SPIRE MAG	MAG / uncultured	Mycobacterium sp945897705	FSM (small-genome)	3.129	66.39	94.09	11.19	absent	absent	present	low salinity	96.46	0.04	aquatic	not applicable (MAG)	not applicable (MAG)	MAG	94.09	109	draft			CheckM2 v1.0.1 (this study)	96.08	0.04	96.08
spire_mag_00873124.fa	spire_mag_00873124	SPIRE MAG	MAG / uncultured	Mycobacterium sp945897705	FSM (small-genome)	3.175	66.38	93.87	11.19	absent	absent	present	low salinity	99.36	0.19	aquatic	not applicable (MAG)	not applicable (MAG)	MAG	93.87	121	draft			CheckM2 v1.0.1 (this study)	99.25	0.19	99.25
spire_mag_00874439.fa	spire_mag_00874439	SPIRE MAG	MAG / uncultured	Mycobacterium sp945897705	FSM (small-genome)	3.174	66.29	93.9	11.22	absent	absent	present	low salinity	99.04	1.67	aquatic	not applicable (MAG)	not applicable (MAG)	MAG	93.9	123	draft			CheckM2 v1.0.1 (this study)	99.04	1.66	99.04
spire_mag_00874229.fa	spire_mag_00874229	SPIRE MAG	MAG / uncultured	Mycobacterium sp945897705	FSM (small-genome)	3.024	66.28	93.89	11.26	absent	absent	absent	low salinity	97.48	0.34	aquatic	not applicable (MAG)	not applicable (MAG)	MAG	93.89	89	draft			CheckM2 v1.0.1 (this study)	97.46	0.33	97.46
spire_mag_00866324.fa	spire_mag_00866324	SPIRE MAG	MAG / uncultured	Mycobacterium sp945897705	FSM (small-genome)	3.043	66.33	93.86	11.22	absent	absent	present	low salinity	95.44	1.42	aquatic	not applicable (MAG)	not applicable (MAG)	MAG	93.86	105	draft			CheckM2 v1.0.1 (this study)	95.14	1.41	95.14
spire_mag_00866583.fa	spire_mag_00866583	SPIRE MAG	MAG / uncultured	Mycobacterium sp945897705	FSM (small-genome)	2.895	66.37	93.93	11.25	absent	absent	present	low salinity	95.59	0.0	aquatic	not applicable (MAG)	not applicable (MAG)	MAG	93.93	94	draft			CheckM2 v1.0.1 (this study)	95.36	0	95.36
spire_mag_00868143.fa	spire_mag_00868143	SPIRE MAG	MAG / uncultured	Mycobacterium sp945897705	FSM (small-genome)	3.076	66.32	93.81	11.23	absent	absent	present	low salinity	98.24	0.28	aquatic	not applicable (MAG)	not applicable (MAG)	MAG	93.81	108	draft			CheckM2 v1.0.1 (this study)	98.17	0.27	98.17
spire_mag_00871125.fa	spire_mag_00871125	SPIRE MAG	MAG / uncultured	Mycobacterium sp945897705	FSM (small-genome)	3.101	66.37	93.91	11.2	absent	absent	present	low salinity	98.39	1.02	aquatic	not applicable (MAG)	not applicable (MAG)	MAG	93.91	172	draft			CheckM2 v1.0.1 (this study)	98.33	1.12	98.33
spire_mag_00873789.fa	spire_mag_00873789	SPIRE MAG	MAG / uncultured	Mycobacterium sp945897705	FSM (small-genome)	2.989	66.35	93.84	11.24	absent	absent	present	low salinity	96.86	0.34	aquatic	not applicable (MAG)	not applicable (MAG)	MAG	93.84	108	draft			CheckM2 v1.0.1 (this study)	96.69	0.33	96.69
GB_GCA_964203005.1	GCA_964203005.1	GTDB reference	MAG / uncultured	Mycobacterium sp903911165	FSM (small-genome)	3.068	66.34	92.39	11.18	absent	absent	present					Mycobacterium sp.	not validly named	non_pathogen	92.67	21	draft			CheckM2 v1.0.1 (this study)	95.11	0.26	95.11
spire_mag_01960731.fa	spire_mag_01960731	SPIRE MAG	MAG / uncultured	Mycobacterium sp903911165	FSM (small-genome)	3.035	66.31	94.33	11.24	absent	absent	present	low salinity	94.95	0.65	aquatic	not applicable (MAG)	not applicable (MAG)	MAG	94.33	203	draft			CheckM2 v1.0.1 (this study)	94.95	0.65	94.95
spire_mag_01960893.fa	spire_mag_01960893	SPIRE MAG	MAG / uncultured	Mycobacterium sp903911165	FSM (small-genome)	2.947	66.32	94.5	11.27	absent	absent	present	low salinity	97.78	1.94	aquatic	not applicable (MAG)	not applicable (MAG)	MAG	94.5	239	draft			CheckM2 v1.0.1 (this study)	97.78	1.94	97.78
spire_mag_01104521.fa	spire_mag_01104521	SPIRE MAG	MAG / uncultured	Mycobacterium sp903911165	FSM (small-genome)	3.787	66.14	93.34	11.12	absent	absent	present	low salinity	92.82	3.71	aquatic	not applicable (MAG)	not applicable (MAG)	MAG	93.34	382	draft			CheckM2 v1.0.1 (this study)	92.82	3.72	92.82
spire_mag_01107416.fa	spire_mag_01107416	SPIRE MAG	MAG / uncultured	Mycobacterium sp903911165	FSM (small-genome)	3.092	66.22	94.15	11.17	absent	absent	present	low salinity	91.58	1.14	aquatic	not applicable (MAG)	not applicable (MAG)	MAG	94.15	213	draft			CheckM2 v1.0.1 (this study)	91.58	1.14	91.58
spire_mag_01104972.fa	spire_mag_01104972	SPIRE MAG	MAG / uncultured	Mycobacterium sp903911165	FSM (small-genome)	2.965	66.16	94.03	11.23	absent	absent	present	low salinity	91.84	0.08	aquatic	not applicable (MAG)	not applicable (MAG)	MAG	94.03	304	draft			CheckM2 v1.0.1 (this study)	91.84	0.08	91.84
spire_mag_01108461.fa	spire_mag_01108461	SPIRE MAG	MAG / uncultured	Mycobacterium sp903911165	FSM (small-genome)	3.097	66.25	93.85	11.23	absent	absent	present	low salinity	92.28	1.49	aquatic	not applicable (MAG)	not applicable (MAG)	MAG	93.85	446	draft			CheckM2 v1.0.1 (this study)	92.28	1.49	92.28
spire_mag_01112928.fa	spire_mag_01112928	SPIRE MAG	MAG / uncultured	Mycobacterium sp903911165	FSM (small-genome)	3.761	66.04	93.14	11.23	present	absent	present	low salinity	94.89	2.8	aquatic	not applicable (MAG)	not applicable (MAG)	MAG	93.14	261	draft			CheckM2 v1.0.1 (this study)	94.89	2.8	94.89
GB_GCA_018401645.1	GCA_018401645.1	GTDB reference	MAG / uncultured	Mycobacterium sp018401645	FSM (small-genome)	3.004	66.08	87.4	11.07	absent	absent	present					Mycobacterium sp.	not validly named	non_pathogen	88.17	142	draft			CheckM2 v1.0.1 (this study)	85.96	0.35	85.96
spire_mag_00688177.fa	spire_mag_00688177	SPIRE MAG	MAG / uncultured	Mycobacterium sp018401645	FSM (small-genome)	3.101	66.07	93.26	11.18	absent	absent	present	medium salinity	92.35	3.57	aquatic	not applicable (MAG)	not applicable (MAG)	MAG	93.26	452	draft			CheckM2 v1.0.1 (this study)	92.2	3.58	92.2
spire_mag_00688367.fa	spire_mag_00688367	SPIRE MAG	MAG / uncultured	Mycobacterium sp018401645	FSM (small-genome)	3.394	66.11	93.27	11.11	absent	absent	present	medium salinity	95.23	1.36	aquatic	not applicable (MAG)	not applicable (MAG)	MAG	93.27	257	draft			CheckM2 v1.0.1 (this study)	95.23	1.32	95.23
spire_mag_01583196.fa	spire_mag_01583196	SPIRE MAG	MAG / uncultured	Mycobacterium sp018401645	FSM (small-genome)	2.916	66.05	93.6	11.19	absent	absent	present		90.34	0.63	aquatic	not applicable (MAG)	not applicable (MAG)	MAG	93.6	404	draft			CheckM2 v1.0.1 (this study)	90.34	0.63	90.34
spire_mag_01822855.fa	spire_mag_01822855	SPIRE MAG	MAG / uncultured	Mycobacterium sp018401645	FSM (small-genome)	3.398	66.04	93.34	11.11	absent	absent	present		99.49	0.32	terrestrial	not applicable (MAG)	not applicable (MAG)	MAG	93.34	101	draft			CheckM2 v1.0.1 (this study)	99.56	0.32	99.56
spire_mag_01824889.fa	spire_mag_01824889	SPIRE MAG	MAG / uncultured	Mycobacterium sp018401645	FSM (small-genome)	3.329	66.07	93.56	11.13	absent	absent	present		98.31	0.0	terrestrial	not applicable (MAG)	not applicable (MAG)	MAG	93.56	77	draft			CheckM2 v1.0.1 (this study)	98.57	0	98.57
spire_mag_01830074.fa	spire_mag_01830074	SPIRE MAG	MAG / uncultured	Mycobacterium sp018401645	FSM (small-genome)	3.366	66.13	93.54	11.11	absent	absent	present		97.58	0.06	terrestrial	not applicable (MAG)	not applicable (MAG)	MAG	93.54	82	draft			CheckM2 v1.0.1 (this study)	97.79	0.06	97.79
spire_mag_01822349.fa	spire_mag_01822349	SPIRE MAG	MAG / uncultured	Mycobacterium sp018401645	FSM (small-genome)	3.272	66.07	93.42	11.11	absent	absent	present		96.72	2.58	terrestrial	not applicable (MAG)	not applicable (MAG)	MAG	93.42	306	draft			CheckM2 v1.0.1 (this study)	96.72	2.56	96.72
spire_mag_01824983.fa	spire_mag_01824983	SPIRE MAG	MAG / uncultured	Mycobacterium sp018401645	FSM (small-genome)	3.374	66.06	93.46	11.14	absent	absent	present		97.01	0.68	terrestrial	not applicable (MAG)	not applicable (MAG)	MAG	93.46	160	draft			CheckM2 v1.0.1 (this study)	97.01	0.69	97.01
spire_mag_01776742.fa	spire_mag_01776742	SPIRE MAG	MAG / uncultured	Mycobacterium sp018401645	FSM (small-genome)	3.297	66.13	93.26	11.14	absent	absent	present	medium salinity	95.34	2.39	aquatic	not applicable (MAG)	not applicable (MAG)	MAG	93.26	251	draft			CheckM2 v1.0.1 (this study)	95.34	2.38	95.34
spire_mag_01775892.fa	spire_mag_01775892	SPIRE MAG	MAG / uncultured	Mycobacterium sp018401645	FSM (small-genome)	3.288	66.14	93.53	11.12	absent	absent	present	medium salinity	94.74	0.53	aquatic	not applicable (MAG)	not applicable (MAG)	MAG	93.53	262	draft			CheckM2 v1.0.1 (this study)	94.67	0.5	94.67
spire_mag_01777835.fa	spire_mag_01777835	SPIRE MAG	MAG / uncultured	Mycobacterium sp018401645	FSM (small-genome)	3.29	66.11	93.34	11.17	absent	absent	present	medium salinity	95.03	2.59	aquatic	not applicable (MAG)	not applicable (MAG)	MAG	93.34	130	draft			CheckM2 v1.0.1 (this study)	95.11	2.67	95.11
spire_mag_01777252.fa	spire_mag_01777252	SPIRE MAG	MAG / uncultured	Mycobacterium sp018401645	FSM (small-genome)	3.324	66.12	93.35	11.14	absent	absent	present	medium salinity	95.16	0.17	aquatic	not applicable (MAG)	not applicable (MAG)	MAG	93.35	224	draft			CheckM2 v1.0.1 (this study)	95.27	0.17	95.27
spire_mag_01776854.fa	spire_mag_01776854	SPIRE MAG	MAG / uncultured	Mycobacterium sp018401645	FSM (small-genome)	3.261	66.1	93.16	11.14	absent	absent	present	medium salinity	93.74	1.26	aquatic	not applicable (MAG)	not applicable (MAG)	MAG	93.16	247	draft			CheckM2 v1.0.1 (this study)	93.71	1.27	93.71
GB_GCA_026393245.1	GCA_026393245.1	GTDB reference	MAG / uncultured	Mycobacterium sp026393245	FSM (small-genome)	3.349	65.77	89.38	11.17	absent	absent	present					Mycobacterium sp.	not validly named	non_pathogen	93.67	364	draft			CheckM2 v1.0.1 (this study)	97.79	0.8	97.79
GB_GCA_037138275.1	GCA_037138275.1	GTDB reference	MAG / uncultured	Mycobacterium sp037138275	FSM (small-genome)	2.863	65.89	93.45	11.25	absent	absent	present					Mycobacteriaceae bacterium	not validly named	non_pathogen	94.36	309	draft			CheckM2 v1.0.1 (this study)	91.43	0.34	91.43
spire_mag_01949778.fa	spire_mag_01949778	SPIRE MAG	MAG / uncultured	Mycobacterium sp037138275	FSM (small-genome)	3.12	65.79	94.08	11.21	absent	absent	present	low salinity	94.65	2.66	aquatic	not applicable (MAG)	not applicable (MAG)	MAG	94.08	312	draft			CheckM2 v1.0.1 (this study)	94.69	2.66	94.69
spire_mag_01947641.fa	spire_mag_01947641	SPIRE MAG	MAG / uncultured	Mycobacterium sp037138275	FSM (small-genome)	3.159	65.79	93.94	11.16	absent	absent	present	low salinity	92.0	4.42	aquatic	not applicable (MAG)	not applicable (MAG)	MAG	93.94	380	draft			CheckM2 v1.0.1 (this study)	92	4.42	92
spire_mag_01947705.fa	spire_mag_01947705	SPIRE MAG	MAG / uncultured	Mycobacterium sp037138275	FSM (small-genome)	3.145	65.84	94.23	11.2	absent	absent	present	low salinity	95.13	2.38	aquatic	not applicable (MAG)	not applicable (MAG)	MAG	94.23	243	draft			CheckM2 v1.0.1 (this study)	95.13	2.38	95.13
spire_mag_01947849.fa	spire_mag_01947849	SPIRE MAG	MAG / uncultured	Mycobacterium sp037138275	FSM (small-genome)	2.915	65.83	94.04	11.19	absent	absent	absent	low salinity	92.29	3.14	aquatic	not applicable (MAG)	not applicable (MAG)	MAG	94.04	363	draft			CheckM2 v1.0.1 (this study)	92.29	3.08	92.29
spire_mag_01949445.fa	spire_mag_01949445	SPIRE MAG	MAG / uncultured	Mycobacterium sp037138275	FSM (small-genome)	2.858	65.79	94.29	11.25	absent	absent	present	low salinity	92.21	0.53	aquatic	not applicable (MAG)	not applicable (MAG)	MAG	94.29	354	draft			CheckM2 v1.0.1 (this study)	92.21	0.52	92.21
spire_mag_01949332.fa	spire_mag_01949332	SPIRE MAG	MAG / uncultured	Mycobacterium sp037138275	FSM (small-genome)	2.881	65.81	94.16	11.16	absent	absent	absent	low salinity	94.14	0.73	aquatic	not applicable (MAG)	not applicable (MAG)	MAG	94.16	371	draft			CheckM2 v1.0.1 (this study)	94.14	0.75	94.14
spire_mag_01949938.fa	spire_mag_01949938	SPIRE MAG	MAG / uncultured	Mycobacterium sp037138275	FSM (small-genome)	2.93	65.83	94.27	11.2	absent	absent	present	low salinity	92.76	2.45	aquatic	not applicable (MAG)	not applicable (MAG)	MAG	94.27	368	draft			CheckM2 v1.0.1 (this study)	92.76	2.51	92.76
spire_mag_01949386.fa	spire_mag_01949386	SPIRE MAG	MAG / uncultured	Mycobacterium sp037138275	FSM (small-genome)	3.099	65.77	94.3	11.17	absent	absent	present	low salinity	93.13	2.04	aquatic	not applicable (MAG)	not applicable (MAG)	MAG	94.3	380	draft			CheckM2 v1.0.1 (this study)	93.13	2.04	93.13
GB_GCA_037138615.1	GCA_037138615.1	GTDB reference	MAG / uncultured	Mycobacterium sp037138615	FSM (small-genome)	3.307	64.97	93.29	11.08	absent	absent	present					Mycobacteriaceae bacterium	not validly named	non_pathogen	94.41	265	draft			CheckM2 v1.0.1 (this study)	98.41	0.3	98.41
RS_GCF_016462945.1	GCF_016462945.1	GTDB reference	MAG / uncultured	Mycobacterium sp016462945	FSM (small-genome)	3.171	65.43	91.53	11.22	absent	absent	present					Mycolicibacterium sp.	not validly named	non_pathogen	93.79	224	draft	94.87	1.3	CheckM2 v1.0.1 (this study)	97.89	0.69	97.89
GB_GCA_943331415.1	GCA_943331415.1	GTDB reference	MAG / uncultured	Mycobacterium sp943331415	FSM (small-genome)	1.888	65.16	94.42	11.23	absent	absent	present					Bifidobacterium breve	Bifidobacterium	non_pathogen	94.49	371	draft			CheckM2 v1.0.1 (this study)	63.5	0.76	63.5
spire_mag_01093898.fa	spire_mag_01093898	SPIRE MAG	MAG / uncultured	novel sp.	FSM (small-genome)	2.987	65.07	94.61	11.2	absent	absent	present		92.07	0.58	host-associated	not applicable (MAG)	not applicable (MAG)	MAG	94.61	167	draft			CheckM2 v1.0.1 (this study)	91.31	0.51	91.31
GB_GCA_945882475.1	GCA_945882475.1	GTDB reference	MAG / uncultured	Mycobacterium sp945882475	FSM (small-genome)	2.758	67.53	94.45	11.16	absent	absent	present					Bifidobacterium breve	Bifidobacterium	non_pathogen	94.26	357	draft			CheckM2 v1.0.1 (this study)	81.19	0.59	81.19
GB_GCA_018500005.2	GCA_018500005.2	GTDB reference	MAG / uncultured	Mycobacterium sp018500005	FSM (small-genome)	3.347	66.59	90.3	11.15	absent	absent	present					Mycobacterium sp.	not validly named	non_pathogen	92.85	625	draft			CheckM2 v1.0.1 (this study)	73.23	3.41	73.23
GB_GCA_036782595.1	GCA_036782595.1	GTDB reference	MAG / uncultured	Mycobacterium sp036782595	FSM (small-genome)	3.458	66.81	94.11	11.08	absent	absent	present					Mycobacterium sp.	not validly named	non_pathogen	93.84	322	draft			CheckM2 v1.0.1 (this study)	86.14	0.29	86.14
spire_mag_01094475.fa	spire_mag_01094475	SPIRE MAG	MAG / uncultured	Mycobacterium sp036782595	FSM (small-genome)	4.309	66.27	92.89	11.09	absent	absent	present		95.82	1.43	host-associated	not applicable (MAG)	not applicable (MAG)	MAG	92.89	335	draft			CheckM2 v1.0.1 (this study)	95.78	1.43	95.78
spire_mag_01094744.fa	spire_mag_01094744	SPIRE MAG	MAG / uncultured	Mycobacterium sp036782595	FSM (small-genome)	3.924	66.41	93.13	11.12	absent	absent	present		91.41	0.25	host-associated	not applicable (MAG)	not applicable (MAG)	MAG	93.13	299	draft			CheckM2 v1.0.1 (this study)	91.35	0.25	91.35
GB_GCA_040398885.1	GCA_040398885.1	GTDB reference	MAG / uncultured	Mycobacterium sp040398885	FSM (small-genome)	3.175	69.53	93.81	11.2	absent	absent	present					Mycobacterium sp.	not validly named	non_pathogen	93.23	327	draft			CheckM2 v1.0.1 (this study)	93.88	2.51	93.88
RS_GCF_032117575.1	GCF_032117575.1	GTDB reference	MAG / uncultured	Mycobacterium sp032117575	FSM (small-genome)	3.667	67.83	90.95	11.17	present	absent	absent					Mycolicibacterium sp.	not validly named	non_pathogen	93.32	173	draft	91.69	3.27	CheckM2 v1.0.1 (this study)	88.06	4.27	88.06
GB_GCA_029979305.1	GCA_029979305.1	GTDB reference	MAG / uncultured	Mycobacterium sp029979305	FSM (small-genome)	2.61	69.32	94.96	10.97	absent	absent	absent					Mycobacteriaceae bacterium	not validly named	non_pathogen	94.59	249	draft			CheckM2 v1.0.1 (this study)	71.96	2.99	71.96
spire_mag_00193483.fa	spire_mag_00193483	SPIRE MAG	MAG / uncultured	novel sp.	FSM (small-genome)	3.592	68.46	93.81	11.05	absent	absent	present	medium salinity	94.4	1.5	anthropogenic	not applicable (MAG)	not applicable (MAG)	MAG	93.81	311	draft			CheckM2 v1.0.1 (this study)	94.5	1.5	94.5
GB_GCA_018882545.1	GCA_018882545.1	GTDB reference	MAG / uncultured	Mycobacterium sp018882545	FSM (small-genome)	3.276	68.11	89.84	11.02	absent	absent	present					Mycobacterium sp.	not validly named	non_pathogen	92.98	755	draft			CheckM2 v1.0.1 (this study)	83.92	2.6	83.92
GB_GCA_964202555.1	GCA_964202555.1	GTDB reference	MAG / uncultured	Mycobacterium sp964202555	FSM (small-genome)	3.022	67.25	93.83	11.21	absent	absent	absent					Mycobacterium sp.	not validly named	non_pathogen	93.62	269	draft			CheckM2 v1.0.1 (this study)	91.53	0.19	91.53
spire_mag_01744910.fa	spire_mag_01744910	SPIRE MAG	MAG / uncultured	Mycobacterium sp964202555	FSM (small-genome)	3.006	67.42	93.66	11.27	absent	absent	present	low salinity	95.73	2.67	aquatic	not applicable (MAG)	not applicable (MAG)	MAG	93.66	433	draft			CheckM2 v1.0.1 (this study)	95.73	2.67	95.73
spire_mag_01755240.fa	spire_mag_01755240	SPIRE MAG	MAG / uncultured	Mycobacterium sp964202555	FSM (small-genome)	3.389	67.31	93.35	11.24	absent	absent	present	low salinity	98.09	0.87	aquatic	not applicable (MAG)	not applicable (MAG)	MAG	93.35	136	draft			CheckM2 v1.0.1 (this study)	97.99	0.86	97.99
spire_mag_01744298.fa	spire_mag_01744298	SPIRE MAG	MAG / uncultured	Mycobacterium sp964202555	FSM (small-genome)	3.299	67.3	93.38	11.26	absent	absent	absent	low salinity	94.7	1.1	aquatic	not applicable (MAG)	not applicable (MAG)	MAG	93.38	215	draft			CheckM2 v1.0.1 (this study)	94.96	1.09	94.96
spire_mag_01748232.fa	spire_mag_01748232	SPIRE MAG	MAG / uncultured	Mycobacterium sp964202555	FSM (small-genome)	3.267	67.33	93.23	11.24	absent	absent	present	low salinity	93.84	0.58	aquatic	not applicable (MAG)	not applicable (MAG)	MAG	93.23	284	draft			CheckM2 v1.0.1 (this study)	93.84	0.58	93.84
spire_mag_01753944.fa	spire_mag_01753944	SPIRE MAG	MAG / uncultured	Mycobacterium sp964202555	FSM (small-genome)	3.357	67.33	93.5	11.25	absent	absent	present	low salinity	97.56	0.83	aquatic	not applicable (MAG)	not applicable (MAG)	MAG	93.5	139	draft			CheckM2 v1.0.1 (this study)	97.56	0.82	97.56
spire_mag_01750747.fa	spire_mag_01750747	SPIRE MAG	MAG / uncultured	Mycobacterium sp964202555	FSM (small-genome)	3.377	67.29	93.43	11.27	absent	absent	present	low salinity	98.22	2.39	aquatic	not applicable (MAG)	not applicable (MAG)	MAG	93.43	154	draft			CheckM2 v1.0.1 (this study)	98.37	2.37	98.37
spire_mag_01759821.fa	spire_mag_01759821	SPIRE MAG	MAG / uncultured	Mycobacterium sp964202555	FSM (small-genome)	3.346	67.32	93.29	11.26	absent	absent	present	low salinity	97.86	0.19	aquatic	not applicable (MAG)	not applicable (MAG)	MAG	93.29	155	draft			CheckM2 v1.0.1 (this study)	97.86	0.18	97.86
spire_mag_01747196.fa	spire_mag_01747196	SPIRE MAG	MAG / uncultured	Mycobacterium sp964202555	FSM (small-genome)	3.357	67.3	93.24	11.24	absent	absent	present	low salinity	98.26	1.64	aquatic	not applicable (MAG)	not applicable (MAG)	MAG	93.24	248	draft			CheckM2 v1.0.1 (this study)	98.26	1.63	98.26
spire_mag_01752215.fa	spire_mag_01752215	SPIRE MAG	MAG / uncultured	Mycobacterium sp964202555	FSM (small-genome)	3.398	67.26	93.45	11.26	absent	absent	present	low salinity	98.12	0.52	aquatic	not applicable (MAG)	not applicable (MAG)	MAG	93.45	198	draft			CheckM2 v1.0.1 (this study)	98.03	0.51	98.03
spire_mag_02100063.fa	spire_mag_02100063	SPIRE MAG	MAG / uncultured	Mycobacterium sp964202555	FSM (small-genome)	3.37	67.35	93.38	11.27	absent	absent	present	low salinity	99.44	0.3	aquatic	not applicable (MAG)	not applicable (MAG)	MAG	93.38	161	draft			CheckM2 v1.0.1 (this study)	99.42	0.29	99.42
spire_mag_01748689.fa	spire_mag_01748689	SPIRE MAG	MAG / uncultured	Mycobacterium sp964202555	FSM (small-genome)	3.252	67.36	93.45	11.25	absent	absent	present	low salinity	93.38	0.86	aquatic	not applicable (MAG)	not applicable (MAG)	MAG	93.45	324	draft			CheckM2 v1.0.1 (this study)	93.38	0.87	93.38
spire_mag_01743952.fa	spire_mag_01743952	SPIRE MAG	MAG / uncultured	Mycobacterium sp964202555	FSM (small-genome)	3.302	67.34	93.38	11.27	absent	absent	present	low salinity	94.66	0.69	aquatic	not applicable (MAG)	not applicable (MAG)	MAG	93.38	151	draft			CheckM2 v1.0.1 (this study)	94.7	0.68	94.7
spire_mag_01753708.fa	spire_mag_01753708	SPIRE MAG	MAG / uncultured	Mycobacterium sp964202555	FSM (small-genome)	3.363	67.33	93.25	11.27	absent	absent	present	low salinity	99.08	1.05	aquatic	not applicable (MAG)	not applicable (MAG)	MAG	93.25	177	draft			CheckM2 v1.0.1 (this study)	99.07	1.04	99.07
spire_mag_01749319.fa	spire_mag_01749319	SPIRE MAG	MAG / uncultured	Mycobacterium sp964202555	FSM (small-genome)	3.318	67.34	93.39	11.28	absent	absent	present	low salinity	94.42	1.0	aquatic	not applicable (MAG)	not applicable (MAG)	MAG	93.39	222	draft			CheckM2 v1.0.1 (this study)	95.71	0.87	95.71
spire_mag_01108626.fa	spire_mag_01108626	SPIRE MAG	MAG / uncultured	novel sp.	FSM (small-genome)	3.719	67.76	91.64	11.26	absent	absent	present	low salinity	94.62	4.03	aquatic	not applicable (MAG)	not applicable (MAG)	MAG	91.64	330	draft			CheckM2 v1.0.1 (this study)	94.32	4.01	94.32
spire_mag_01108952.fa	spire_mag_01108952	SPIRE MAG	MAG / uncultured	novel sp.	FSM (small-genome)	3.32	67.85	91.67	11.29	absent	absent	present	low salinity	92.03	1.17	aquatic	not applicable (MAG)	not applicable (MAG)	MAG	91.67	306	draft			CheckM2 v1.0.1 (this study)	91.93	1.2	91.93
spire_mag_01112767.fa	spire_mag_01112767	SPIRE MAG	MAG / uncultured	novel sp.	FSM (small-genome)	3.418	67.97	92.25	11.31	absent	absent	present	low salinity	99.26	1.85	aquatic	not applicable (MAG)	not applicable (MAG)	MAG	92.25	317	draft			CheckM2 v1.0.1 (this study)	99.06	1.81	99.06
spire_mag_01111439.fa	spire_mag_01111439	SPIRE MAG	MAG / uncultured	novel sp.	FSM (small-genome)	3.373	67.81	91.68	11.25	absent	absent	present	low salinity	98.19	0.52	aquatic	not applicable (MAG)	not applicable (MAG)	MAG	91.68	339	draft			CheckM2 v1.0.1 (this study)	98.24	0.48	98.24
spire_mag_01112215.fa	spire_mag_01112215	SPIRE MAG	MAG / uncultured	novel sp.	FSM (small-genome)	3.424	67.92	92.26	11.26	absent	absent	present	low salinity	93.16	4.71	aquatic	not applicable (MAG)	not applicable (MAG)	MAG	92.26	404	draft			CheckM2 v1.0.1 (this study)	92.9	4.71	92.9
GB_GCA_037129875.1	GCA_037129875.1	GTDB reference	MAG / uncultured	Mycobacterium sp037129875	FSM (small-genome)	3.781	67.31	91.2	11.13	absent	absent	present					Mycobacteriaceae bacterium	not validly named	non_pathogen	92.97	683	draft			CheckM2 v1.0.1 (this study)	82.95	2.44	82.95
GB_GCA_903884065.1	GCA_903884065.1	GTDB reference	MAG / uncultured	Mycobacterium sp903884065	FSM (small-genome)	4.09	67.74	93.12	11.11	absent	absent	present					uncultured Actinomycetes bacterium	not validly named	non_pathogen	92.94	166	draft			CheckM2 v1.0.1 (this study)	98.74	0.23	98.74
GB_GCA_903877095.1	GCA_903877095.1	GTDB reference	MAG / uncultured	Mycobacterium sp903877095	FSM (small-genome)	4.468	67.48	91.75	11.07	absent	absent	present					uncultured Actinomycetes bacterium	not validly named	non_pathogen	91.43	248	draft			CheckM2 v1.0.1 (this study)	100	0.65	100
spire_mag_02762480.fa	spire_mag_02762480	SPIRE MAG	MAG / uncultured	Mycobacterium sp903877095	FSM (small-genome)	4.329	67.36	91.65	11.09	absent	absent	present	low salinity	95.05	0.99	aquatic	not applicable (MAG)	not applicable (MAG)	MAG	91.65	240	draft			CheckM2 v1.0.1 (this study)	95.78	0.37	95.78
spire_mag_01662118.fa	spire_mag_01662118	SPIRE MAG	MAG / uncultured	novel sp.	FSM (small-genome)	4.61	66.82	92.53	10.96	absent	absent	absent		94.95	1.52	anthropogenic	not applicable (MAG)	not applicable (MAG)	MAG	92.53	376	draft			CheckM2 v1.0.1 (this study)	94.9	1.61	94.9
spire_mag_01663809.fa	spire_mag_01663809	SPIRE MAG	MAG / uncultured	novel sp.	FSM (small-genome)	4.534	66.83	92.47	10.99	absent	absent	absent		96.05	2.64	anthropogenic	not applicable (MAG)	not applicable (MAG)	MAG	92.47	424	draft			CheckM2 v1.0.1 (this study)	93.26	2.76	93.26
spire_mag_01664230.fa	spire_mag_01664230	SPIRE MAG	MAG / uncultured	novel sp.	FSM (small-genome)	4.512	66.8	92.43	10.98	absent	absent	absent		95.43	1.64	anthropogenic	not applicable (MAG)	not applicable (MAG)	MAG	92.43	391	draft			CheckM2 v1.0.1 (this study)	95.43	1.69	95.43
GB_GCA_020438905.1	GCA_020438905.1	GTDB reference	MAG / uncultured	Mycobacterium sp020438905	FSM (small-genome)	3.685	68.46	88.77	11.18	absent	present	absent					Mycobacterium sp.	not validly named	non_pathogen	92.45	189	draft			CheckM2 v1.0.1 (this study)	85.1	0.4	85.1
GB_GCA_020439025.1	GCA_020439025.1	GTDB reference	MAG / uncultured	Mycobacterium sp020439025	FSM (small-genome)	3.835	68.19	87.22	11.28	absent	absent	absent					Mycobacterium sp.	not validly named	non_pathogen	91.67	449	draft			CheckM2 v1.0.1 (this study)	86.47	2.44	86.47
RS_GCF_020637165.1	GCF_020637165.1	GTDB reference	MAG / uncultured	Mycobacterium sp020637165	FSM (small-genome)	3.847	67.94	88.97	11.3	absent	absent	absent					Mycolicibacterium sp.	not validly named	non_pathogen	91.6	32	draft	91.91		CheckM2 v1.0.1 (this study)	94.52	0.08	94.52
GB_GCA_022600695.1	GCA_022600695.1	GTDB reference	MAG / uncultured	Mycobacterium sp022600695	FSM (small-genome)	2.822	67.52	92.69	11.31	absent	absent	absent					Actinomycetes bacterium	not validly named	non_pathogen	93.63	401	draft			CheckM2 v1.0.1 (this study)	85.79	0.31	85.79
spire_mag_00036881.fa	spire_mag_00036881	SPIRE MAG	MAG / uncultured	novel sp.	FSM (small-genome)	3.241	67.13	93.29	11.16	absent	absent	present	very high salinity	92.75	0.9	aquatic	not applicable (MAG)	not applicable (MAG)	MAG	93.29	53	draft			CheckM2 v1.0.1 (this study)	92.75	0.9	92.75
spire_mag_02088418.fa	spire_mag_02088418	SPIRE MAG	MAG / uncultured	novel sp.	FSM (small-genome)	3.486	67.1	93.38	11.2	absent	absent	absent	very high salinity	99.84	0.4	aquatic	not applicable (MAG)	not applicable (MAG)	MAG	93.38	67	draft			CheckM2 v1.0.1 (this study)	99.82	0.4	99.82
spire_mag_02088609.fa	spire_mag_02088609	SPIRE MAG	MAG / uncultured	novel sp.	FSM (small-genome)	3.513	67.07	93.21	11.19	absent	absent	present	very high salinity	95.05	0.19	aquatic	not applicable (MAG)	not applicable (MAG)	MAG	93.21	43	draft			CheckM2 v1.0.1 (this study)	95.05	0.19	95.05
spire_mag_02088219.fa	spire_mag_02088219	SPIRE MAG	MAG / uncultured	novel sp.	FSM (small-genome)	3.404	67.13	93.45	11.18	absent	absent	absent	very high salinity	97.59	0.82	aquatic	not applicable (MAG)	not applicable (MAG)	MAG	93.45	36	draft			CheckM2 v1.0.1 (this study)	97.46	0.82	97.46
spire_mag_02088284.fa	spire_mag_02088284	SPIRE MAG	MAG / uncultured	novel sp.	FSM (small-genome)	3.483	67.07	92.64	11.22	absent	absent	present	very high salinity	100.0	0.23	aquatic	not applicable (MAG)	not applicable (MAG)	MAG	92.64	151	draft			CheckM2 v1.0.1 (this study)	100	0.22	100
GB_GCA_027728805.1	GCA_027728805.1	GTDB reference	MAG / uncultured	Mycobacterium sp001510415	FSM (small-genome)	4.034	67.64	90.89	11.31	absent	absent	present					Actinomycetota bacterium	not validly named	non_pathogen	92.5	273	draft			CheckM2 v1.0.1 (this study)	95.42	2.16	95.42
spire_mag_01776406.fa	spire_mag_01776406	SPIRE MAG	MAG / uncultured	Mycobacterium sp001510415	FSM (small-genome)	3.725	67.88	93.29	11.17	absent	absent	present	medium salinity	95.09	0.01	aquatic	not applicable (MAG)	not applicable (MAG)	MAG	93.29	226	draft			CheckM2 v1.0.1 (this study)	95.2	0	95.2
GB_GCA_041303695.1	GCA_041303695.1	GTDB reference	MAG / uncultured	Mycobacterium sp041303695	FSM (small-genome)	2.78	68.09	94.7	11.11	present	absent	absent					Mycobacterium sp.	not validly named	non_pathogen	94.41	469	draft			CheckM2 v1.0.1 (this study)	75.74	0.52	75.74
GB_GCA_020438845.1	GCA_020438845.1	GTDB reference	MAG / uncultured	Mycobacterium sp020438845	FSM (small-genome)	4.527	65.44	90.34	11.11	absent	absent	absent					Mycobacterium sp.	not validly named	non_pathogen	92.28	118	draft			CheckM2 v1.0.1 (this study)	99.54	2.32	99.54
GB_GCA_903862565.1	GCA_903862565.1	GTDB reference	MAG / uncultured	Mycobacterium sp903862565	FSM (small-genome)	5.004	66.95	92.42	10.78	absent	absent	present					uncultured Actinomycetes bacterium	not validly named	non_pathogen	92.2	781	draft			CheckM2 v1.0.1 (this study)	96.36	5.52	96.36
GB_GCA_029977845.1	GCA_029977845.1	GTDB reference	MAG / uncultured	Mycobacterium sp029977845	FSM (small-genome)	2.791	67.29	95.71	11.15	absent	absent	present					Mycobacteriaceae bacterium	not validly named	non_pathogen	95.43	152	draft			CheckM2 v1.0.1 (this study)	72.49	0.38	72.49
RS_GCF_017853185.1	GCF_017853185.1	GTDB reference	MAG / uncultured	Mycobacterium sp017853185	FSM (small-genome)	3.579	68	92.28	11.2	absent	absent	absent					Mycolicibacterium sp.	not validly named	non_pathogen	94.1	287	draft	93.07	0.59	CheckM2 v1.0.1 (this study)	93.99	2.12	93.99
spire_mag_02102612.fa	spire_mag_02102612	SPIRE MAG	MAG / uncultured	Mycobacterium sp017853185	FSM (small-genome)	3.863	67.92	94.1	11.09	absent	absent	absent	low salinity	92.16	0.37	aquatic	not applicable (MAG)	not applicable (MAG)	MAG	94.1	343	draft			CheckM2 v1.0.1 (this study)	93.56	0.39	93.56
spire_mag_00138007.fa	spire_mag_00138007	SPIRE MAG	MAG / uncultured	Mycobacterium sp017853185	FSM (small-genome)	3.787	67.88	94.18	11.13	absent	absent	absent		97.7	0.17	anthropogenic	not applicable (MAG)	not applicable (MAG)	MAG	94.18	89	draft			CheckM2 v1.0.1 (this study)	97.65	0.18	97.65
spire_mag_00142179.fa	spire_mag_00142179	SPIRE MAG	MAG / uncultured	Mycobacterium sp017853185	FSM (small-genome)	3.777	67.95	94.11	11.09	absent	absent	absent		96.33	0.35	anthropogenic	not applicable (MAG)	not applicable (MAG)	MAG	94.11	84	draft			CheckM2 v1.0.1 (this study)	96.36	0.35	96.36
GB_GCA_037141465.1	GCA_037141465.1	GTDB reference	MAG / uncultured	Mycobacterium sp037141465	FSM (small-genome)	3.135	67.9	94.43	11.14	absent	absent	present					Mycobacteriaceae bacterium	not validly named	non_pathogen	95.09	240	draft			CheckM2 v1.0.1 (this study)	96.75	0.05	96.75
spire_mag_01948467.fa	spire_mag_01948467	SPIRE MAG	MAG / uncultured	Mycobacterium sp037141465	FSM (small-genome)	3.097	67.88	94.86	11.1	absent	absent	absent	low salinity	97.75	1.69	aquatic	not applicable (MAG)	not applicable (MAG)	MAG	94.86	187	draft			CheckM2 v1.0.1 (this study)	97.75	1.73	97.75
GB_GCA_018883075.1	GCA_018883075.1	GTDB reference	MAG / uncultured	Mycobacterium sp018883075	FSM (small-genome)	2.469	68.82	93.53	11.37	absent	absent	present					Mycobacterium sp.	not validly named	non_pathogen	94.64	136	draft			CheckM2 v1.0.1 (this study)	80.8	2.23	80.8
GB_GCA_040398865.1	GCA_040398865.1	GTDB reference	MAG / uncultured	Mycobacterium sp021413425	FSM (small-genome)	2.8	68.13	94.81	11.25	absent	absent	present					Mycobacterium sp.	not validly named	non_pathogen	94.55	125	draft			CheckM2 v1.0.1 (this study)	89.54	0.02	89.54
GB_GCA_041303735.1	GCA_041303735.1	GTDB reference	MAG / uncultured	Mycobacterium sp041303735	FSM (small-genome)	2.585	68.3	94.65	11.26	absent	absent	present					Mycobacterium sp.	not validly named	non_pathogen	94.46	299	draft			CheckM2 v1.0.1 (this study)	94.09	1.3	94.09
spire_mag_01882647.fa	spire_mag_01882647	SPIRE MAG	MAG / uncultured	novel sp.	FSM (small-genome)	3.596	67.73	94.31	11.16	absent	absent	present	low salinity	99.96	4.98	aquatic	not applicable (MAG)	not applicable (MAG)	MAG	94.31	220	draft			CheckM2 v1.0.1 (this study)	99.94	4.77	99.94
GB_GCA_020438895.1	GCA_020438895.1	GTDB reference	MAG / uncultured	Mycobacterium sp020438895	FSM (small-genome)	3.364	66.82	89.84	11.01	absent	absent	absent					Mycobacterium sp.	not validly named	non_pathogen	93.02	463	draft			CheckM2 v1.0.1 (this study)	76.32	0.78	76.32
GB_GCA_029780675.1	GCA_029780675.1	GTDB reference	MAG / uncultured	Mycobacterium sp029780675	FSM (small-genome)	4.026	68.65	93.19	10.97	absent	absent	absent					Actinomycetes bacterium	not validly named	non_pathogen	93.07	257	draft			CheckM2 v1.0.1 (this study)	92.36	2.24	92.36
spire_mag_00139887.fa	spire_mag_00139887	SPIRE MAG	MAG / uncultured	Mycobacterium sp029780675	FSM (small-genome)	4.148	68.24	92.69	11.08	absent	absent	absent		95.74	3.9	anthropogenic	not applicable (MAG)	not applicable (MAG)	MAG	92.69	183	draft			CheckM2 v1.0.1 (this study)	95.74	3.91	95.74
GB_GCA_030836785.1	GCA_030836785.1	GTDB reference	MAG / uncultured	Mycobacterium sp030836785	FSM (small-genome)	3.995	67.83	93.34	11.11	absent	absent	absent					Actinomycetota bacterium	not validly named	non_pathogen	93.39	397	draft			CheckM2 v1.0.1 (this study)	92.74	1.38	92.74
spire_mag_00138052.fa	spire_mag_00138052	SPIRE MAG	MAG / uncultured	Mycobacterium sp030836785	FSM (small-genome)	3.879	67.62	93.1	11.15	absent	absent	absent		93.18	3.43	anthropogenic	not applicable (MAG)	not applicable (MAG)	MAG	93.1	406	draft			CheckM2 v1.0.1 (this study)	93.17	3.35	93.17
spire_mag_01117712.fa	spire_mag_01117712	SPIRE MAG	MAG / uncultured	Mycobacterium sp030836785	FSM (small-genome)	3.906	67.87	93.59	11.1	absent	absent	absent		93.8	1.56	anthropogenic	not applicable (MAG)	not applicable (MAG)	MAG	93.59	272	draft			CheckM2 v1.0.1 (this study)	93.73	1.56	93.73
spire_mag_00709104.fa	spire_mag_00709104	SPIRE MAG	MAG / uncultured	novel sp.	FSM (small-genome)	2.761	62.85	93.29	10.71	absent	absent	absent		91.23	0.0		not applicable (MAG)	not applicable (MAG)	MAG	93.29	150	draft			CheckM2 v1.0.1 (this study)	91.08	0	91.08
spire_mag_00709371.fa	spire_mag_00709371	SPIRE MAG	MAG / uncultured	novel sp.	FSM (small-genome)	3.527	62.46	92.19	10.71	absent	absent	absent		95.77	1.87		not applicable (MAG)	not applicable (MAG)	MAG	92.19	238	draft			CheckM2 v1.0.1 (this study)	95.77	1.85	95.77
spire_mag_00036704.fa	spire_mag_00036704	SPIRE MAG	MAG / uncultured	novel sp.	FSM (small-genome)	3.454	69.67	94.1	11.27	absent	absent	present	very high salinity	95.62	3.16	aquatic	not applicable (MAG)	not applicable (MAG)	MAG	94.1	121	draft			CheckM2 v1.0.1 (this study)	95.61	3.18	95.61
spire_mag_02087828.fa	spire_mag_02087828	SPIRE MAG	MAG / uncultured	novel sp.	FSM (small-genome)	3.457	69.64	93.78	11.29	absent	absent	present	very high salinity	99.45	0.65	aquatic	not applicable (MAG)	not applicable (MAG)	MAG	93.78	87	draft			CheckM2 v1.0.1 (this study)	99.51	0.61	99.51
spire_mag_02088828.fa	spire_mag_02088828	SPIRE MAG	MAG / uncultured	novel sp.	FSM (small-genome)	3.419	69.78	94.1	11.31	absent	absent	present	very high salinity	98.17	1.12	aquatic	not applicable (MAG)	not applicable (MAG)	MAG	94.1	87	draft			CheckM2 v1.0.1 (this study)	97.99	1.14	97.99
spire_mag_02088287.fa	spire_mag_02088287	SPIRE MAG	MAG / uncultured	novel sp.	FSM (small-genome)	3.534	69.61	93.64	11.27	absent	absent	present	very high salinity	99.69	2.53	aquatic	not applicable (MAG)	not applicable (MAG)	MAG	93.64	141	draft			CheckM2 v1.0.1 (this study)	99.61	2.58	99.61
spire_mag_02088330.fa	spire_mag_02088330	SPIRE MAG	MAG / uncultured	novel sp.	FSM (small-genome)	3.352	69.75	94.11	11.29	absent	absent	present	very high salinity	99.89	1.54	aquatic	not applicable (MAG)	not applicable (MAG)	MAG	94.11	133	draft			CheckM2 v1.0.1 (this study)	99.89	1.53	99.89
spire_mag_02088507.fa	spire_mag_02088507	SPIRE MAG	MAG / uncultured	novel sp.	FSM (small-genome)	3.466	69.69	93.95	11.31	absent	absent	present	very high salinity	98.79	1.61	aquatic	not applicable (MAG)	not applicable (MAG)	MAG	93.95	137	draft			CheckM2 v1.0.1 (this study)	98.79	1.6	98.79
GB_GCA_018882965.1	GCA_018882965.1	GTDB reference	MAG / uncultured	Mycobacterium sp018882965	FSM (small-genome)	3.352	68.92	93.49	11.15	absent	absent	present					Mycobacterium sp.	not validly named	non_pathogen	94.87	113	draft			CheckM2 v1.0.1 (this study)	94.55	0.07	94.55
spire_mag_02028936.fa	spire_mag_02028936	SPIRE MAG	MAG / uncultured	Mycobacterium sp018882965	FSM (small-genome)	3.163	68.88	94.68	11.15	absent	absent	present	low salinity	97.97	0.22	aquatic	not applicable (MAG)	not applicable (MAG)	MAG	94.68	291	draft			CheckM2 v1.0.1 (this study)	97.97	0.23	97.97
spire_mag_02005306.fa	spire_mag_02005306	SPIRE MAG	MAG / uncultured	novel sp.	FSM (small-genome)	3.271	69.64	94.38	11.02	absent	absent	present	low salinity	92.49	2.47	aquatic	not applicable (MAG)	not applicable (MAG)	MAG	94.38	369	draft			CheckM2 v1.0.1 (this study)	92.56	2.49	92.56
spire_mag_01040852.fa	spire_mag_01040852	SPIRE MAG	MAG / uncultured	novel sp.	FSM (small-genome)	3.356	69.73	94.61	11.05	absent	absent	present	low salinity	96.01	0.0	anthropogenic	not applicable (MAG)	not applicable (MAG)	MAG	94.61	98	draft			CheckM2 v1.0.1 (this study)	94.74	0	94.74
spire_mag_01041266.fa	spire_mag_01041266	SPIRE MAG	MAG / uncultured	novel sp.	FSM (small-genome)	3.301	69.82	94.82	11.05	absent	absent	present	low salinity	95.54	0.0	anthropogenic	not applicable (MAG)	not applicable (MAG)	MAG	94.82	104	draft			CheckM2 v1.0.1 (this study)	93.98	0	93.98
GB_GCA_016197405.1	GCA_016197405.1	GTDB reference	MAG / uncultured	Mycobacterium sp016197405	RGM (large-genome)	6.095	66.65	91.7	11.39	present	absent	absent					Mycobacterium sp.	not validly named	non_pathogen	92.82	36	draft			CheckM2 v1.0.1 (this study)	100	0.11	100
GB_GCA_040511255.1	GCA_040511255.1	GTDB reference	MAG / uncultured	Mycobacterium sp040511255	RGM (large-genome)	6.919	66.5	91.52	11.31	present	absent	absent					Mycobacterium sp.	not validly named	non_pathogen	92.52	767	draft			CheckM2 v1.0.1 (this study)	86.01	5.43	86.01
RS_GCF_025822605.1	GCF_025822605.1	GTDB reference	Cultured isolate	Mycobacterium komossense	RGM (large-genome)	6.921	65.52	90.38	11.28	present	absent	absent					Mycolicibacterium komossense	Mycolicibacterium	non_pathogen	91.61	57	draft	100	4.61	complete by definition (isolate)			100
GB_GCA_040512325.1	GCA_040512325.1	GTDB reference	MAG / uncultured	Mycobacterium sp040512325	RGM (large-genome)	5.551	66.81	92.42	11.57	present	absent	absent					Mycobacterium sp.	not validly named	non_pathogen	93.22	215	draft			CheckM2 v1.0.1 (this study)	83.67	0.85	83.67
RS_GCF_015710575.1	GCF_015710575.1	GTDB reference	Cultured isolate	Mycobacterium mengxianglii	RGM (large-genome)	5.962	66.29	89.79	11.5	present	absent	absent					Mycolicibacterium mengxianglii	Mycolicibacterium	non_pathogen	91.47	1	closed	99.3	2.08	complete by definition (isolate)			100
RS_GCF_001984215.1	GCF_001984215.1	GTDB reference	MAG / uncultured	Mycobacterium sp001984215	RGM (large-genome)	6.829	66.06	88.92	11.47	present	absent	absent					Mycobacterium sp. MS1601	not validly named	non_pathogen	92.12	6	draft	96.49	4.83	CheckM2 v1.0.1 (this study)	99.95	0.92	99.95
RS_GCF_010725885.1	GCF_010725885.1	GTDB reference	Cultured isolate	Mycobacterium tokaiense	RGM (large-genome)	6.328	67.91	92.43	11.39	present	present	absent					Mycolicibacterium tokaiense	Mycolicibacterium	non_pathogen	93.54	1	closed	99.34	3.29	complete by definition (isolate)			100
GB_GCA_023460175.1	GCA_023460175.1	GTDB reference	MAG / uncultured	Mycobacterium sp023460175	RGM (large-genome)	5.252	68.72	93.54	11.92	present	present	absent					Actinomycetes bacterium	not validly named	non_pathogen	93.09	245	draft			CheckM2 v1.0.1 (this study)	100	1.14	100
spire_mag_02520786.fa	spire_mag_02520786	SPIRE MAG	MAG / uncultured	Mycobacterium sp023460175	RGM (large-genome)	5.243	68.74	93.13	11.92	present	present	absent		100.0	1.05	host-associated	not applicable (MAG)	not applicable (MAG)	MAG	93.13	225	draft			CheckM2 v1.0.1 (this study)	100	1.08	100
RS_GCF_900637205.1	GCF_900637205.1	GTDB reference	Cultured isolate	Mycobacterium chitae	RGM (large-genome)	5.462	68.88	92.0	11.92	present	present	absent					Mycolicibacterium chitae	Mycolicibacterium	non_pathogen	92.97	1	closed	99.66	1.93	complete by definition (isolate)			100
spire_mag_00825292.fa	spire_mag_00825292	SPIRE MAG	MAG / uncultured	Mycobacterium chitae	RGM (large-genome)	5.806	68.59	92.14	11.89	present	present	absent		100.0	1.93	anthropogenic	not applicable (MAG)	not applicable (MAG)	MAG	92.14	165	draft			CheckM2 v1.0.1 (this study)	100	1.78	100
RS_GCF_963378085.1	GCF_963378085.1	GTDB reference	MAG / uncultured	Mycobacterium sp963378085	RGM (large-genome)	5.225	68.63	90.61	11.89	present	present	absent					[Mycobacterium] wendilense	not validly named	non_pathogen	92.57	2	draft	99.31	1.76	CheckM2 v1.0.1 (this study)	100	0.31	100
RS_GCF_963378095.1	GCF_963378095.1	GTDB reference	MAG / uncultured	Mycobacterium sp963378095	RGM (large-genome)	5.453	67.73	91.37	11.68	present	present	absent					[Mycobacterium] burgundiense	not validly named	non_pathogen	92.2	1	closed	99.27	1.58	complete by definition (closed)			100
RS_GCF_001667265.1	GCF_001667265.1	GTDB reference	MAG / uncultured	Mycobacterium sp001667265	RGM (large-genome)	5.755	68.03	92.08	11.74	present	absent	absent					Mycobacterium sp. ACS4331	not validly named	non_pathogen	93.29	114	draft	98.97	1.2	CheckM2 v1.0.1 (this study)	100	0.02	100
RS_GCF_010729895.1	GCF_010729895.1	GTDB reference	Cultured isolate	Mycobacterium confluentis	RGM (large-genome)	5.877	67.49	91.78	11.76	present	absent	absent					Mycolicibacterium confluentis	Mycolicibacterium	non_pathogen	92.78	1	closed	99.86	1.29	complete by definition (isolate)			100
RS_GCF_945957405.1	GCF_945957405.1	GTDB reference	MAG / uncultured	Mycobacterium sp945957405	RGM (large-genome)	7.805	66.6	91.24	11.46	present	absent	absent					uncultured Mycolicibacterium sp.	not validly named	non_pathogen	93.08	627	draft	91.97	6.02	CheckM2 v1.0.1 (this study)	89.81	3.63	89.81
GB_GCA_022708865.1	GCA_022708865.1	GTDB reference	MAG / uncultured	Mycobacterium sp022708865	RGM (large-genome)	4.075	67.62	92.16	11.44	absent	absent	absent					Acidobacteriota bacterium	not validly named	non_pathogen	91.88	543	draft			CheckM2 v1.0.1 (this study)	81.71	1.29	81.71
spire_mag_00143021.fa	spire_mag_00143021	SPIRE MAG	MAG / uncultured	novel sp.	RGM (large-genome)	4.872	68.28	93.55	11.49	present	absent	absent		99.92	1.14	anthropogenic	not applicable (MAG)	not applicable (MAG)	MAG	93.55	346	draft			CheckM2 v1.0.1 (this study)	99.92	0.88	99.92
GB_GCA_035345915.1	GCA_035345915.1	GTDB reference	MAG / uncultured	Mycobacterium sp035345915	RGM (large-genome)	3.985	68.49	91.77	11.66	present	absent	absent					Mycobacterium sp.	not validly named	non_pathogen	93.4	564	draft	74.82	3.55	CheckM2 v1.0.1 (this study)	74.35	3.63	74.35
GB_GCA_036273805.1	GCA_036273805.1	GTDB reference	MAG / uncultured	Mycobacterium sp036273805	RGM (large-genome)	3.246	67.17	90.97	11.04	present	absent	absent					Mycobacterium sp.	not validly named	non_pathogen	92.32	267	draft			CheckM2 v1.0.1 (this study)	67.34	2	67.34
RS_GCF_010726955.1	GCF_010726955.1	GTDB reference	Cultured isolate	Mycobacterium fallax	RGM (large-genome)	4.157	70.37	89.88	11.47	absent	absent	absent					Mycolicibacterium fallax	Mycolicibacterium	non_pathogen	91.52	1	closed	97.84	0.04	complete by definition (isolate)			100
spire_mag_00877932.fa	spire_mag_00877932	SPIRE MAG	MAG / uncultured	Mycobacterium fallax	RGM (large-genome)	3.923	70.68	92.62	11.42	absent	absent	absent		99.95	2.14		not applicable (MAG)	not applicable (MAG)	MAG	92.62	117	draft			CheckM2 v1.0.1 (this study)	99.95	2.04	99.95
spire_mag_01040802.fa	spire_mag_01040802	SPIRE MAG	MAG / uncultured	Mycobacterium fallax	RGM (large-genome)	3.583	71.04	93.32	11.38	absent	absent	absent		96.08	4.08	anthropogenic	not applicable (MAG)	not applicable (MAG)	MAG	93.32	338	draft			CheckM2 v1.0.1 (this study)	96.1	4.12	96.1
spire_mag_01041225.fa	spire_mag_01041225	SPIRE MAG	MAG / uncultured	Mycobacterium fallax	RGM (large-genome)	3.59	71.05	93.24	11.38	absent	absent	absent		99.8	0.0	anthropogenic	not applicable (MAG)	not applicable (MAG)	MAG	93.24	242	draft			CheckM2 v1.0.1 (this study)	99.8	0	99.8
spire_mag_01041320.fa	spire_mag_01041320	SPIRE MAG	MAG / uncultured	Mycobacterium fallax	RGM (large-genome)	3.64	71.13	93.34	11.38	absent	absent	absent	low salinity	99.99	2.82	anthropogenic	not applicable (MAG)	not applicable (MAG)	MAG	93.34	241	draft			CheckM2 v1.0.1 (this study)	99.98	2.98	99.98
RS_GCF_025215495.1	GCF_025215495.1	GTDB reference	Cultured isolate	Mycobacterium brumae	RGM (large-genome)	3.989	69.16	89.37	11.77	present	absent	absent					Mycolicibacterium brumae	Mycolicibacterium	non_pathogen	91.53	1	closed	98.17	0.56	complete by definition (isolate)			100
RS_GCF_010731615.1	GCF_010731615.1	GTDB reference	Cultured isolate	Mycobacterium insubricum	RGM (large-genome)	4.577	68.82	90.74	11.44	absent	absent	absent					Mycolicibacterium insubricum	Mycolicibacterium	non_pathogen	92.44	1	closed	98.41	1.16	complete by definition (isolate)			100
RS_GCF_002592005.1	GCF_002592005.1	GTDB reference	Cultured isolate	Mycobacterium palauense	RGM (large-genome)	6.23	69.4	89.39	11.66	present	present	absent					Mycolicibacterium palauense	Mycolicibacterium	non_pathogen	90.76	210	draft	99.17	1.43	complete by definition (isolate)			100
GB_GCA_001665255.1	GCA_001665255.1	GTDB reference	MAG / uncultured	Mycobacterium sp001665255	RGM (large-genome)	5.314	65.79	84.16	11.84	present	absent	absent					Mycobacteriaceae bacterium 1482268.1	not validly named	non_pathogen	93.01	587	draft			CheckM2 v1.0.1 (this study)	99.99	2.48	99.99
RS_GCF_001668615.1	GCF_001668615.1	GTDB reference	MAG / uncultured	Mycobacterium sp001668615	RGM (large-genome)	5.078	66.1	91.03	11.81	present	absent	absent					Mycobacterium sp. 1274761.0	not validly named	non_pathogen	93.36	113	draft	98.2	2.08	CheckM2 v1.0.1 (this study)	99.99	0.16	99.99
GB_GCA_003347205.1	GCA_003347205.1	GTDB reference	Cultured isolate	Mycobacterium moriokaense_B	RGM (large-genome)	7.123	67.12	91.33	11.78	present	present	absent					Mycolicibacterium moriokaense	Mycolicibacterium	non_pathogen	92.84	123	draft	99.37	4.03	complete by definition (isolate)			100
GB_GCA_023415515.1	GCA_023415515.1	GTDB reference	MAG / uncultured	Mycobacterium sp023415515	RGM (large-genome)	6.208	66.35	93.66	11.86	present	absent	absent					Actinomycetes bacterium	not validly named	non_pathogen	93.25	526	draft			CheckM2 v1.0.1 (this study)	95.92	6.23	95.92
RS_GCF_033741175.1	GCF_033741175.1	GTDB reference	MAG / uncultured	Mycobacterium sp033741175	RGM (large-genome)	6.401	66.54	92.0	11.95	present	absent	absent					Mycolicibacterium sp. 120270	not validly named	non_pathogen	93.05	77	draft	99.48	1.47	CheckM2 v1.0.1 (this study)	100	0.29	100
GB_GCA_035279185.1	GCA_035279185.1	GTDB reference	MAG / uncultured	Mycobacterium sp035279185	RGM (large-genome)	5.217	67.44	93.85	11.97	present	absent	absent					Mycobacterium sp.	not validly named	non_pathogen	94.66	804	draft			CheckM2 v1.0.1 (this study)	83.75	3.43	83.75
GB_GCA_902826815.1	GCA_902826815.1	GTDB reference	MAG / uncultured	Mycobacterium sp902826815	RGM (large-genome)	6.871	65.8	93.4	11.8	absent	present	absent					uncultured Mycobacteriaceae bacterium	not validly named	non_pathogen	93.21	141	draft			CheckM2 v1.0.1 (this study)	99.96	1.49	99.96
RS_GCF_002968285.2	GCF_002968285.2	GTDB reference	MAG / uncultured	Mycobacterium sp002968285	RGM (large-genome)	5.459	66.2	89.95	11.94	present	absent	absent					Mycobacterium sp. ITM-2016-00318	not validly named	non_pathogen	92.25	1	closed	98.89	0.17	complete by definition (closed)			100
GB_GCA_032159565.1	GCA_032159565.1	GTDB reference	MAG / uncultured	Mycobacterium sp032159565	RGM (large-genome)	6.243	65.97	91.44	11.71	present	absent	absent					Mycobacterium sp.	not validly named	non_pathogen	91.77	235	draft			CheckM2 v1.0.1 (this study)	99.99	0.26	99.99
GB_GCA_032159775.1	GCA_032159775.1	GTDB reference	MAG / uncultured	Mycobacterium sp032159775	RGM (large-genome)	5.429	65.87	93.17	11.83	present	absent	absent					Mycobacterium sp.	not validly named	non_pathogen	93.38	219	draft			CheckM2 v1.0.1 (this study)	94.39	1.64	94.39
RS_GCF_003719305.1	GCF_003719305.1	GTDB reference	Cultured isolate	Mycobacterium stellerae	RGM (large-genome)	6.956	65.82	91.83	11.76	present	absent	absent					Mycolicibacterium stellerae	Mycolicibacterium	non_pathogen	92.86	88	draft	99.77	3.16	complete by definition (isolate)			100
GB_GCA_036265655.1	GCA_036265655.1	GTDB reference	MAG / uncultured	Mycobacterium sp036265655	RGM (large-genome)	6.821	65.76	88.71	11.79	absent	absent	absent					Mycobacterium sp.	not validly named	non_pathogen	91.02	393	draft			CheckM2 v1.0.1 (this study)	99.98	6.73	99.98
RS_GCF_002553505.1	GCF_002553505.1	GTDB reference	Cultured isolate	Mycobacterium agri	RGM (large-genome)	6.987	66.48	89.39	11.78	present	present	absent					Mycolicibacterium agri	Mycolicibacterium	non_pathogen	92.21	272	draft	100	5.36	complete by definition (isolate)			100
spire_mag_00841652.fa	spire_mag_00841652	SPIRE MAG	MAG / uncultured	novel sp.	RGM (large-genome)	5.761	68.29	93.87	11.67	present	absent	present		96.17	1.95	anthropogenic	not applicable (MAG)	not applicable (MAG)	MAG	93.87	158	draft			CheckM2 v1.0.1 (this study)	96.09	2.09	96.09
GB_GCA_019749805.1	GCA_019749805.1	GTDB reference	MAG / uncultured	Mycobacterium sp019749805	RGM (large-genome)	6.477	65.58	89.87	11.93	present	present	absent					Mycobacteriaceae bacterium	not validly named	non_pathogen	92.01	125	draft			CheckM2 v1.0.1 (this study)	100	1.19	100
RS_GCF_010726765.1	GCF_010726765.1	GTDB reference	Cultured isolate	Mycobacterium gallinarum	RGM (large-genome)	6.302	65.61	90.85	11.99	present	absent	absent					Mycobacterium gallinarum	Mycobacterium	non_pathogen	93.19	2	draft	99.58	0.58	complete by definition (isolate)			100
RS_GCF_002086795.1	GCF_002086795.1	GTDB reference	Cultured isolate	Mycobacterium tusciae	RGM (large-genome)	6.163	65.69	91.35	11.92	present	absent	absent					Mycolicibacterium tusciae	Mycolicibacterium	non_pathogen	92.75	70	draft	99.66	0.96	complete by definition (isolate)			100
RS_GCF_010728925.1	GCF_010728925.1	GTDB reference	Cultured isolate	Mycobacterium gadium	RGM (large-genome)	5.965	65.66	90.8	11.97	present	present	absent					Mycolicibacterium gadium	Mycolicibacterium	non_pathogen	93.01	1	closed	99.57	0.8	complete by definition (isolate)			100
spire_mag_01733397.fa	spire_mag_01733397	SPIRE MAG	MAG / uncultured	Mycobacterium gadium	RGM (large-genome)	6.351	65.64	92.43	11.86	present	present	absent		99.98	1.77	anthropogenic	not applicable (MAG)	not applicable (MAG)	MAG	92.43	85	draft			CheckM2 v1.0.1 (this study)	99.98	1.7	99.98
RS_GCF_000243415.2	GCF_000243415.2	GTDB reference	Cultured isolate	Mycobacterium tusciae_A	RGM (large-genome)	7.306	65.38	86.41	11.81	present	present	absent					Mycolicibacterium tusciae JS617	Mycolicibacterium	non_pathogen	91.69	4	draft	99.31	1.09	complete by definition (isolate)			100
RS_GCF_002591975.1	GCF_002591975.1	GTDB reference	Cultured isolate	Mycobacterium neglectum	RGM (large-genome)	6.209	65.33	91.72	11.88	present	present	absent					Mycobacterium neglectum	Mycobacterium	non_pathogen	93.18	123	draft	99.33	1.61	complete by definition (isolate)			100
RS_GCF_000230895.2	GCF_000230895.2	GTDB reference	Cultured isolate	Mycobacterium rhodesiae_A	RGM (large-genome)	6.416	65.49	91.03	11.94	present	absent	absent					Mycolicibacterium rhodesiae NBB3	Mycolicibacterium	non_pathogen	92.85	1	closed	97.98	0.38	complete by definition (isolate)			100
RS_GCF_010726085.1	GCF_010726085.1	GTDB reference	Cultured isolate	Mycobacterium moriokaense	RGM (large-genome)	6.226	66.01	91.42	11.97	present	absent	absent					Mycolicibacterium moriokaense	Mycolicibacterium	non_pathogen	93.02	1	closed	99.66	1.26	complete by definition (isolate)			100
RS_GCF_025822765.1	GCF_025822765.1	GTDB reference	Cultured isolate	Mycobacterium barrassiae	RGM (large-genome)	5.9	65.9	91.71	11.96	present	absent	absent					Mycobacterium barrassiae	Mycobacterium	non_pathogen	92.78	49	draft	99.33	0.44	complete by definition (isolate)			100
GB_GCA_900637135.1	GCA_900637135.1	GTDB reference	Cultured isolate	Mycobacterium neumannii	RGM (large-genome)	5.396	66.79	92.71	12.05	present	present	absent					Mycolicibacterium flavescens	Mycolicibacterium	non_pathogen	92.96	1	closed	99.94		complete by definition (isolate)			100
RS_GCF_002245535.1	GCF_002245535.1	GTDB reference	Cultured isolate	Mycobacterium lehmannii	RGM (large-genome)	5.496	66.73	91.21	12.04	present	present	absent					Mycobacterium lehmannii	Mycobacterium	non_pathogen	92.47	76	draft	99.86	1.19	complete by definition (isolate)			100
RS_GCF_001500025.1	GCF_001500025.1	GTDB reference	MAG / uncultured	Mycobacterium sp001500025	RGM (large-genome)	5.382	67.12	92.13	12.06	present	present	absent					Mycobacterium sp. IS-1590	not validly named	non_pathogen	93.48	51	draft	99.9	0.48	CheckM2 v1.0.1 (this study)	100	0.07	100
RS_GCF_001500045.1	GCF_001500045.1	GTDB reference	MAG / uncultured	Mycobacterium sp001500045	RGM (large-genome)	5.439	66.85	91.77	12.06	present	present	absent					Mycobacterium sp. GA-1199	not validly named	non_pathogen	93.13	56	draft	99.61	0.48	CheckM2 v1.0.1 (this study)	100	0.27	100
RS_GCF_001570485.1	GCF_001570485.1	GTDB reference	NTM (isolate)	Mycobacterium novocastrense	RGM (large-genome)	6.228	66.84	90.33	11.94	present	present	absent					Mycolicibacterium novocastrense	Mycolicibacterium	opportunistic_pathogen	91.94	119	draft	99.94	1.09	complete by definition (isolate)			100
RS_GCF_001499905.1	GCF_001499905.1	GTDB reference	MAG / uncultured	Mycobacterium sp001499905	RGM (large-genome)	4.812	66.78	91.44	12.12	present	present	absent					Mycobacterium sp. GA-1285	not validly named	non_pathogen	92.79	55	draft	98.81		CheckM2 v1.0.1 (this study)	100	0	100
RS_GCF_001050015.1	GCF_001050015.1	GTDB reference	Cultured isolate	Mycobacterium malmesburyense	RGM (large-genome)	5.471	67.27	93.42	12.08	present	present	absent					Mycolicibacterium malmesburyense	Mycolicibacterium	non_pathogen		324	draft			complete by definition (isolate)	99.99	0.06	100
RS_GCF_001050035.1	GCF_001050035.1	GTDB reference	Cultured isolate	Mycobacterium komanii	RGM (large-genome)	5.379	67.32	93.81	12.05	present	present	absent					Mycolicibacterium komanii	Mycolicibacterium	non_pathogen		65	draft			complete by definition (isolate)	100	0	100
RS_GCF_001665535.1	GCF_001665535.1	GTDB reference	MAG / uncultured	Mycobacterium sp001665535	RGM (large-genome)	5.553	67.16	92.39	12.09	present	present	absent					Mycobacterium sp. 852002-51961_SCH5331710	not validly named	non_pathogen	93.62	135	draft	99.81	0.89	CheckM2 v1.0.1 (this study)	100	0.01	100
RS_GCF_001668575.1	GCF_001668575.1	GTDB reference	MAG / uncultured	Mycobacterium sp001668575	RGM (large-genome)	5.481	67.01	91.51	12.03	present	present	absent					Mycobacterium sp. 1164985.4	not validly named	non_pathogen	93.31	117	draft	99.38	0.49	CheckM2 v1.0.1 (this study)	99.99	0.14	99.99
RS_GCF_003284965.1	GCF_003284965.1	GTDB reference	MAG / uncultured	Mycobacterium sp003284965	RGM (large-genome)	5.329	66.66	90.68	11.9	absent	present	absent					Mycolicibacterium sp. GF69	not validly named	non_pathogen	91.96	107	draft	99.31	0.22	CheckM2 v1.0.1 (this study)	99.99	0.12	99.99
RS_GCF_035918395.1	GCF_035918395.1	GTDB reference	MAG / uncultured	Mycobacterium sp035918395	RGM (large-genome)	5.097	66.86	89.7	11.92	absent	present	absent					Mycolicibacterium sp. ND9-15	not validly named	non_pathogen	91.93	1	closed	99.25		complete by definition (closed)			100
RS_GCF_001499855.1	GCF_001499855.1	GTDB reference	MAG / uncultured	Mycobacterium sp001499855	RGM (large-genome)	5.148	66.92	91.2	11.98	present	present	absent					Mycobacterium sp. GA-0227b	not validly named	non_pathogen	92.77	34	draft	99.33	0.61	CheckM2 v1.0.1 (this study)	99.99	0	99.99
RS_GCF_001500065.1	GCF_001500065.1	GTDB reference	MAG / uncultured	Mycobacterium sp001500065	RGM (large-genome)	5.169	67.02	89.06	12.01	present	present	absent					Mycobacterium sp. IS-3022	not validly named	non_pathogen	93.26	51	draft	100	2.83	CheckM2 v1.0.1 (this study)	99.99	0.17	99.99
RS_GCF_010731795.1	GCF_010731795.1	GTDB reference	Cultured isolate	Mycobacterium celeriflavum	RGM (large-genome)	5.024	66.88	90.21	12.02	present	present	absent					Mycolicibacterium celeriflavum	Mycolicibacterium	non_pathogen	92.99	1	closed	99.48	0.47	complete by definition (isolate)			100
RS_GCF_001672895.1	GCF_001672895.1	GTDB reference	MAG / uncultured	Mycobacterium sp001672895	RGM (large-genome)	4.62	67.44	91.53	11.91	absent	absent	absent					Mycobacterium sp. E740	not validly named	non_pathogen	93.86	228	draft	98.84	0.93	CheckM2 v1.0.1 (this study)	100	0.11	100
RS_GCF_001583415.1	GCF_001583415.1	GTDB reference	Cultured isolate	Mycobacterium phlei	RGM (large-genome)	5.35	69.44	91.36	12.01	present	present	absent					Mycolicibacterium phlei	Mycolicibacterium	non_pathogen	93.28	1	closed	98.9	0.46	complete by definition (isolate)			100
spire_mag_01585204.fa	spire_mag_01585204	SPIRE MAG	MAG / uncultured	Mycobacterium phlei	RGM (large-genome)	5.061	69.35	93.06	11.97	present	present	absent		90.27	0.8	anthropogenic	not applicable (MAG)	not applicable (MAG)	MAG	93.06	136	draft			CheckM2 v1.0.1 (this study)	89.9	0.86	89.9
spire_mag_01586430.fa	spire_mag_01586430	SPIRE MAG	MAG / uncultured	Mycobacterium phlei	RGM (large-genome)	5.645	69.39	93.47	11.97	present	present	absent		100.0	3.99	anthropogenic	not applicable (MAG)	not applicable (MAG)	MAG	93.47	152	draft			CheckM2 v1.0.1 (this study)	100	3.99	100
spire_mag_01586673.fa	spire_mag_01586673	SPIRE MAG	MAG / uncultured	Mycobacterium phlei	RGM (large-genome)	5.413	69.5	93.6	11.94	present	present	absent		100.0	1.76	anthropogenic	not applicable (MAG)	not applicable (MAG)	MAG	93.6	140	draft			CheckM2 v1.0.1 (this study)	99.99	1.76	99.99
RS_GCF_025822705.1	GCF_025822705.1	GTDB reference	Cultured isolate	Mycobacterium flavescens	RGM (large-genome)	5.974	68.49	91.73	11.99	present	present	absent					Mycolicibacterium flavescens	Mycolicibacterium	non_pathogen	92.8	47	draft	100	0.56	complete by definition (isolate)			100
RS_GCF_900108565.1	GCF_900108565.1	GTDB reference	Cultured isolate	Mycobacterium rutilum	RGM (large-genome)	5.988	68.42	91.54	11.87	present	present	absent					Mycolicibacterium rutilum	Mycolicibacterium	non_pathogen	93.13	1	closed	99.94	1.15	complete by definition (isolate)			100
RS_GCF_022317005.1	GCF_022317005.1	GTDB reference	MAG / uncultured	Mycobacterium sp022317005	RGM (large-genome)	5.172	67.74	91.11	11.85	present	present	absent					Mycobacterium sp. IDR2000157661	not validly named	non_pathogen	92.83	2	draft	98.89	0.21	CheckM2 v1.0.1 (this study)	100	0	100
RS_GCF_039871645.1	GCF_039871645.1	GTDB reference	MAG / uncultured	Mycobacterium sp039871645	RGM (large-genome)	5.221	68.28	91.75	11.9	present	absent	absent					Mycobacterium sp. B14F4	not validly named	non_pathogen	93.08	20	draft	99.67	0.67	CheckM2 v1.0.1 (this study)	99.99	0.17	99.99
RS_GCF_004014805.1	GCF_004014805.1	GTDB reference	NTM (isolate)	Mycobacterium elephantis	RGM (large-genome)	5.47	67.62	91.5	12.02	present	present	absent					Mycolicibacterium elephantis DSM 44368	Mycolicibacterium	opportunistic_pathogen	92.87	91	draft	99.91	1.22	complete by definition (isolate)			100
RS_GCF_010725725.1	GCF_010725725.1	GTDB reference	Cultured isolate	Mycobacterium pulveris	RGM (large-genome)	5.485	67.52	92.31	11.92	present	present	absent					Mycolicibacterium pulveris	Mycolicibacterium	non_pathogen	93.28	1	closed	99.22	1.19	complete by definition (isolate)			100
RS_GCF_019645835.1	GCF_019645835.1	GTDB reference	Cultured isolate	Mycobacterium holsaticum	RGM (large-genome)	5.624	67.23	92.76	11.8	present	present	absent					Mycolicibacterium holsaticum DSM 44478 = JCM 12374	Mycolicibacterium	non_pathogen	93.46	1	closed	99.66	0.07	complete by definition (isolate)			100
spire_mag_00907393.fa	spire_mag_00907393	SPIRE MAG	MAG / uncultured	novel sp.	RGM (large-genome)	4.755	68.85	93.76	11.88	present	absent	absent		95.46	0.91	anthropogenic	not applicable (MAG)	not applicable (MAG)	MAG	93.76	416	draft			CheckM2 v1.0.1 (this study)	95.56	0.95	95.56
RS_GCF_025345615.1	GCF_025345615.1	GTDB reference	Cultured isolate	Mycobacterium deserti	RGM (large-genome)	5.633	66.53	92.21	11.88	present	absent	absent					Mycobacterium deserti	Mycobacterium	non_pathogen	93.41	14	draft	99.63	1.44	complete by definition (isolate)			100
GB_GCA_021154745.1	GCA_021154745.1	GTDB reference	MAG / uncultured	Mycobacterium sp021154745	RGM (large-genome)	5.634	65.81	90.76	11.41	present	absent	absent					Mycobacterium sp.	not validly named	non_pathogen	90.64	578	draft	75.92	6.71	CheckM2 v1.0.1 (this study)	80.23	3.12	80.23
GB_GCA_032161985.1	GCA_032161985.1	GTDB reference	MAG / uncultured	Mycobacterium sp032161985	RGM (large-genome)	5.12	65.59	91.67	11.6	present	absent	absent					Mycobacterium sp.	not validly named	non_pathogen	91.83	908	draft	71.16	3.25	CheckM2 v1.0.1 (this study)	71.99	0.33	71.99
GB_GCA_032230775.1	GCA_032230775.1	GTDB reference	MAG / uncultured	Mycobacterium sp032230775	RGM (large-genome)	5.315	65.61	91.74	11.61	present	absent	absent					Mycobacterium sp.	not validly named	non_pathogen	92.03	923	draft	83.4	3.42	CheckM2 v1.0.1 (this study)	82.39	3.95	82.39
RS_GCF_003201655.1	GCF_003201655.1	GTDB reference	Cultured isolate	Mycobacterium moriokaense_A	RGM (large-genome)	6.421	65.18	89.9	11.6	present	absent	absent					Mycolicibacterium moriokaense	Mycolicibacterium	non_pathogen	91.29	83	draft	99.89	2.5	complete by definition (isolate)			100
spire_mag_00560387.fa	spire_mag_00560387	SPIRE MAG	MAG / uncultured	novel sp.	RGM (large-genome)	7.279	65.36	91.93	11.58	present	absent	absent	medium salinity	99.97	2.6	aquatic	not applicable (MAG)	not applicable (MAG)	MAG	91.93	581	draft			CheckM2 v1.0.1 (this study)	99.93	2.49	99.93
GB_GCA_032162325.1	GCA_032162325.1	GTDB reference	MAG / uncultured	Mycobacterium sp032162325	RGM (large-genome)	5.496	66.08	89.76	11.63	present	absent	absent					Mycobacterium sp.	not validly named	non_pathogen	89.87	975	draft			CheckM2 v1.0.1 (this study)	77.84	5.18	77.84
RS_GCF_025965975.1	GCF_025965975.1	GTDB reference	MAG / uncultured	Mycobacterium sp025965975	RGM (large-genome)	7.437	65.77	84.12	11.4	present	absent	absent					Mycobacterium sp.	not validly named	non_pathogen	88.44	449	draft	92.69	6.46	CheckM2 v1.0.1 (this study)	93.79	4.65	93.79
GB_GCA_035492865.1	GCA_035492865.1	GTDB reference	MAG / uncultured	Mycobacterium sp035492865	RGM (large-genome)	5.2	66.08	93.66	11.64	present	absent	absent					Mycobacterium sp.	not validly named	non_pathogen	94.54	601	draft			CheckM2 v1.0.1 (this study)	81.2	1.16	81.2
RS_GCF_000328565.1	GCF_000328565.1	GTDB reference	MAG / uncultured	Mycobacterium sp000328565	RGM (large-genome)	7.222	65.14	88.97	11.61	present	absent	absent					Mycobacterium sp. JS623	not validly named	non_pathogen	91.09	4	draft	98.72	2.2	CheckM2 v1.0.1 (this study)	100	0.44	100
RS_GCF_014873705.1	GCF_014873705.1	GTDB reference	MAG / uncultured	Mycobacterium sp014873705	RGM (large-genome)	7.027	65.43	92.63	11.57	present	absent	absent					Mycobacterium sp. OAS707	not validly named	non_pathogen	93.4	9	draft	99.33	1.89	CheckM2 v1.0.1 (this study)	100	0.24	100
spire_mag_00488916.fa	spire_mag_00488916	SPIRE MAG	MAG / uncultured	novel sp.	RGM (large-genome)	7.072	65.3	93.12	11.55	present	absent	absent		93.81	3.75	host-associated	not applicable (MAG)	not applicable (MAG)	MAG	93.12	566	draft			CheckM2 v1.0.1 (this study)	93.22	3.87	93.22
RS_GCF_001667505.1	GCF_001667505.1	GTDB reference	MAG / uncultured	Mycobacterium sp001667505	RGM (large-genome)	6.8	66.16	91.75	11.55	present	absent	absent					Mycobacterium sp. ACS1612	not validly named	non_pathogen	93.14	76	draft	99.29	2.73	CheckM2 v1.0.1 (this study)	100	0.11	100
RS_GCF_900240945.1	GCF_900240945.1	GTDB reference	MAG / uncultured	Mycobacterium sp900240945	RGM (large-genome)	7.306	66.35	91.79	11.53	present	absent	absent					Mycobacterium sp. 3519A	not validly named	non_pathogen	93.53	14	draft	99.17	3.5	CheckM2 v1.0.1 (this study)	100	0.53	100
GB_GCA_035634855.1	GCA_035634855.1	GTDB reference	MAG / uncultured	Mycobacterium sp035634855	RGM (large-genome)	5.313	66.02	87.22	11.56	absent	absent	absent					Mycobacterium sp.	not validly named	non_pathogen	90.36	683	draft	79.54	4.63	CheckM2 v1.0.1 (this study)	77.15	5.07	77.15
RS_GCF_035491595.1	GCF_035491595.1	GTDB reference	MAG / uncultured	Mycobacterium sp035491595	RGM (large-genome)	9.283	65.66	83.68	11.57	absent	absent	absent					Mycobacterium sp.	not validly named	non_pathogen	88.2	874	draft	95.3	9.57	CheckM2 v1.0.1 (this study)	100	7.71	100
GB_GCA_036263935.1	GCA_036263935.1	GTDB reference	MAG / uncultured	Mycobacterium sp036263935	RGM (large-genome)	3.764	66.55	91.79	11.66	present	absent	absent					Mycobacterium sp.	not validly named	non_pathogen	93.22	251	draft	89.46	2.74	CheckM2 v1.0.1 (this study)	82.21	2.36	82.21
RS_GCF_035649695.1	GCF_035649695.1	GTDB reference	MAG / uncultured	Mycobacterium sp035649695	RGM (large-genome)	6.74	65.58	89.11	11.62	present	absent	absent					Mycobacterium sp.	not validly named	non_pathogen	92.38	806	draft	89.95	5.72	CheckM2 v1.0.1 (this study)	94.32	2.21	94.32
spire_mag_01100050.fa	spire_mag_01100050	SPIRE MAG	MAG / uncultured	Mycobacterium sp035649695	RGM (large-genome)	7.133	65.48	91.87	11.53	present	absent	absent		91.66	4.22	host-associated	not applicable (MAG)	not applicable (MAG)	MAG	91.87	664	draft			CheckM2 v1.0.1 (this study)	91.79	4.24	91.79
RS_GCF_035274705.1	GCF_035274705.1	GTDB reference	MAG / uncultured	Mycobacterium sp035274705	RGM (large-genome)	5.767	65.26	90.56	11.69	present	absent	absent					Mycobacterium sp.	not validly named	non_pathogen	92.39	146	draft	98.74	1.36	CheckM2 v1.0.1 (this study)	99.94	0.36	99.94
spire_mag_00079100.fa	spire_mag_00079100	SPIRE MAG	MAG / uncultured	Mycobacterium sp035274705	RGM (large-genome)	5.813	65.25	92.38	11.6	present	absent	absent		96.06	0.19	host-associated	not applicable (MAG)	not applicable (MAG)	MAG	92.38	155	draft			CheckM2 v1.0.1 (this study)	95.86	0.18	95.86
spire_mag_00080611.fa	spire_mag_00080611	SPIRE MAG	MAG / uncultured	Mycobacterium sp035274705	RGM (large-genome)	5.644	65.3	92.47	11.58	present	absent	absent		95.1	2.62	host-associated	not applicable (MAG)	not applicable (MAG)	MAG	92.47	332	draft			CheckM2 v1.0.1 (this study)	95.42	2.61	95.42
GB_GCA_035253445.1	GCA_035253445.1	GTDB reference	MAG / uncultured	Mycobacterium sp035253445	RGM (large-genome)	6.051	65.33	89.31	11.63	present	absent	absent					Mycobacterium sp.	not validly named	non_pathogen	91.2	1085	draft			CheckM2 v1.0.1 (this study)	86.49	5.22	86.49
RS_GCF_035697385.1	GCF_035697385.1	GTDB reference	MAG / uncultured	Mycobacterium sp035697385	RGM (large-genome)	6.155	65.59	91.43	11.74	present	absent	absent					Mycobacterium sp.	not validly named	non_pathogen	93.09	387	draft	98.33	2.99	CheckM2 v1.0.1 (this study)	99.28	0.91	99.28
GB_GCA_040511335.1	GCA_040511335.1	GTDB reference	MAG / uncultured	Mycobacterium sp040511335	RGM (large-genome)	2.386	67.53	87.72	11.75	absent	absent	absent					Mycobacterium sp.	not validly named	non_pathogen	92	201	draft	68.7	2.26	CheckM2 v1.0.1 (this study)	61.76	0.09	61.76
RS_GCF_002838065.1	GCF_002838065.1	GTDB reference	Cultured isolate	Mycobacterium hubeiense	RGM (large-genome)	5.576	66.51	89.59	11.85	present	absent	absent					Mycobacterium hubeiense	Mycobacterium	non_pathogen	92.49	172	draft	99.47	1.36	complete by definition (isolate)			100
RS_GCF_900187065.1	GCF_900187065.1	GTDB reference	Cultured isolate	Mycobacterium thermoresistibile	RGM (large-genome)	4.951	68.98	90.52	12.05	present	present	absent					Mycolicibacterium thermoresistibile	Mycolicibacterium	non_pathogen	92.05	1	closed	99.4	0.82	complete by definition (isolate)			100
RS_GCF_900603025.1	GCF_900603025.1	GTDB reference	Cultured isolate	Mycobacterium hassiacum	RGM (large-genome)	5.269	69.3	89.35	11.94	present	present	absent					Mycolicibacterium hassiacum DSM 44199	Mycolicibacterium	non_pathogen	91.76	1	closed	99.83	0.32	complete by definition (isolate)			100
spire_mag_00907130.fa	spire_mag_00907130	SPIRE MAG	MAG / uncultured	Mycobacterium hassiacum	RGM (large-genome)	4.859	69.7	92.33	11.84	present	present	absent		99.6	3.84	anthropogenic	not applicable (MAG)	not applicable (MAG)	MAG	92.33	135	draft			CheckM2 v1.0.1 (this study)	99.63	3.87	99.63
RS_GCF_937941905.1	GCF_937941905.1	GTDB reference	MAG / uncultured	Mycobacterium sp937941905	RGM (large-genome)	4.047	72.12	92.15	11.71	present	absent	absent					uncultured Mycolicibacterium sp.	not validly named	non_pathogen	93.61	178	draft	97.31	0.39	CheckM2 v1.0.1 (this study)	99.8	0.68	99.8
GB_GCA_001942045.1	GCA_001942045.1	GTDB reference	Cultured isolate	Mycobacterium porcinum_A	RGM (large-genome)	6.24	66.78	91.06	11.64	present	present	absent					Mycolicibacterium porcinum	Mycolicibacterium	non_pathogen	92.95	110	draft	99.57	0.8	complete by definition (isolate)			100
RS_GCF_010731295.1	GCF_010731295.1	GTDB reference	NTM (isolate)	Mycobacterium boenickei	RGM (large-genome)	6.586	66.83	92.06	11.61	present	present	absent					Mycolicibacterium boenickei	Mycolicibacterium	opportunistic_pathogen	92.82	2	draft	99.83	0.79	complete by definition (isolate)			100
RS_GCF_025823105.1	GCF_025823105.1	GTDB reference	NTM (isolate)	Mycobacterium porcinum	RGM (large-genome)	6.963	66.74	91.37	11.55	present	present	absent					Mycolicibacterium porcinum	Mycolicibacterium	opportunistic_pathogen	92.94	36	draft	99.14	1.67	complete by definition (isolate)			100
RS_GCF_036235365.1	GCF_036235365.1	GTDB reference	MAG / uncultured	Mycobacterium sp036235365	RGM (large-genome)	6.21	66.64	92.55	11.7	present	present	absent					Mycolicibacterium sp. 050232	not validly named	non_pathogen	92.99	37	draft	99.83	1.45	CheckM2 v1.0.1 (this study)	100	0.02	100
RS_GCF_001245615.1	GCF_001245615.1	GTDB reference	NTM (isolate)	Mycobacterium neworleansense	RGM (large-genome)	6.287	66.85	91.43	11.61	present	present	absent					Mycolicibacterium neworleansense	Mycolicibacterium	opportunistic_pathogen	93.16	9	draft	97.07	1.31	complete by definition (isolate)			100
GB_GCA_040704635.1	GCA_040704635.1	GTDB reference	MAG / uncultured	Mycobacterium sp040704635	RGM (large-genome)	6.956	66.27	90.93	11.63	present	present	absent					Mycobacterium sp. NPDC049093	not validly named	non_pathogen	92.53	32	draft	99.89	1.94	CheckM2 v1.0.1 (this study)	100	0	100
RS_GCF_001665625.1	GCF_001665625.1	GTDB reference	Cultured isolate	Mycobacterium peregrinum_B	RGM (large-genome)	6.751	66.28	90.94	11.61	present	present	absent					Mycolicibacterium peregrinum	Mycolicibacterium	non_pathogen	92.57	206	draft	99.14	1.33	complete by definition (isolate)			100
spire_mag_01197245.fa	spire_mag_01197245	SPIRE MAG	MAG / uncultured	Mycobacterium peregrinum_B	RGM (large-genome)	6.663	66.32	92.46	11.57	present	present	absent		95.35	2.22		not applicable (MAG)	not applicable (MAG)	MAG	92.46	530	draft			CheckM2 v1.0.1 (this study)	95.61	2.33	95.61
RS_GCF_001665785.1	GCF_001665785.1	GTDB reference	Cultured isolate	Mycobacterium peregrinum_A	RGM (large-genome)	6.795	66.38	92.18	11.57	present	present	absent					Mycolicibacterium peregrinum	Mycolicibacterium	non_pathogen	92.99	51	draft	100	1.13	complete by definition (isolate)			100
RS_GCF_002102345.1	GCF_002102345.1	GTDB reference	NTM (isolate)	Mycobacterium peregrinum	RGM (large-genome)	7.05	66.26	91.67	11.64	present	present	absent					Mycolicibacterium peregrinum	Mycolicibacterium	opportunistic_pathogen	92.63	78	draft	100	1.3	complete by definition (isolate)			100
RS_GCF_010727325.1	GCF_010727325.1	GTDB reference	Cultured isolate	Mycobacterium alvei	RGM (large-genome)	6.017	66.11	89.97	11.67	present	present	absent					Mycolicibacterium alvei	Mycolicibacterium	non_pathogen	92.01	2	draft	99.74	0.95	complete by definition (isolate)			100
RS_GCF_017876775.1	GCF_017876775.1	GTDB reference	Cultured isolate	Mycobacterium lutetiense	RGM (large-genome)	6.345	65.98	89.15	11.62	present	present	absent					Mycolicibacterium lutetiense	Mycolicibacterium	non_pathogen	91.88	3	draft	99.94	0.37	complete by definition (isolate)			100
RS_GCF_011745145.1	GCF_011745145.1	GTDB reference	MAG / uncultured	Mycobacterium sp011745145	RGM (large-genome)	6.382	66.09	91.47	11.63	present	present	absent					Mycobacterium sp. DL440	not validly named	non_pathogen	92.42	1	closed	99.97	1.2	complete by definition (closed)			100
RS_GCF_040655355.1	GCF_040655355.1	GTDB reference	MAG / uncultured	Mycobacterium sp040655355	RGM (large-genome)	6.619	66.31	91.66	11.54	present	present	absent					Mycobacterium sp. NPDC050441	not validly named	non_pathogen	92.69	23	draft	99.89	2.31	CheckM2 v1.0.1 (this study)	100	0.14	100
RS_GCF_000455325.1	GCF_000455325.1	GTDB reference	NTM (isolate)	Mycobacterium septicum	RGM (large-genome)	6.909	66.73	89.81	11.6	present	present	absent					Mycolicibacterium septicum DSM 44393	Mycolicibacterium	opportunistic_pathogen	92.38	7	draft	97.61	1.26	complete by definition (isolate)			100
RS_GCF_003855255.1	GCF_003855255.1	GTDB reference	Cultured isolate	Mycobacterium nivoides	RGM (large-genome)	6.906	66.57	91.6	11.59	present	present	absent					Mycolicibacterium nivoides	Mycolicibacterium	non_pathogen	92.75	1	closed	99.83	1.69	complete by definition (isolate)			100
RS_GCF_004762045.1	GCF_004762045.1	GTDB reference	MAG / uncultured	Mycobacterium sp004762045	RGM (large-genome)	6.608	66.43	91.36	11.54	present	present	absent					Mycobacterium sp. DL99	not validly named	non_pathogen	92.51	7	draft	99.72	1.52	CheckM2 v1.0.1 (this study)	100	0.05	100
RS_GCF_000426065.1	GCF_000426065.1	GTDB reference	MAG / uncultured	Mycobacterium sp000426065	RGM (large-genome)	6.657	66.28	91.71	11.58	present	present	absent					Mycobacterium sp. URHD0025	not validly named	non_pathogen	93.02	30	draft	99.79	1.59	CheckM2 v1.0.1 (this study)	100	0.01	100
RS_GCF_000805385.1	GCF_000805385.1	GTDB reference	Cultured isolate	Mycobacterium setense	RGM (large-genome)	6.265	66.42	91.88	11.63	present	present	absent					Mycolicibacterium setense	Mycolicibacterium	non_pathogen	93.1	21	draft	99.83	1.18	complete by definition (isolate)			100
RS_GCF_000723385.1	GCF_000723385.1	GTDB reference	Cultured isolate	Mycobacterium conceptionense	RGM (large-genome)	6.14	66.57	89.94	11.61	present	present	absent					Mycolicibacterium farcinogenes	Mycolicibacterium	non_pathogen	93.15	5	draft	98.23	1.59	complete by definition (isolate)			100
RS_GCF_001942625.1	GCF_001942625.1	GTDB reference	Cultured isolate	Mycobacterium syngnathidarum	RGM (large-genome)	6.344	66.19	90.99	11.66	present	present	absent					Mycobacterium syngnathidarum	Mycobacterium	non_pathogen	92.42	93	draft	99.58	1.17	complete by definition (isolate)			100
RS_GCF_022179545.1	GCF_022179545.1	GTDB reference	NTM (isolate)	Mycobacterium fortuitum	RGM (large-genome)	6.406	66.19	90.26	11.57	present	present	absent					Mycolicibacterium fortuitum subsp. fortuitum	Mycolicibacterium	opportunistic_pathogen	92.93	1	closed	99.31	3.29	complete by definition (isolate)			100
spire_mag_00975328.fa	spire_mag_00975328	SPIRE MAG	MAG / uncultured	Mycobacterium fortuitum	RGM (large-genome)	7.471	65.93	91.96	11.51	present	present	absent		97.34	4.49	anthropogenic	not applicable (MAG)	not applicable (MAG)	MAG	91.96	609	draft			CheckM2 v1.0.1 (this study)	96.94	4.48	96.94
spire_mag_01196294.fa	spire_mag_01196294	SPIRE MAG	MAG / uncultured	Mycobacterium fortuitum	RGM (large-genome)	6.594	66.11	92.7	11.55	present	present	absent		99.99	0.38		not applicable (MAG)	not applicable (MAG)	MAG	92.7	57	draft			CheckM2 v1.0.1 (this study)	99.99	0.37	99.99
GB_GCA_025821245.1	GCA_025821245.1	GTDB reference	NTM (isolate)	Mycobacterium houstonense	RGM (large-genome)	6.007	67.27	63.62	11.61	present	present	absent					Mycolicibacterium farcinogenes	Mycolicibacterium	opportunistic_pathogen	89.97	567	draft	75.55	0.23	complete by definition (isolate)			100
RS_GCF_030486405.1	GCF_030486405.1	GTDB reference	MAG / uncultured	Mycobacterium sp030486405	RGM (large-genome)	6.489	67.05	91.09	11.67	present	present	absent					Mycolicibacterium sp. HK-90	not validly named	non_pathogen	92.65	1	closed	100	2.46	complete by definition (closed)			100
RS_GCF_019050325.1	GCF_019050325.1	GTDB reference	Cultured isolate	Mycobacterium fortunisiensis	RGM (large-genome)	5.49	67.32	92.11	11.61	present	present	absent					[Mycobacterium] fortunisiensis	not validly named	non_pathogen	92.8	28	draft	99.77	0.73	complete by definition (isolate)			100
RS_GCF_001953975.1	GCF_001953975.1	GTDB reference	MAG / uncultured	Mycobacterium sp001953975	RGM (large-genome)	5.56	66.62	91.6	11.7	present	present	absent					Mycobacterium sp. NS-7484	not validly named	non_pathogen	92.86	143	draft	99	1.25	CheckM2 v1.0.1 (this study)	100	0.01	100
RS_GCF_001954135.1	GCF_001954135.1	GTDB reference	MAG / uncultured	Mycobacterium sp001954135	RGM (large-genome)	5.858	66.31	91.8	11.67	present	present	absent					Mycobacterium sp. GA-1841	not validly named	non_pathogen	92.94	123	draft	99.49	0.67	CheckM2 v1.0.1 (this study)	100	0	100
RS_GCF_009729095.1	GCF_009729095.1	GTDB reference	MAG / uncultured	Mycobacterium sp009729095	RGM (large-genome)	6.322	66.23	91.22	11.45	present	present	absent					Mycolicibacterium sp. CBMA 247	not validly named	non_pathogen	91.97	12	draft	99.48	1.67	CheckM2 v1.0.1 (this study)	100	0.03	100
spire_mag_02374732.fa	spire_mag_02374732	SPIRE MAG	MAG / uncultured	novel sp.	RGM (large-genome)	4.949	66.99	93.02	11.65	present	present	absent		99.88	2.79	host-associated	not applicable (MAG)	not applicable (MAG)	MAG	93.02	296	draft			CheckM2 v1.0.1 (this study)	99.83	2.26	99.83
RS_GCF_029893345.1	GCF_029893345.1	GTDB reference	Cultured isolate	Mycobacterium frederiksbergense_B	RGM (large-genome)	6.285	66.25	91.1	11.38	absent	present	absent					Mycolicibacterium frederiksbergense	Mycolicibacterium	non_pathogen	92.12	25	draft	99.83	2.08	complete by definition (isolate)			100
RS_GCF_032883035.1	GCF_032883035.1	GTDB reference	MAG / uncultured	Mycobacterium sp032883035	RGM (large-genome)	7.633	65.91	92.61	11.49	present	present	absent					[Mycobacterium] appelbergii	not validly named	non_pathogen	93.38	30	draft	99.94	4.8	CheckM2 v1.0.1 (this study)	100	0.94	100
RS_GCF_000373905.1	GCF_000373905.1	GTDB reference	MAG / uncultured	Mycobacterium sp000373905	RGM (large-genome)	4.61	65.63	88.59	11.4	present	absent	absent					Mycobacterium sp. 155	not validly named	non_pathogen	90.45	2	draft	99.5	1.18	CheckM2 v1.0.1 (this study)	100	0.32	100
RS_GCF_000382405.1	GCF_000382405.1	GTDB reference	MAG / uncultured	Mycobacterium sp000382405	RGM (large-genome)	4.536	65.64	87.92	11.36	present	present	absent					Mycobacterium sp. 141	not validly named	non_pathogen	90.03	36	draft	99.83	1.26	CheckM2 v1.0.1 (this study)	100	1.55	100
RS_GCF_001570425.1	GCF_001570425.1	GTDB reference	Cultured isolate	Mycobacterium brisbanense	RGM (large-genome)	7.387	66.6	92.09	11.32	present	present	absent					Mycolicibacterium brisbanense	Mycolicibacterium	non_pathogen	92.75	70	draft	99.66	4.66	complete by definition (isolate)			100
RS_GCF_001665685.1	GCF_001665685.1	GTDB reference	MAG / uncultured	Mycobacterium sp001665685	RGM (large-genome)	7.848	66.33	91.07	11.33	present	present	absent					Mycobacterium sp. 852013-50091_SCH5140682	not validly named	non_pathogen	92.44	143	draft	99.83	4.19	CheckM2 v1.0.1 (this study)	100	1.27	100
RS_GCF_002086485.1	GCF_002086485.1	GTDB reference	Cultured isolate	Mycobacterium aquaticum	RGM (large-genome)	7.928	66.48	90.9	11.31	present	present	absent					Mycobacterium aquaticum	Mycobacterium	non_pathogen	92.15	111	draft	99.84	5.88	complete by definition (isolate)			100
RS_GCF_002157835.1	GCF_002157835.1	GTDB reference	Cultured isolate	Mycobacterium dioxanotrophicus	RGM (large-genome)	8.08	66.46	88.11	11.37	present	present	absent					Mycobacterium dioxanotrophicus	Mycobacterium	non_pathogen	91.15	5	draft	99.39	3.89	complete by definition (isolate)			100
RS_GCF_010727475.1	GCF_010727475.1	GTDB reference	NTM (isolate)	Mycobacterium mageritense	RGM (large-genome)	8.007	66.92	91.37	11.51	present	present	absent					Mycolicibacterium mageritense	Mycolicibacterium	opportunistic_pathogen	92.72	1	closed	99.93	3.7	complete by definition (isolate)			100
spire_mag_02371253.fa	spire_mag_02371253	SPIRE MAG	MAG / uncultured	novel sp.	RGM (large-genome)	5.37	66.61	93.37	11.46	present	present	absent		99.84	0.13	host-associated	not applicable (MAG)	not applicable (MAG)	MAG	93.37	235	draft			CheckM2 v1.0.1 (this study)	99.88	0.11	99.88
RS_GCF_001187505.1	GCF_001187505.1	GTDB reference	Cultured isolate	Mycobacterium goodii_B	RGM (large-genome)	7.106	67.57	90.42	11.55	present	present	absent					Mycolicibacterium goodii	Mycolicibacterium	non_pathogen	92.56	1	closed	99.06	5.67	complete by definition (isolate)			100
RS_GCF_001457595.1	GCF_001457595.1	GTDB reference	Cultured isolate	Mycobacterium smegmatis	RGM (large-genome)	6.983	67.33	90.65	11.74	present	present	absent					Mycolicibacterium smegmatis	Mycolicibacterium	non_pathogen	92.58	1	closed	97.76	2.18	complete by definition (isolate)			100
spire_mag_01585792.fa	spire_mag_01585792	SPIRE MAG	MAG / uncultured	Mycobacterium smegmatis	RGM (large-genome)	6.974	67.44	92.39	11.69	present	present	absent		100.0	1.86	anthropogenic	not applicable (MAG)	not applicable (MAG)	MAG	92.39	365	draft			CheckM2 v1.0.1 (this study)	100	1.82	100
spire_mag_01586359.fa	spire_mag_01586359	SPIRE MAG	MAG / uncultured	Mycobacterium smegmatis	RGM (large-genome)	6.827	67.39	92.65	11.66	present	present	absent		97.44	4.21	anthropogenic	not applicable (MAG)	not applicable (MAG)	MAG	92.65	183	draft			CheckM2 v1.0.1 (this study)	97.48	4.25	97.48
spire_mag_01585481.fa	spire_mag_01585481	SPIRE MAG	MAG / uncultured	Mycobacterium smegmatis	RGM (large-genome)	7.309	67.37	92.52	11.67	present	present	absent		99.96	3.27	anthropogenic	not applicable (MAG)	not applicable (MAG)	MAG	92.52	427	draft			CheckM2 v1.0.1 (this study)	99.99	3.25	99.99
spire_mag_01585638.fa	spire_mag_01585638	SPIRE MAG	MAG / uncultured	Mycobacterium smegmatis	RGM (large-genome)	6.225	67.58	92.67	11.73	present	present	absent		91.72	2.2	anthropogenic	not applicable (MAG)	not applicable (MAG)	MAG	92.67	664	draft			CheckM2 v1.0.1 (this study)	91.68	2.11	91.68
spire_mag_01586464.fa	spire_mag_01586464	SPIRE MAG	MAG / uncultured	Mycobacterium smegmatis	RGM (large-genome)	7.052	67.33	92.66	11.74	present	present	absent		99.91	4.72	anthropogenic	not applicable (MAG)	not applicable (MAG)	MAG	92.66	316	draft			CheckM2 v1.0.1 (this study)	99.98	4.62	99.98
spire_mag_01586672.fa	spire_mag_01586672	SPIRE MAG	MAG / uncultured	Mycobacterium smegmatis	RGM (large-genome)	7.106	67.37	92.65	11.76	present	present	absent		100.0	2.97	anthropogenic	not applicable (MAG)	not applicable (MAG)	MAG	92.65	312	draft			CheckM2 v1.0.1 (this study)	100	2.93	100
spire_mag_01585398.fa	spire_mag_01585398	SPIRE MAG	MAG / uncultured	Mycobacterium smegmatis	RGM (large-genome)	6.744	67.56	92.52	11.69	present	present	absent		99.99	2.08	anthropogenic	not applicable (MAG)	not applicable (MAG)	MAG	92.52	487	draft			CheckM2 v1.0.1 (this study)	99.99	2.09	99.99
spire_mag_02200992.fa	spire_mag_02200992	SPIRE MAG	MAG / uncultured	Mycobacterium smegmatis	RGM (large-genome)	6.725	67.38	92.53	11.68	present	present	absent		96.31	1.55	host-associated	not applicable (MAG)	not applicable (MAG)	MAG	92.53	557	draft			CheckM2 v1.0.1 (this study)	96.19	1.36	96.19
RS_GCF_022370755.2	GCF_022370755.2	GTDB reference	NTM (isolate)	Mycobacterium goodii	RGM (large-genome)	6.741	67.05	91.52	11.64	present	present	absent					Mycolicibacterium goodii	Mycolicibacterium	opportunistic_pathogen	92.36	1	closed	99.77	4.46	complete by definition (isolate)			100
RS_GCF_002101965.1	GCF_002101965.1	GTDB reference	NTM (isolate)	Mycobacterium wolinskyi	RGM (large-genome)	7.517	66.42	91.6	11.6	present	present	absent					Mycolicibacterium wolinskyi	Mycolicibacterium	opportunistic_pathogen	92.6	36	draft	99.9	3.98	complete by definition (isolate)			100
spire_mag_01203432.fa	spire_mag_01203432	SPIRE MAG	MAG / uncultured	Mycobacterium wolinskyi	RGM (large-genome)	6.953	66.61	93.07	11.56	present	present	absent		100.0	0.41	host-associated	not applicable (MAG)	not applicable (MAG)	MAG	93.07	185	draft			CheckM2 v1.0.1 (this study)	100	0.43	100
GB_GCA_016197365.1	GCA_016197365.1	GTDB reference	Cultured isolate	Mycobacterium cosmeticum_A	RGM (large-genome)	5.51	67.39	92.63	11.31	present	absent	absent					Mycolicibacterium cosmeticum	Mycolicibacterium	non_pathogen	93.65	31	draft			complete by definition (isolate)	93.57	0.06	100
GB_GCA_023264765.1	GCA_023264765.1	GTDB reference	MAG / uncultured	Mycobacterium sp023264765	RGM (large-genome)	6.698	67.02	93.1	11.15	present	absent	absent					Mycobacterium sp.	not validly named	non_pathogen	92.45	586	draft	87.5	3.89	CheckM2 v1.0.1 (this study)	91.39	2.39	91.39
RS_GCF_011758805.1	GCF_011758805.1	GTDB reference	Cultured isolate	Mycobacterium fluoranthenivorans	RGM (large-genome)	6.409	66.98	91.52	11.24	present	absent	absent					Mycolicibacterium fluoranthenivorans	Mycolicibacterium	non_pathogen	92.65	6	draft	98.53	1.26	complete by definition (isolate)			100
RS_GCF_000613185.1	GCF_000613185.1	GTDB reference	Cultured isolate	Mycobacterium cosmeticum	RGM (large-genome)	6.462	68.24	92.48	11.17	present	absent	absent					Mycolicibacterium cosmeticum	Mycolicibacterium	non_pathogen	93.04	5	draft	99.62	3.08	complete by definition (isolate)			100
RS_GCF_002101555.1	GCF_002101555.1	GTDB reference	Cultured isolate	Mycobacterium canariasense	RGM (large-genome)	6.756	67.59	90.53	11.2	present	absent	absent					Mycolicibacterium canariasense	Mycolicibacterium	non_pathogen	91.61	113	draft	99.62	4.08	complete by definition (isolate)			100
RS_GCF_026240945.1	GCF_026240945.1	GTDB reference	MAG / uncultured	Mycobacterium sp026240945	RGM (large-genome)	5.956	67.35	90.87	11.15	present	absent	absent					Mycolicibacterium sp. J2	not validly named	non_pathogen	92.48	106	draft	99.06	2.39	CheckM2 v1.0.1 (this study)	100	0.37	100
RS_GCF_033741155.1	GCF_033741155.1	GTDB reference	MAG / uncultured	Mycobacterium sp033741155	RGM (large-genome)	5.97	67.41	92.16	11.21	present	absent	absent					Mycolicibacterium chengduense	Mycolicibacterium	non_pathogen	92.77	21	draft	99.38	2.5	CheckM2 v1.0.1 (this study)	100	0.06	100
GB_GCA_021648845.1	GCA_021648845.1	GTDB reference	MAG / uncultured	Mycobacterium sp021648845	RGM (large-genome)	6.722	66.51	91.12	11.46	present	present	absent					Mycobacterium sp. MBM	not validly named	non_pathogen	92.42	274	draft			CheckM2 v1.0.1 (this study)	100	5.04	100
RS_GCF_001644575.1	GCF_001644575.1	GTDB reference	Cultured isolate	Mycobacterium adipatum	RGM (large-genome)	6.054	67.4	91.03	11.5	present	present	absent					Mycobacterium adipatum	Mycobacterium	non_pathogen	92.73	2	draft	99.64	1.59	complete by definition (isolate)			100
spire_mag_01276921.fa	spire_mag_01276921	SPIRE MAG	MAG / uncultured	Mycobacterium adipatum	RGM (large-genome)	6.165	67.38	92.56	11.38	present	present	absent	low salinity	99.98	0.4	anthropogenic	not applicable (MAG)	not applicable (MAG)	MAG	92.56	357	draft			CheckM2 v1.0.1 (this study)	99.98	0.42	99.98
GB_GCA_034520035.1	GCA_034520035.1	GTDB reference	MAG / uncultured	Mycobacterium sp034520035	RGM (large-genome)	6.911	66.99	81.86	11.48	present	absent	absent					Mycobacterium sp.	not validly named	non_pathogen	89.73	129	draft	90.61	3.19	CheckM2 v1.0.1 (this study)	99.07	5.26	99.07
RS_GCF_025822145.1	GCF_025822145.1	GTDB reference	Cultured isolate	Mycobacterium frederiksbergense	RGM (large-genome)	6.388	67.1	91.08	11.59	present	present	absent					Mycolicibacterium frederiksbergense	Mycolicibacterium	non_pathogen	92.46	88	draft	99.34	2.39	complete by definition (isolate)			100
RS_GCF_002968335.2	GCF_002968335.2	GTDB reference	MAG / uncultured	Mycobacterium sp002968335	RGM (large-genome)	5.987	67.26	91.22	11.57	present	present	absent					Mycobacterium sp. ITM-2016-00316	not validly named	non_pathogen	93.21	1	closed	97.81	2.25	complete by definition (closed)			100
RS_GCF_030499155.1	GCF_030499155.1	GTDB reference	Cultured isolate	Mycobacterium frederiksbergense_A	RGM (large-genome)	6.034	67.48	90.92	11.54	present	present	absent					Mycolicibacterium frederiksbergense	Mycolicibacterium	non_pathogen	93.07	13	draft	99.16	1.69	complete by definition (isolate)			100
RS_GCF_001428895.1	GCF_001428895.1	GTDB reference	MAG / uncultured	Mycobacterium sp001428895	RGM (large-genome)	6.672	67.2	92.71	11.61	present	present	absent					Mycobacterium sp. Root265	not validly named	non_pathogen	93.43	33	draft	99.01	2.09	CheckM2 v1.0.1 (this study)	100	0.22	100
RS_GCF_008329585.1	GCF_008329585.1	GTDB reference	MAG / uncultured	Mycobacterium sp008329585	RGM (large-genome)	6.794	66.89	92.52	11.52	present	present	absent					Mycolicibacterium sp. P9-22	not validly named	non_pathogen	93.37	38	draft	99.37	3.59	CheckM2 v1.0.1 (this study)	100	0.55	100
RS_GCF_011620645.1	GCF_011620645.1	GTDB reference	MAG / uncultured	Mycobacterium sp011620645	RGM (large-genome)	3.976	66.47	84.7	11.6	present	absent	absent					Mycobacterium sp.	not validly named	non_pathogen	90.24	128	draft	97.59	5.78	CheckM2 v1.0.1 (this study)	99.99	4.94	99.99
GB_GCA_900078775.1	GCA_900078775.1	GTDB reference	Cultured isolate	Mycobacterium aurum_A	RGM (large-genome)	6.039	68.52	93.41	11.6	present	present	absent					Mycolicibacterium aurum	Mycolicibacterium	non_pathogen	93.06	1	closed	96.41	1.07	complete by definition (isolate)			100
spire_mag_02186423.fa	spire_mag_02186423	SPIRE MAG	MAG / uncultured	Mycobacterium aurum_A	RGM (large-genome)	5.969	68.53	93.54	11.64	present	present	absent		99.96	0.85	host-associated	not applicable (MAG)	not applicable (MAG)	MAG	93.54	191	draft			CheckM2 v1.0.1 (this study)	99.97	0.77	99.97
RS_GCF_019456655.1	GCF_019456655.1	GTDB reference	Cultured isolate	Mycobacterium diernhoferi	RGM (large-genome)	5.999	67.88	92.04	11.63	present	present	absent					Mycolicibacterium diernhoferi	Mycolicibacterium	non_pathogen	92.88	1	closed	98.97	2.18	complete by definition (isolate)			100
RS_GCF_000317305.3	GCF_000317305.3	GTDB reference	Cultured isolate	Mycobacterium neoaurum_A	RGM (large-genome)	5.421	66.89	92.51	11.51	present	present	absent					Mycolicibacterium neoaurum VKM Ac-1815D	Mycolicibacterium	non_pathogen	93.16	1	closed	99.6	1.82	complete by definition (isolate)			100
RS_GCF_000691525.1	GCF_000691525.1	GTDB reference	Cultured isolate	Mycobacterium neoaurum	RGM (large-genome)	5.468	66.68	92.93	11.55	present	present	absent					Mycolicibacterium neoaurum ATCC 25795	Mycolicibacterium	non_pathogen	93.49	42	draft	99.4	1.93	complete by definition (isolate)			100
spire_mag_02516797.fa	spire_mag_02516797	SPIRE MAG	MAG / uncultured	Mycobacterium neoaurum	RGM (large-genome)	5.436	66.65	93.51	11.53	present	present	absent		100.0	2.01	host-associated	not applicable (MAG)	not applicable (MAG)	MAG	93.51	276	draft			CheckM2 v1.0.1 (this study)	100	2	100
spire_mag_02521398.fa	spire_mag_02521398	SPIRE MAG	MAG / uncultured	Mycobacterium neoaurum	RGM (large-genome)	5.442	66.61	93.59	11.48	present	present	absent		94.61	4.62	host-associated	not applicable (MAG)	not applicable (MAG)	MAG	93.59	560	draft			CheckM2 v1.0.1 (this study)	93.99	4.29	93.99
RS_GCF_036946495.1	GCF_036946495.1	GTDB reference	Cultured isolate	Mycobacterium neoaurum_B	RGM (large-genome)	5.369	66.64	92.46	11.5	present	present	absent					Mycolicibacterium neoaurum	Mycolicibacterium	non_pathogen	93.25	2	draft	99.51	1.54	complete by definition (isolate)			100
RS_GCF_002086115.1	GCF_002086115.1	GTDB reference	Cultured isolate	Mycobacterium bacteremicum	RGM (large-genome)	5.952	68.1	92.88	11.55	present	present	absent					Mycolicibacterium bacteremicum	Mycolicibacterium	non_pathogen	93.63	85	draft	99.51	1.91	complete by definition (isolate)			100
RS_GCF_943913955.1	GCF_943913955.1	GTDB reference	Cultured isolate	Mycobacterium bacteremicum_A	RGM (large-genome)	6.179	68.11	92.0	11.55	present	present	absent					Mycolicibacterium bacteremicum	Mycolicibacterium	non_pathogen	92.9	175	draft	97.69	2.32	complete by definition (isolate)			100
spire_mag_01784070.fa	spire_mag_01784070	SPIRE MAG	MAG / uncultured	Mycobacterium bacteremicum_A	RGM (large-genome)	6.379	67.86	92.34	11.48	present	present	absent		99.99	3.51	host-associated	not applicable (MAG)	not applicable (MAG)	MAG	92.34	312	draft			CheckM2 v1.0.1 (this study)	99.99	3.61	99.99
GB_GCA_023264755.1	GCA_023264755.1	GTDB reference	MAG / uncultured	Mycobacterium sp023264755	RGM (large-genome)	4.749	67.58	92.36	11.25	absent	absent	absent					Mycobacterium sp.	not validly named	non_pathogen	92.15	636	draft			CheckM2 v1.0.1 (this study)	70.17	2.58	70.17
GB_GCA_025966225.1	GCA_025966225.1	GTDB reference	MAG / uncultured	Mycobacterium sp025966225	RGM (large-genome)	6.32	66.3	91.02	11.56	present	absent	absent					Mycobacterium sp.	not validly named	non_pathogen	91.25	429	draft			CheckM2 v1.0.1 (this study)	96.55	1.2	96.55
RS_GCF_033804635.1	GCF_033804635.1	GTDB reference	MAG / uncultured	Mycobacterium sp033804635	RGM (large-genome)	6.859	66.06	91.86	11.53	present	absent	absent					Mycobacterium sp. RTGN4	not validly named	non_pathogen	92.8	58	draft	99.06	0.76	CheckM2 v1.0.1 (this study)	100	0.3	100
RS_GCF_033804605.1	GCF_033804605.1	GTDB reference	MAG / uncultured	Mycobacterium sp033804605	RGM (large-genome)	6.914	66.96	92.49	11.76	present	absent	absent					Mycobacterium sp. RTGN6	not validly named	non_pathogen	93.2	31	draft	98.89	1.32	CheckM2 v1.0.1 (this study)	99.91	0.39	99.91
RS_GCF_024320865.1	GCF_024320865.1	GTDB reference	Cultured isolate	Mycobacterium arenosum	RGM (large-genome)	6.822	68.2	92.03	11.85	present	absent	absent					Mycolicibacterium arenosum	Mycolicibacterium	non_pathogen	92.83	35	draft	99.32	1.7	complete by definition (isolate)			100
GB_GCA_025963195.1	GCA_025963195.1	GTDB reference	MAG / uncultured	Mycobacterium sp025963195	RGM (large-genome)	5.033	66.87	92.18	11.49	present	absent	absent					Mycobacterium sp.	not validly named	non_pathogen	92.41	587	draft			CheckM2 v1.0.1 (this study)	72.41	2.37	72.41
RS_GCF_008329605.1	GCF_008329605.1	GTDB reference	MAG / uncultured	Mycobacterium sp008329605	RGM (large-genome)	7.27	66.46	91.31	11.5	present	absent	absent					Mycolicibacterium sp. P9-64	not validly named	non_pathogen	92.15	40	draft	99.66	4.2	CheckM2 v1.0.1 (this study)	100	3.14	100
RS_GCF_014202335.1	GCF_014202335.1	GTDB reference	MAG / uncultured	Mycobacterium sp014202335	RGM (large-genome)	8.615	66.12	89.8	11.49	present	absent	absent					Mycobacterium sp. AZCC_0083	not validly named	non_pathogen	91.52	40	draft	99.61	4.67	CheckM2 v1.0.1 (this study)	100	1.43	100
GB_GCA_032162105.1	GCA_032162105.1	GTDB reference	MAG / uncultured	Mycobacterium sp032162105	RGM (large-genome)	6.928	66.85	90.87	11.53	present	absent	absent					Mycobacterium sp.	not validly named	non_pathogen	91.13	735	draft			CheckM2 v1.0.1 (this study)	91.11	3.2	91.11
GB_GCA_032162385.1	GCA_032162385.1	GTDB reference	MAG / uncultured	Mycobacterium sp032162385	RGM (large-genome)	5.086	67.22	90.65	11.53	present	absent	absent					Mycobacterium sp.	not validly named	non_pathogen	90.85	955	draft			CheckM2 v1.0.1 (this study)	76.24	4.77	76.24
RS_GCF_000620625.1	GCF_000620625.1	GTDB reference	MAG / uncultured	Mycobacterium sp000620625	RGM (large-genome)	7.486	66.84	91.9	11.63	present	absent	absent					Mycobacterium sp. URHB0044	not validly named	non_pathogen	93	41	draft	99.31	3.16	CheckM2 v1.0.1 (this study)	100	0.64	100
spire_mag_00490038.fa	spire_mag_00490038	SPIRE MAG	MAG / uncultured	novel sp.	RGM (large-genome)	6.22	65.42	92.73	11.7	present	absent	absent		97.25	1.76	host-associated	not applicable (MAG)	not applicable (MAG)	MAG	92.73	207	draft			CheckM2 v1.0.1 (this study)	97.94	1.5	97.94
spire_mag_00492514.fa	spire_mag_00492514	SPIRE MAG	MAG / uncultured	novel sp.	RGM (large-genome)	7.775	65.15	91.62	11.69	present	absent	absent		100.0	1.44	host-associated	not applicable (MAG)	not applicable (MAG)	MAG	91.62	109	draft			CheckM2 v1.0.1 (this study)	100	1.28	100
spire_mag_00493620.fa	spire_mag_00493620	SPIRE MAG	MAG / uncultured	novel sp.	RGM (large-genome)	7.431	65.21	91.73	11.66	present	absent	absent		100.0	0.62	host-associated	not applicable (MAG)	not applicable (MAG)	MAG	91.73	89	draft			CheckM2 v1.0.1 (this study)	100	0.48	100
GB_GCA_025963385.1	GCA_025963385.1	GTDB reference	MAG / uncultured	Mycobacterium sp025963385	RGM (large-genome)	6.436	67.23	92.28	11.68	present	absent	absent					Mycobacterium sp.	not validly named	non_pathogen	92.36	418	draft			CheckM2 v1.0.1 (this study)	91.64	6.49	91.64
GB_GCA_025965555.1	GCA_025965555.1	GTDB reference	MAG / uncultured	Mycobacterium sp025965555	RGM (large-genome)	5.899	66.75	91.63	11.59	present	absent	absent					Mycobacterium sp.	not validly named	non_pathogen	91.65	638	draft			CheckM2 v1.0.1 (this study)	98.45	2.21	98.45
GB_GCA_032161845.1	GCA_032161845.1	GTDB reference	MAG / uncultured	Mycobacterium sp032161845	RGM (large-genome)	6.133	66.66	93.37	11.61	present	absent	absent					Mycobacterium sp.	not validly named	non_pathogen	93.48	571	draft			CheckM2 v1.0.1 (this study)	93.18	6.08	93.18
RS_GCF_001426545.1	GCF_001426545.1	GTDB reference	MAG / uncultured	Mycobacterium sp001426545	RGM (large-genome)	6.501	67.43	92.18	11.61	present	absent	present					Mycobacterium sp. Root135	not validly named	non_pathogen	92.96	11	draft	99.28	3.43	CheckM2 v1.0.1 (this study)	100	0.21	100
RS_GCF_006864685.1	GCF_006864685.1	GTDB reference	Cultured isolate	Mycobacterium hodleri_B	RGM (large-genome)	6.986	67.45	91.73	11.6	present	absent	absent					Mycolicibacterium hodleri	Mycolicibacterium	non_pathogen	92.74	218	draft	99.31	3.89	complete by definition (isolate)			100
RS_GCF_002043095.1	GCF_002043095.1	GTDB reference	MAG / uncultured	Mycobacterium sp002043095	RGM (large-genome)	7.072	67.23	90.99	11.6	present	absent	absent					Mycobacterium sp. AT1	not validly named	non_pathogen	92.4	129	draft	99.11	6.4	CheckM2 v1.0.1 (this study)	100	2.82	100
spire_mag_01198798.fa	spire_mag_01198798	SPIRE MAG	MAG / uncultured	novel sp.	RGM (large-genome)	6.312	67.45	92.53	11.48	present	absent	absent		100.0	1.01		not applicable (MAG)	not applicable (MAG)	MAG	92.53	149	draft			CheckM2 v1.0.1 (this study)	100	1.3	100
RS_GCF_008329535.1	GCF_008329535.1	GTDB reference	MAG / uncultured	Mycobacterium sp008329535	RGM (large-genome)	6.698	68.76	92.17	11.57	present	absent	absent					Mycolicibacterium sp. P1-18	not validly named	non_pathogen	93.04	33	draft	99.54	2.95	CheckM2 v1.0.1 (this study)	100	0.39	100
RS_GCF_025822245.1	GCF_025822245.1	GTDB reference	Cultured isolate	Mycobacterium hodleri	RGM (large-genome)	6.529	68.17	90.97	11.56	present	absent	absent					Mycolicibacterium hodleri	Mycolicibacterium	non_pathogen	92.19	81	draft	99.54	3.14	complete by definition (isolate)			100
RS_GCF_025823185.1	GCF_025823185.1	GTDB reference	Cultured isolate	Mycobacterium yunnanensis	RGM (large-genome)	6.453	68.04	92.33	11.61	present	absent	absent					Mycobacterium yunnanensis	Mycobacterium	non_pathogen	93.36	25	draft	99.05	3.72	complete by definition (isolate)			100
RS_GCF_040614235.1	GCF_040614235.1	GTDB reference	MAG / uncultured	Mycobacterium sp040614235	RGM (large-genome)	5.884	68.18	91.54	11.59	present	absent	present					Mycobacterium sp. NPDC006124	not validly named	non_pathogen	92.62	48	draft	99	2.99	CheckM2 v1.0.1 (this study)	100	0.89	100
GB_GCA_035633495.1	GCA_035633495.1	GTDB reference	MAG / uncultured	Mycobacterium sp035633495	RGM (large-genome)	5.279	66.97	85.34	11.72	present	absent	present					Mycobacterium sp.	not validly named	non_pathogen	90.26	192	draft			CheckM2 v1.0.1 (this study)	100	3.24	100
GB_GCA_038244615.1	GCA_038244615.1	GTDB reference	MAG / uncultured	Mycobacterium sp038244615	RGM (large-genome)	5.463	66.47	89.3	11.48	present	absent	present					Mycobacteriales bacterium	not validly named	non_pathogen	89.52	129	draft			CheckM2 v1.0.1 (this study)	99.99	0.9	99.99
RS_GCF_006439015.1	GCF_006439015.1	GTDB reference	Cultured isolate	Mycobacterium hodleri_A	RGM (large-genome)	6.384	65.9	88.73	11.68	present	absent	present					Mycolicibacterium hodleri	Mycolicibacterium	non_pathogen	91.07	52	draft	98.51	1.01	complete by definition (isolate)			100
RS_GCF_016462545.1	GCF_016462545.1	GTDB reference	MAG / uncultured	Mycobacterium sp016462545	RGM (large-genome)	6.249	66.94	92.11	11.7	present	absent	present					Mycolicibacterium sp.	not validly named	non_pathogen	93.31	135	draft	98.45	1.64	CheckM2 v1.0.1 (this study)	100	0.14	100
RS_GCF_030295745.1	GCF_030295745.1	GTDB reference	MAG / uncultured	Mycobacterium sp030295745	RGM (large-genome)	6.054	67.33	90.38	11.61	present	absent	present					Mycobacterium antarcticum	Mycobacterium	non_pathogen	92.54	1	closed	99.02	1.15	complete by definition (closed)			100
GB_GCA_032162605.1	GCA_032162605.1	GTDB reference	MAG / uncultured	Mycobacterium sp032162605	RGM (large-genome)	6.969	66.5	89.17	11.49	present	absent	absent					Mycobacterium sp.	not validly named	non_pathogen	89.25	648	draft			CheckM2 v1.0.1 (this study)	94.19	3.55	94.19
RS_GCF_010729665.1	GCF_010729665.1	GTDB reference	Cultured isolate	Mycobacterium madagascariense	RGM (large-genome)	5.94	69.14	90.34	11.55	present	absent	absent					Mycolicibacterium madagascariense	Mycolicibacterium	non_pathogen	92.06	2	draft	99.2	2	complete by definition (isolate)			100
RS_GCF_033741125.1	GCF_033741125.1	GTDB reference	MAG / uncultured	Mycobacterium sp033741125	RGM (large-genome)	5.851	68.29	91.79	11.45	present	absent	absent					Mycolicibacterium sichuanense	Mycolicibacterium	non_pathogen	92.61	32	draft	99.2	2.78	CheckM2 v1.0.1 (this study)	100	0.15	100
GB_GCA_040509115.1	GCA_040509115.1	GTDB reference	MAG / uncultured	Mycobacterium sp040509115	RGM (large-genome)	7.714	66.95	91.27	11.58	present	absent	absent					Mycobacterium sp.	not validly named	non_pathogen	92.24	568	draft			CheckM2 v1.0.1 (this study)	95.55	1.63	95.55
GB_GCA_029256565.1	GCA_029256565.1	GTDB reference	MAG / uncultured	Mycobacterium sp029256565	RGM (large-genome)	3.685	68.58	92.89	11.83	present	absent	absent					Mycobacterium sp.	not validly named	non_pathogen	92.9	749	draft			CheckM2 v1.0.1 (this study)	57.62	1.27	57.62
RS_GCF_010731815.2	GCF_010731815.2	GTDB reference	Cultured isolate	Mycobacterium arabiense	RGM (large-genome)	6.451	68.34	91.01	11.81	present	absent	absent					Mycolicibacterium arabiense	Mycolicibacterium	non_pathogen	92.41	2	draft	99.16	3.47	complete by definition (isolate)			100
RS_GCF_021916785.1	GCF_021916785.1	GTDB reference	Cultured isolate	Mycobacterium lacusdiani	RGM (large-genome)	6.138	68.32	92.4	11.83	present	absent	present					Mycolicibacterium lacusdiani	Mycolicibacterium	non_pathogen	92.91	24	draft	99.51	1.22	complete by definition (isolate)			100
RS_GCF_025822985.1	GCF_025822985.1	GTDB reference	Cultured isolate	Mycobacterium sediminis	RGM (large-genome)	6.218	69.1	91.63	11.84	present	absent	absent					Mycolicibacterium sediminis	Mycolicibacterium	non_pathogen	92.32	21	draft	99.31	1.43	complete by definition (isolate)			100
RS_GCF_008329645.1	GCF_008329645.1	GTDB reference	Cultured isolate	Mycobacterium grossiae	RGM (large-genome)	5.682	70.45	90.92	11.66	present	absent	absent					Mycolicibacterium grossiae	Mycolicibacterium	non_pathogen	92.1	2	draft	99.11	0.57	complete by definition (isolate)			100
RS_GCF_022557175.1	GCF_022557175.1	GTDB reference	MAG / uncultured	Mycobacterium sp022557175	RGM (large-genome)	7.267	66.38	91.69	11.55	present	present	absent					Mycolicibacterium sp. YH-1	not validly named	non_pathogen	92.72	1	closed	99.8	4.27	complete by definition (closed)			100
GB_GCA_031292695.1	GCA_031292695.1	GTDB reference	MAG / uncultured	Mycobacterium sp031292695	RGM (large-genome)	6.667	65.99	88.39	10.77	present	absent	absent					Mycobacterium sp.	not validly named	non_pathogen	90.87	1024	draft			CheckM2 v1.0.1 (this study)	92.31	5.48	92.31
RS_GCF_001905655.1	GCF_001905655.1	GTDB reference	MAG / uncultured	Mycobacterium sp001905655	RGM (large-genome)	5.923	66.77	90.49	11.44	present	absent	absent					Mycobacterium sp. ST-F2	not validly named	non_pathogen	91.91	134	draft	98.95	2.41	CheckM2 v1.0.1 (this study)	100	0.04	100
RS_GCF_005670685.2	GCF_005670685.2	GTDB reference	Cultured isolate	Mycobacterium mucogenicum_B	RGM (large-genome)	6.099	67.23	91.1	11.26	present	absent	absent					Mycolicibacterium mucogenicum DSM 44124	Mycolicibacterium	non_pathogen	92.21	1	closed	98.94	1.03	complete by definition (isolate)			100
RS_GCF_018326285.1	GCF_018326285.1	GTDB reference	MAG / uncultured	Mycobacterium sp018326285	RGM (large-genome)	6.467	67.04	86.93	11.3	present	present	absent					Mycolicibacterium sp. TY81	not validly named	non_pathogen	90.94	4	draft	99.37	1.07	CheckM2 v1.0.1 (this study)	100	0.25	100
spire_mag_01882632.fa	spire_mag_01882632	SPIRE MAG	MAG / uncultured	novel sp.	RGM (large-genome)	5.64	67.29	92.06	11.23	present	absent	absent	low salinity	95.24	0.42	aquatic	not applicable (MAG)	not applicable (MAG)	MAG	92.06	131	draft			CheckM2 v1.0.1 (this study)	95.41	0.4	95.41
RS_GCF_009729075.1	GCF_009729075.1	GTDB reference	MAG / uncultured	Mycobacterium sp009729075	RGM (large-genome)	6.188	66.44	90.29	11.19	present	absent	absent					Mycolicibacterium sp. CBMA 226	not validly named	non_pathogen	91.32	35	draft	98.85	1.93	CheckM2 v1.0.1 (this study)	100	0.13	100
RS_GCF_030209435.1	GCF_030209435.1	GTDB reference	MAG / uncultured	Mycobacterium sp030209435	RGM (large-genome)	6.171	66.85	91.49	11.22	present	absent	absent					Mycolicibacterium sp. lyk4-40-TYG-92	not validly named	non_pathogen	92.32	34	draft	99.02	0.74	CheckM2 v1.0.1 (this study)	100	0.29	100
spire_mag_00487317.fa	spire_mag_00487317	SPIRE MAG	MAG / uncultured	novel sp.	RGM (large-genome)	6.055	67.15	92.66	11.23	present	absent	absent		99.99	3.47	host-associated	not applicable (MAG)	not applicable (MAG)	MAG	92.66	75	draft			CheckM2 v1.0.1 (this study)	99.99	3.58	99.99
RS_GCF_010731115.1	GCF_010731115.1	GTDB reference	NTM (isolate)	Mycobacterium phocaicum	RGM (large-genome)	5.853	67.05	89.6	11.28	present	absent	absent					Mycolicibacterium phocaicum	Mycolicibacterium	opportunistic_pathogen	91.58	1	closed	99.14	0.44	complete by definition (isolate)			100
spire_mag_00518952.fa	spire_mag_00518952	SPIRE MAG	MAG / uncultured	novel sp.	RGM (large-genome)	6.053	66.92	92.44	11.12	present	absent	absent		94.61	3.6	host-associated	not applicable (MAG)	not applicable (MAG)	MAG	92.44	359	draft			CheckM2 v1.0.1 (this study)	94.49	3.56	94.49
RS_GCF_010730955.1	GCF_010730955.1	GTDB reference	NTM (isolate)	Mycobacterium aubagnense	RGM (large-genome)	6.322	66.33	87.89	11.14	present	absent	absent					Mycolicibacterium aubagnense	Mycolicibacterium	opportunistic_pathogen	90.55	2	draft	98.68	1.68	complete by definition (isolate)			100
RS_GCF_025331195.1	GCF_025331195.1	GTDB reference	NTM (isolate)	Mycobacterium llatzerense	RGM (large-genome)	6.578	66.3	89.6	11.24	present	present	absent					Mycolicibacterium llatzerense	Mycolicibacterium	opportunistic_pathogen	91.59	19	draft	99.32	2.06	complete by definition (isolate)			100
RS_GCF_009729415.1	GCF_009729415.1	GTDB reference	MAG / uncultured	Mycobacterium sp009729415	RGM (large-genome)	6.14	65.63	91.03	11.15	present	absent	absent					Mycolicibacterium sp. CBMA 234	not validly named	non_pathogen	92.09	38	draft	99.16	0.98	CheckM2 v1.0.1 (this study)	100	0.44	100
RS_GCF_041261665.1	GCF_041261665.1	GTDB reference	MAG / uncultured	Mycobacterium sp041261665	RGM (large-genome)	5.764	65.37	90.88	11.02	present	absent	absent					Mycobacterium sp. MAA66	not validly named	non_pathogen	91.71	30	draft	98.76	1.15	CheckM2 v1.0.1 (this study)	99.97	0.17	99.97
RS_GCF_029892685.1	GCF_029892685.1	GTDB reference	MAG / uncultured	Mycobacterium sp029892685	RGM (large-genome)	5.962	64.61	88.64	11.26	absent	absent	absent					Mycobacterium sp. OTB74	not validly named	non_pathogen	90.89	63	draft	98.31	2.09	CheckM2 v1.0.1 (this study)	99.99	1.85	99.99
spire_mag_00709164.fa	spire_mag_00709164	SPIRE MAG	MAG / uncultured	novel sp.	RGM (large-genome)	3.127	66.16	93.75	10.85	present	absent	absent		99.92	0.0		not applicable (MAG)	not applicable (MAG)	MAG	93.75	83	draft			CheckM2 v1.0.1 (this study)	99.86	0	99.86
spire_mag_00709550.fa	spire_mag_00709550	SPIRE MAG	MAG / uncultured	novel sp.	RGM (large-genome)	3.021	66.24	93.78	10.85	present	absent	absent		94.38	0.26		not applicable (MAG)	not applicable (MAG)	MAG	93.78	120	draft			CheckM2 v1.0.1 (this study)	94.24	0.26	94.24
GB_GCA_034189785.1	GCA_034189785.1	GTDB reference	MAG / uncultured	Mycobacterium sp034189785	RGM (large-genome)	3.608	68.28	87.15	11.79	present	present	absent					Actinomycetota bacterium	not validly named	non_pathogen	89.75	120	draft			CheckM2 v1.0.1 (this study)	99.84	0.04	99.84
spire_mag_01244826.fa	spire_mag_01244826	SPIRE MAG	MAG / uncultured	Mycobacterium sp034189785	RGM (large-genome)	3.824	68.27	89.93	11.73	present	absent	absent		99.99	0.08	aquatic	not applicable (MAG)	not applicable (MAG)	MAG	89.93	143	draft			CheckM2 v1.0.1 (this study)	99.99	0.08	99.99
RS_GCF_010731575.1	GCF_010731575.1	GTDB reference	Cultured isolate	Mycobacterium monacense	RGM (large-genome)	6.042	68.41	91.68	11.9	present	present	absent					Mycolicibacterium monacense	Mycolicibacterium	non_pathogen	92.77	1	closed	99.48	0.26	complete by definition (isolate)			100
RS_GCF_010728155.1	GCF_010728155.1	GTDB reference	Cultured isolate	Mycobacterium doricum	RGM (large-genome)	4.029	67.51	86.26	11.75	present	present	absent					Mycolicibacterium doricum	Mycolicibacterium	non_pathogen	89.04	1	closed	97.33	1.25	complete by definition (isolate)			100
RS_GCF_001499995.1	GCF_001499995.1	GTDB reference	MAG / uncultured	Mycobacterium sp001499995	RGM (large-genome)	5.286	69.01	92.29	11.93	present	absent	absent					Mycobacterium sp. IS-1496	not validly named	non_pathogen	93.09	76	draft	99.33	0.83	CheckM2 v1.0.1 (this study)	100	0	100
RS_GCF_001500125.1	GCF_001500125.1	GTDB reference	MAG / uncultured	Mycobacterium sp001500125	RGM (large-genome)	5.239	69.21	92.66	11.91	present	absent	absent					Mycobacterium sp. IS-1742	not validly named	non_pathogen	93.7	45	draft	99.19	0.83	CheckM2 v1.0.1 (this study)	100	0.03	100
RS_GCF_001499965.1	GCF_001499965.1	GTDB reference	MAG / uncultured	Mycobacterium sp001499965	RGM (large-genome)	6.503	68.64	91.32	11.81	present	present	absent					Mycobacterium sp. GA-2829	not validly named	non_pathogen	92.66	99	draft	99.42	2.08	CheckM2 v1.0.1 (this study)	100	0.01	100
RS_GCF_010731695.1	GCF_010731695.1	GTDB reference	Cultured isolate	Mycobacterium litorale	RGM (large-genome)	5.58	68.92	92.16	11.78	present	absent	absent					Mycolicibacterium litorale	Mycolicibacterium	non_pathogen	93.27	1	closed	99.93	0.39	complete by definition (isolate)			100
RS_GCF_014218295.1	GCF_014218295.1	GTDB reference	Cultured isolate	Mycobacterium litorale_B	RGM (large-genome)	5.634	68.88	91.5	11.78	present	absent	absent					Mycolicibacterium litorale	Mycolicibacterium	non_pathogen	92.63	1	closed	99.36	0.81	complete by definition (isolate)			100
RS_GCF_016313185.1	GCF_016313185.1	GTDB reference	Cultured isolate	Mycobacterium baixiangningiae	RGM (large-genome)	6.181	67.69	90.98	11.75	present	absent	absent					Mycolicibacterium baixiangningiae	Mycolicibacterium	non_pathogen	92.06	1	closed	99.77	1.67	complete by definition (isolate)			100
RS_GCF_001665575.1	GCF_001665575.1	GTDB reference	MAG / uncultured	Mycobacterium sp001665575	RGM (large-genome)	4.763	68.72	93.17	11.81	present	absent	absent					Mycobacterium sp. 852013-51886_SCH5428379	not validly named	non_pathogen	93.97	52	draft	91.17	0.99	CheckM2 v1.0.1 (this study)	86.06	0.02	86.06
RS_GCF_017352375.1	GCF_017352375.1	GTDB reference	MAG / uncultured	Mycobacterium sp017352375	RGM (large-genome)	5.843	68.44	91.49	11.68	present	absent	absent					Mycolicibacterium sp. S2-37	not validly named	non_pathogen	93.77	17	draft	99.48	2.92	CheckM2 v1.0.1 (this study)	99.96	1.77	99.96
RS_GCF_004570325.1	GCF_004570325.1	GTDB reference	MAG / uncultured	Mycobacterium sp004570325	RGM (large-genome)	5.507	69.92	92.14	11.74	present	absent	absent					Mycobacterium sp. PS03-16	not validly named	non_pathogen	93.28	91	draft	99.72	1.51	CheckM2 v1.0.1 (this study)	100	0.31	100
RS_GCF_030519285.1	GCF_030519285.1	GTDB reference	Cultured isolate	Mycobacterium arseniciresistens	RGM (large-genome)	6.212	69.16	90.78	11.88	present	absent	absent					Mycolicibacterium arseniciresistens	Mycolicibacterium	non_pathogen	92.94	602	draft	98.47	1.79	complete by definition (isolate)			100
RS_GCF_040674075.1	GCF_040674075.1	GTDB reference	MAG / uncultured	Mycobacterium sp040674075	RGM (large-genome)	5.809	69.36	93.05	11.85	present	absent	absent					Mycobacterium sp. NPDC050551	not validly named	non_pathogen	93.72	14	draft	99.58	0.71	CheckM2 v1.0.1 (this study)	99.93	0.08	99.93
GB_GCA_018268465.1	GCA_018268465.1	GTDB reference	MAG / uncultured	Mycobacterium sp018268465	RGM (large-genome)	6.875	68.14	90.33	11.32	present	absent	absent					Actinomycetota bacterium	not validly named	non_pathogen	91.64	72	draft			CheckM2 v1.0.1 (this study)	99.63	5.2	99.63
GB_GCA_020438915.1	GCA_020438915.1	GTDB reference	MAG / uncultured	Mycobacterium sp020438915	RGM (large-genome)	3.335	65.87	88.68	11.5	absent	present	absent					Mycobacterium sp.	not validly named	non_pathogen	92.47	605	draft			CheckM2 v1.0.1 (this study)	64.28	0.23	64.28
GB_GCA_022601135.1	GCA_022601135.1	GTDB reference	MAG / uncultured	Mycobacterium sp022601135	RGM (large-genome)	3.878	65.6	89.78	11.6	present	absent	absent					Actinomycetes bacterium	not validly named	non_pathogen	92.24	166	draft			CheckM2 v1.0.1 (this study)	95.76	1.13	95.76
GB_GCA_022601275.1	GCA_022601275.1	GTDB reference	MAG / uncultured	Mycobacterium sp022601275	RGM (large-genome)	3.407	65.43	90.05	11.67	present	absent	present					Actinomycetes bacterium	not validly named	non_pathogen	92.3	194	draft			CheckM2 v1.0.1 (this study)	92.56	1.36	92.56
GB_GCA_964195655.1	GCA_964195655.1	GTDB reference	MAG / uncultured	Mycobacterium sp964195655	RGM (large-genome)	2.714	64.81	90.89	11.47	present	absent	absent					uncultured Gammaproteobacteria bacterium	not validly named	non_pathogen	90.91	499	draft			CheckM2 v1.0.1 (this study)	65.69	0.08	65.69
spire_mag_01776429.fa	spire_mag_01776429	SPIRE MAG	MAG / uncultured	novel sp.	RGM (large-genome)	4.424	64.94	90.21	11.49	present	absent	present	medium salinity	98.35	1.72	aquatic	not applicable (MAG)	not applicable (MAG)	MAG	90.21	216	draft			CheckM2 v1.0.1 (this study)	98.36	1.73	98.36
GB_GCA_022600605.1	GCA_022600605.1	GTDB reference	MAG / uncultured	Mycobacterium sp022600605	RGM (large-genome)	5.051	64.06	86.89	11.66	present	absent	absent					Actinomycetes bacterium	not validly named	non_pathogen	90.26	565	draft			CheckM2 v1.0.1 (this study)	86.35	6.87	86.35
GB_GCA_030666145.1	GCA_030666145.1	GTDB reference	MAG / uncultured	Mycobacterium sp030666145	RGM (large-genome)	3.215	64.14	90.02	11.58	absent	absent	absent					Mycolicibacterium sp.	not validly named	non_pathogen	90.52	335	draft	89.76	0.39	CheckM2 v1.0.1 (this study)	97.71	0.45	97.71
spire_mag_01584542.fa	spire_mag_01584542	SPIRE MAG	MAG / uncultured	Mycobacterium sp030666145	RGM (large-genome)	3.867	64.34	90.21	11.56	present	absent	absent		99.92	1.9	aquatic	not applicable (MAG)	not applicable (MAG)	MAG	90.21	260	draft			CheckM2 v1.0.1 (this study)	99.94	1.79	99.94
RS_GCF_005222675.1	GCF_005222675.1	GTDB reference	MAG / uncultured	Mycobacterium sp005222675	RGM (large-genome)	6.537	66.89	91.51	11.79	present	absent	present					Mycolicibacterium sp. CR10	not validly named	non_pathogen	92.41	81	draft	99.66	1.77	CheckM2 v1.0.1 (this study)	99.99	0.11	99.99
RS_GCF_025821625.1	GCF_025821625.1	GTDB reference	Cultured isolate	Mycobacterium pyrenivorans	RGM (large-genome)	6.688	67.29	86.87	11.79	present	present	absent					Mycolicibacterium pyrenivorans	Mycolicibacterium	non_pathogen	90.84	304	draft	98.66	1.74	complete by definition (isolate)			100
RS_GCF_025821585.1	GCF_025821585.1	GTDB reference	Cultured isolate	Mycobacterium hippocampi	RGM (large-genome)	6.292	67.33	90.29	11.84	present	present	absent					Mycolicibacterium hippocampi	Mycolicibacterium	non_pathogen	92.19	382	draft	99.66	4.35	complete by definition (isolate)			100
RS_GCF_902705885.1	GCF_902705885.1	GTDB reference	Cultured isolate	Mycobacterium vanbaalenii_A	RGM (large-genome)	6.707	66.83	89.64	11.85	present	present	absent					Mycolicibacterium austroafricanum	Mycolicibacterium	non_pathogen	92.32	76	draft	99.61	4.41	complete by definition (isolate)			100
RS_GCF_039729195.1	GCF_039729195.1	GTDB reference	Cultured isolate	Mycobacterium hippocampi_A	RGM (large-genome)	6.259	66.74	91.64	11.85	present	present	absent					Mycobacterium sp. DL	not validly named	non_pathogen	92.68	2	draft	99.83	1.53	complete by definition (isolate)			100
GB_GCA_023404955.1	GCA_023404955.1	GTDB reference	MAG / uncultured	Mycobacterium sp023404955	RGM (large-genome)	6.297	67.25	93.39	11.55	present	absent	absent					Actinomycetes bacterium	not validly named	non_pathogen	92.79	166	draft			CheckM2 v1.0.1 (this study)	100	5.72	100
spire_mag_02184890.fa	spire_mag_02184890	SPIRE MAG	MAG / uncultured	Mycobacterium sp023404955	RGM (large-genome)	5.945	67.83	93.25	11.5	present	absent	absent		100.0	0.02	host-associated	not applicable (MAG)	not applicable (MAG)	MAG	93.25	58	draft			CheckM2 v1.0.1 (this study)	100	0.02	100
RS_GCF_003254575.1	GCF_003254575.1	GTDB reference	Cultured isolate	Mycobacterium kyogaense	RGM (large-genome)	5.76	67.86	92.25	11.56	present	absent	absent					Mycobacterium kyogaense	Mycobacterium	non_pathogen	93.54	132	draft	99.51	1.88	complete by definition (isolate)			100
spire_mag_01199727.fa	spire_mag_01199727	SPIRE MAG	MAG / uncultured	Mycobacterium kyogaense	RGM (large-genome)	6.185	67.88	93.02	11.45	present	absent	absent		99.93	1.24		not applicable (MAG)	not applicable (MAG)	MAG	93.02	399	draft			CheckM2 v1.0.1 (this study)	99.89	1.26	99.89
RS_GCF_036946525.1	GCF_036946525.1	GTDB reference	Cultured isolate	Mycobacterium kyogaense_A	RGM (large-genome)	5.53	67.86	89.13	11.58	present	absent	absent					Mycobacterium kyogaense	Mycobacterium	non_pathogen	93.09	49	draft	93.51	3.03	complete by definition (isolate)			100
RS_GCF_007096635.1	GCF_007096635.1	GTDB reference	MAG / uncultured	Mycobacterium sp007096635	RGM (large-genome)	5.781	68.06	92.59	11.52	present	absent	absent					Mycolicibacterium sp. 018/SC-01/001	not validly named	non_pathogen	93.31	49	draft	99.51	2.56	CheckM2 v1.0.1 (this study)	100	0	100
RS_GCF_022348085.1	GCF_022348085.1	GTDB reference	MAG / uncultured	Mycobacterium sp022348085	RGM (large-genome)	6.088	67.97	91.96	11.56	present	absent	absent					Mycobacterium sp. PSTR-4-N	not validly named	non_pathogen	93.1	64	draft	100	2.5	CheckM2 v1.0.1 (this study)	100	0.02	100
GB_GCA_040752555.1	GCA_040752555.1	GTDB reference	MAG / uncultured	Mycobacterium sp040752555	RGM (large-genome)	6.213	67.65	91.76	11.45	present	absent	absent					Actinomycetota bacterium	not validly named	non_pathogen	92.8	71	draft			CheckM2 v1.0.1 (this study)	99.99	0.81	99.99
RS_GCF_001044235.1	GCF_001044235.1	GTDB reference	Cultured isolate	Mycobacterium chlorophenolicum	RGM (large-genome)	7.38	68.43	88.51	11.47	present	absent	present					Mycolicibacterium chlorophenolicum	Mycolicibacterium	non_pathogen	90.99	72	draft	100	3.96	complete by definition (isolate)			100
RS_GCF_001044255.1	GCF_001044255.1	GTDB reference	Cultured isolate	Mycobacterium chubuense	RGM (large-genome)	5.945	69.2	90.54	11.62	present	absent	present					Mycolicibacterium chubuense	Mycolicibacterium	non_pathogen	93.53	96	draft	98.38	1.17	complete by definition (isolate)			100
RS_GCF_010729305.1	GCF_010729305.1	GTDB reference	Cultured isolate	Mycobacterium psychrotolerans	RGM (large-genome)	5.732	68.75	91.7	11.66	present	absent	present					Mycolicibacterium psychrotolerans	Mycolicibacterium	non_pathogen	93.12	1	closed	99.83	0.88	complete by definition (isolate)			100
RS_GCF_022374875.2	GCF_022374875.2	GTDB reference	Cultured isolate	Mycobacterium rufum	RGM (large-genome)	6.107	69.3	91.92	11.56	present	absent	present					Mycolicibacterium rufum	Mycolicibacterium	non_pathogen	93.15	3	draft	100	0.81	complete by definition (isolate)			100
RS_GCF_000266905.1	GCF_000266905.1	GTDB reference	Cultured isolate	Mycobacterium chubuense_A	RGM (large-genome)	6.343	68.29	89.51	11.49	present	present	absent					Mycolicibacterium chubuense NBB4	Mycolicibacterium	non_pathogen	91.71	3	draft	99.89	0.78	complete by definition (isolate)			100
RS_GCF_000612725.1	GCF_000612725.1	GTDB reference	Cultured isolate	Mycobacterium austroafricanum	RGM (large-genome)	6.771	67.69	89.19	11.82	present	present	absent					Mycolicibacterium austroafricanum	Mycolicibacterium	non_pathogen	92.24	20	draft	100	0.09	complete by definition (isolate)			100
spire_mag_00691761.fa	spire_mag_00691761	SPIRE MAG	MAG / uncultured	Mycobacterium austroafricanum	RGM (large-genome)	6.121	67.96	92.58	11.8	present	present	absent		99.98	0.6	anthropogenic	not applicable (MAG)	not applicable (MAG)	MAG	92.58	133	draft			CheckM2 v1.0.1 (this study)	99.96	0.54	99.96
spire_mag_00825461.fa	spire_mag_00825461	SPIRE MAG	MAG / uncultured	Mycobacterium austroafricanum	RGM (large-genome)	6.912	67.67	92.29	11.8	present	present	absent		96.77	3.94	anthropogenic	not applicable (MAG)	not applicable (MAG)	MAG	92.29	685	draft			CheckM2 v1.0.1 (this study)	96.42	3.62	96.42
RS_GCF_001545925.1	GCF_001545925.1	GTDB reference	MAG / uncultured	Mycobacterium sp001545925	RGM (large-genome)	6.095	68.23	87.34	11.87	present	present	absent					Mycobacterium sp. NAZ190054	not validly named	non_pathogen	92.49	592	draft	92.89	3.27	CheckM2 v1.0.1 (this study)	99.93	0.44	99.93
RS_GCF_025263565.1	GCF_025263565.1	GTDB reference	MAG / uncultured	Mycobacterium sp025263565	RGM (large-genome)	6.882	67.43	85.77	11.78	present	present	absent					Mycobacterium sp. SMC-8	not validly named	non_pathogen	91.21	4	draft	99.93	1.67	CheckM2 v1.0.1 (this study)	100	0.19	100
RS_GCF_001552715.1	GCF_001552715.1	GTDB reference	Cultured isolate	Mycobacterium vaccae	RGM (large-genome)	6.169	68.55	91.5	11.81	present	absent	absent					Mycolicibacterium vaccae NBRC 14118 = CIP 105934	Mycolicibacterium	non_pathogen	92.91	370	draft	99.54	0.81	complete by definition (isolate)			100
RS_GCF_002968295.1	GCF_002968295.1	GTDB reference	MAG / uncultured	Mycobacterium sp002968295	RGM (large-genome)	6.06	68.71	85.62	11.78	present	present	absent					Mycobacterium sp. ITM-2016-00317	not validly named	non_pathogen	92.2	1	closed	91.53	1.33	complete by definition (closed)			100
RS_GCF_001650495.1	GCF_001650495.1	GTDB reference	Cultured isolate	Mycobacterium iranicum_A	RGM (large-genome)	6.485	66.1	91.47	11.79	present	absent	absent					Mycolicibacterium iranicum	Mycolicibacterium	non_pathogen	92.72	108	draft	99.83	2.61	complete by definition (isolate)			100
spire_mag_01188968.fa	spire_mag_01188968	SPIRE MAG	MAG / uncultured	novel sp.	RGM (large-genome)	6.369	66.26	92.7	11.78	present	absent	absent		99.99	0.32		not applicable (MAG)	not applicable (MAG)	MAG	92.7	466	draft			CheckM2 v1.0.1 (this study)	99.99	0.3	99.99
RS_GCF_002101705.1	GCF_002101705.1	GTDB reference	Cultured isolate	Mycobacterium iranicum	RGM (large-genome)	6.336	66.1	91.66	11.81	present	absent	absent					Mycolicibacterium iranicum	Mycolicibacterium	non_pathogen	92.75	82	draft	100	0.7	complete by definition (isolate)			100
spire_mag_01196792.fa	spire_mag_01196792	SPIRE MAG	MAG / uncultured	Mycobacterium iranicum	RGM (large-genome)	6.199	66.19	92.5	11.75	present	absent	absent		100.0	0.12		not applicable (MAG)	not applicable (MAG)	MAG	92.5	39	draft			CheckM2 v1.0.1 (this study)	100	0.1	100
spire_mag_01197568.fa	spire_mag_01197568	SPIRE MAG	MAG / uncultured	Mycobacterium iranicum	RGM (large-genome)	6.428	66.09	92.4	11.77	present	absent	absent		100.0	2.55		not applicable (MAG)	not applicable (MAG)	MAG	92.4	73	draft			CheckM2 v1.0.1 (this study)	100	2.54	100
RS_GCF_027706845.1	GCF_027706845.1	GTDB reference	MAG / uncultured	Mycobacterium sp027706845	RGM (large-genome)	6.72	66.5	91.7	11.72	present	absent	absent					Mycolicibacterium sp. BiH015	not validly named	non_pathogen	92.82	69	draft	99.59	1.98	CheckM2 v1.0.1 (this study)	100	0.12	100
RS_GCF_041287165.1	GCF_041287165.1	GTDB reference	MAG / uncultured	Mycobacterium sp041287165	RGM (large-genome)	6.071	66.86	91.51	11.86	present	absent	absent					[Mycobacterium] bulgaricum	not validly named	non_pathogen	92.64	58	draft			CheckM2 v1.0.1 (this study)	100	0.01	100
RS_GCF_029623955.1	GCF_029623955.1	GTDB reference	MAG / uncultured	Mycobacterium sp029623955	RGM (large-genome)	6.884	66.34	92.3	11.9	present	absent	absent					Mycobacterium sp. 236(2023)	not validly named	non_pathogen	93.19	29	draft	99.93	2.85	CheckM2 v1.0.1 (this study)	100	0.42	100
RS_GCF_014190915.1	GCF_014190915.1	GTDB reference	Cultured isolate	Mycobacterium iranicum_B	RGM (large-genome)	5.519	68.5	92.57	11.83	present	absent	absent					Mycolicibacterium iranicum	Mycolicibacterium	non_pathogen	93.04	26	draft	99.89	0.86	complete by definition (isolate)			100
RS_GCF_900637195.1	GCF_900637195.1	GTDB reference	Cultured isolate	Mycobacterium aurum	RGM (large-genome)	6.036	67.54	92.75	11.72	present	absent	absent					Mycolicibacterium aurum	Mycolicibacterium	non_pathogen	93.35	1	closed	100	0.94	complete by definition (isolate)			100
RS_GCF_002086815.1	GCF_002086815.1	GTDB reference	Cultured isolate	Mycobacterium parafortuitum	RGM (large-genome)	6.136	68.53	93.37	11.88	present	absent	absent					Mycolicibacterium parafortuitum	Mycolicibacterium	non_pathogen	93.69	88	draft	99.83	0.23	complete by definition (isolate)			100
RS_GCF_010725485.1	GCF_010725485.1	GTDB reference	MAG / uncultured	Mycobacterium sp002946335	RGM (large-genome)	6.044	68.39	92.47	11.88	present	absent	absent					Mycolicibacterium parafortuitum	Mycolicibacterium	non_pathogen	93.59	1	closed	99.07	0.23	complete by definition (closed)			100
RS_GCF_900454025.1	GCF_900454025.1	GTDB reference	Cultured isolate	Mycobacterium gilvum	RGM (large-genome)	6.433	67.64	88.17	11.9	present	present	absent					Mycolicibacterium gilvum	Mycolicibacterium	non_pathogen	91.89	11	draft	96.33	5.46	complete by definition (isolate)			100
RS_GCF_010726645.1	GCF_010726645.1	GTDB reference	Cultured isolate	Mycobacterium duvalii	RGM (large-genome)	5.657	68.29	91.7	11.88	present	present	absent					Mycolicibacterium duvalii	Mycolicibacterium	non_pathogen	93.31	1	closed	99.6	0.34	complete by definition (isolate)			100
RS_GCF_025263265.1	GCF_025263265.1	GTDB reference	MAG / uncultured	Mycobacterium sp025263265	RGM (large-genome)	5.937	66.64	90.3	11.66	present	present	absent					Mycobacterium sp. SMC-4	not validly named	non_pathogen	92.95	11	draft	99.11	0.17	CheckM2 v1.0.1 (this study)	100	0.01	100
RS_GCF_041287115.1	GCF_041287115.1	GTDB reference	MAG / uncultured	Mycobacterium sp041287115	RGM (large-genome)	5.118	68.01	92.09	11.98	present	present	absent					Mycobacterium sp. pV006	not validly named	non_pathogen	93.09	68	draft	99.31	0.71	CheckM2 v1.0.1 (this study)	100	0	100
GB_GCA_034190095.1	GCA_034190095.1	GTDB reference	MAG / uncultured	Mycobacterium sp034190095	RGM (large-genome)	5.248	69.31	92.54	11.83	present	present	absent					Actinomycetota bacterium	not validly named	non_pathogen	93.16	434	draft			CheckM2 v1.0.1 (this study)	99.51	0.09	99.51
RS_GCF_010728325.1	GCF_010728325.1	GTDB reference	Cultured isolate	Mycobacterium poriferae	RGM (large-genome)	5.929	68.04	89.49	11.87	present	present	absent					Mycolicibacterium poriferae	Mycolicibacterium	non_pathogen	91.87	2	draft	98.52	0.8	complete by definition (isolate)			100
spire_mag_01124179.fa	spire_mag_01124179	SPIRE MAG	MAG / uncultured	Mycobacterium poriferae	RGM (large-genome)	6.058	67.91	91.95	11.84	present	present	absent		100.0	1.47	aquatic	not applicable (MAG)	not applicable (MAG)	MAG	91.95	467	draft			CheckM2 v1.0.1 (this study)	100	1.48	100
spire_mag_02293027.fa	spire_mag_02293027	SPIRE MAG	MAG / uncultured	Mycobacterium poriferae	RGM (large-genome)	6.078	68.02	91.93	11.81	present	present	absent	high salinity	100.0	2.65	aquatic	not applicable (MAG)	not applicable (MAG)	MAG	91.93	240	draft			CheckM2 v1.0.1 (this study)	100	2.63	100
spire_mag_02300699.fa	spire_mag_02300699	SPIRE MAG	MAG / uncultured	Mycobacterium poriferae	RGM (large-genome)	5.912	67.84	91.94	11.76	present	present	absent	high salinity	97.86	4.23	aquatic	not applicable (MAG)	not applicable (MAG)	MAG	91.94	605	draft			CheckM2 v1.0.1 (this study)	97.7	4.31	97.7
spire_mag_02295856.fa	spire_mag_02295856	SPIRE MAG	MAG / uncultured	Mycobacterium poriferae	RGM (large-genome)	5.907	68.03	92.1	11.78	present	present	absent	high salinity	99.95	0.49	aquatic	not applicable (MAG)	not applicable (MAG)	MAG	92.1	401	draft			CheckM2 v1.0.1 (this study)	99.94	0.43	99.94
spire_mag_02306214.fa	spire_mag_02306214	SPIRE MAG	MAG / uncultured	Mycobacterium poriferae	RGM (large-genome)	5.485	68.09	92.37	11.85	present	present	absent	high salinity	96.15	0.14	aquatic	not applicable (MAG)	not applicable (MAG)	MAG	92.37	478	draft			CheckM2 v1.0.1 (this study)	95.25	0.14	95.25
RS_GCF_017312405.1	GCF_017312405.1	GTDB reference	MAG / uncultured	Mycobacterium sp017312405	RGM (large-genome)	5.827	68.01	90.88	11.9	present	present	absent					Mycobacterium sp. PO1	not validly named	non_pathogen	92.45	153	draft	98.47	1.54	CheckM2 v1.0.1 (this study)	100	0.02	100
RS_GCF_964000695.1	GCF_964000695.1	GTDB reference	MAG / uncultured	Mycobacterium sp964000695	RGM (large-genome)	5.86	67.94	90.67	11.84	present	present	absent					uncultured Mycolicibacterium sp.	not validly named	non_pathogen	92.53	407	draft	96.6	2.28	CheckM2 v1.0.1 (this study)	99.89	0.3	99.89
spire_mag_02296017.fa	spire_mag_02296017	SPIRE MAG	MAG / uncultured	Mycobacterium sp964000695	RGM (large-genome)	6.061	67.77	92.23	11.78	present	present	absent	high salinity	99.86	1.75	aquatic	not applicable (MAG)	not applicable (MAG)	MAG	92.23	513	draft			CheckM2 v1.0.1 (this study)	99.61	1.56	99.61
spire_mag_02298516.fa	spire_mag_02298516	SPIRE MAG	MAG / uncultured	Mycobacterium sp964000695	RGM (large-genome)	6.046	67.86	92.46	11.78	present	present	absent	high salinity	100.0	0.51	aquatic	not applicable (MAG)	not applicable (MAG)	MAG	92.46	174	draft			CheckM2 v1.0.1 (this study)	100	0.47	100
spire_mag_02293016.fa	spire_mag_02293016	SPIRE MAG	MAG / uncultured	Mycobacterium sp964000695	RGM (large-genome)	6.019	67.88	92.56	11.78	present	present	absent	high salinity	99.99	0.33	aquatic	not applicable (MAG)	not applicable (MAG)	MAG	92.56	357	draft			CheckM2 v1.0.1 (this study)	99.99	0.22	99.99
spire_mag_02307968.fa	spire_mag_02307968	SPIRE MAG	MAG / uncultured	Mycobacterium sp964000695	RGM (large-genome)	6.003	67.9	92.37	11.78	present	present	absent		99.59	2.19	aquatic	not applicable (MAG)	not applicable (MAG)	MAG	92.37	390	draft			CheckM2 v1.0.1 (this study)	99.64	1.97	99.64
spire_mag_02300518.fa	spire_mag_02300518	SPIRE MAG	MAG / uncultured	Mycobacterium sp964000695	RGM (large-genome)	6.037	67.83	92.45	11.78	present	present	absent	high salinity	99.71	2.51	aquatic	not applicable (MAG)	not applicable (MAG)	MAG	92.45	314	draft			CheckM2 v1.0.1 (this study)	99.7	2.28	99.7
spire_mag_02166032.fa	spire_mag_02166032	SPIRE MAG	MAG / uncultured	Mycobacterium sp964000695	RGM (large-genome)	5.861	67.81	92.54	11.79	present	present	absent	high salinity	99.91	0.12	aquatic	not applicable (MAG)	not applicable (MAG)	MAG	92.54	375	draft			CheckM2 v1.0.1 (this study)	99.9	0.09	99.9
spire_mag_02294311.fa	spire_mag_02294311	SPIRE MAG	MAG / uncultured	Mycobacterium sp964000695	RGM (large-genome)	6.012	67.82	92.4	11.79	present	present	absent	high salinity	99.95	2.05	aquatic	not applicable (MAG)	not applicable (MAG)	MAG	92.4	366	draft			CheckM2 v1.0.1 (this study)	99.97	1.75	99.97
spire_mag_02299450.fa	spire_mag_02299450	SPIRE MAG	MAG / uncultured	Mycobacterium sp964000695	RGM (large-genome)	6.139	67.82	92.34	11.77	present	present	absent	high salinity	100.0	2.67	aquatic	not applicable (MAG)	not applicable (MAG)	MAG	92.34	325	draft			CheckM2 v1.0.1 (this study)	100	2.26	100
spire_mag_02208815.fa	spire_mag_02208815	SPIRE MAG	MAG / uncultured	Mycobacterium sp964000695	RGM (large-genome)	6.119	67.78	92.3	11.78	present	present	absent	high salinity	97.64	1.52	aquatic	not applicable (MAG)	not applicable (MAG)	MAG	92.3	488	draft			CheckM2 v1.0.1 (this study)	97.86	1.25	97.86
spire_mag_02296681.fa	spire_mag_02296681	SPIRE MAG	MAG / uncultured	Mycobacterium sp964000695	RGM (large-genome)	5.995	67.86	92.54	11.79	present	present	absent	high salinity	100.0	0.11	aquatic	not applicable (MAG)	not applicable (MAG)	MAG	92.54	168	draft			CheckM2 v1.0.1 (this study)	100	0.05	100
spire_mag_02307077.fa	spire_mag_02307077	SPIRE MAG	MAG / uncultured	Mycobacterium sp964000695	RGM (large-genome)	5.9	67.83	92.45	11.78	present	present	absent	high salinity	99.52	1.45	aquatic	not applicable (MAG)	not applicable (MAG)	MAG	92.45	261	draft			CheckM2 v1.0.1 (this study)	99.56	1.35	99.56
spire_mag_02298601.fa	spire_mag_02298601	SPIRE MAG	MAG / uncultured	Mycobacterium sp964000695	RGM (large-genome)	6.057	67.85	92.47	11.78	present	present	absent	high salinity	99.98	0.87	aquatic	not applicable (MAG)	not applicable (MAG)	MAG	92.47	275	draft			CheckM2 v1.0.1 (this study)	99.98	0.73	99.98
spire_mag_02307797.fa	spire_mag_02307797	SPIRE MAG	MAG / uncultured	Mycobacterium sp964000695	RGM (large-genome)	6.094	67.84	92.48	11.78	present	present	absent	high salinity	100.0	2.09	aquatic	not applicable (MAG)	not applicable (MAG)	MAG	92.48	80	draft			CheckM2 v1.0.1 (this study)	100	1.83	100
spire_mag_02292565.fa	spire_mag_02292565	SPIRE MAG	MAG / uncultured	Mycobacterium sp964000695	RGM (large-genome)	6.04	67.83	92.52	11.78	present	present	absent	high salinity	100.0	0.98	aquatic	not applicable (MAG)	not applicable (MAG)	MAG	92.52	260	draft			CheckM2 v1.0.1 (this study)	100	0.86	100
spire_mag_02307626.fa	spire_mag_02307626	SPIRE MAG	MAG / uncultured	Mycobacterium sp964000695	RGM (large-genome)	6.073	67.72	92.45	11.8	present	present	absent	high salinity	100.0	0.31	aquatic	not applicable (MAG)	not applicable (MAG)	MAG	92.45	129	draft			CheckM2 v1.0.1 (this study)	100	0.24	100
spire_mag_02300785.fa	spire_mag_02300785	SPIRE MAG	MAG / uncultured	Mycobacterium sp964000695	RGM (large-genome)	6.069	67.83	92.42	11.79	present	present	absent	high salinity	100.0	0.38	aquatic	not applicable (MAG)	not applicable (MAG)	MAG	92.42	145	draft			CheckM2 v1.0.1 (this study)	100	0.27	100
spire_mag_02294715.fa	spire_mag_02294715	SPIRE MAG	MAG / uncultured	Mycobacterium sp964000695	RGM (large-genome)	5.973	67.86	92.58	11.8	present	present	absent	high salinity	100.0	1.65	aquatic	not applicable (MAG)	not applicable (MAG)	MAG	92.58	127	draft			CheckM2 v1.0.1 (this study)	100	1.37	100
spire_mag_02305637.fa	spire_mag_02305637	SPIRE MAG	MAG / uncultured	Mycobacterium sp964000695	RGM (large-genome)	5.968	67.82	92.53	11.79	present	present	absent	high salinity	100.0	1.03	aquatic	not applicable (MAG)	not applicable (MAG)	MAG	92.53	223	draft			CheckM2 v1.0.1 (this study)	100	0.75	100
spire_mag_02292667.fa	spire_mag_02292667	SPIRE MAG	MAG / uncultured	Mycobacterium sp964000695	RGM (large-genome)	6.085	67.84	92.48	11.78	present	present	absent	high salinity	100.0	0.69	aquatic	not applicable (MAG)	not applicable (MAG)	MAG	92.48	85	draft			CheckM2 v1.0.1 (this study)	100	0.54	100
spire_mag_02297337.fa	spire_mag_02297337	SPIRE MAG	MAG / uncultured	Mycobacterium sp964000695	RGM (large-genome)	6.007	67.82	92.49	11.8	present	present	absent	high salinity	96.33	3.55	aquatic	not applicable (MAG)	not applicable (MAG)	MAG	92.49	544	draft			CheckM2 v1.0.1 (this study)	96.39	3.52	96.39
spire_mag_02297276.fa	spire_mag_02297276	SPIRE MAG	MAG / uncultured	Mycobacterium sp964000695	RGM (large-genome)	5.902	67.74	92.34	11.79	present	present	absent	high salinity	96.28	3.8	aquatic	not applicable (MAG)	not applicable (MAG)	MAG	92.34	699	draft			CheckM2 v1.0.1 (this study)	96.25	3.8	96.25
spire_mag_02293116.fa	spire_mag_02293116	SPIRE MAG	MAG / uncultured	Mycobacterium sp964000695	RGM (large-genome)	6.035	67.71	92.03	11.74	present	present	absent	high salinity	90.84	3.98	aquatic	not applicable (MAG)	not applicable (MAG)	MAG	92.03	661	draft			CheckM2 v1.0.1 (this study)	90.9	3.81	90.9
spire_mag_02296298.fa	spire_mag_02296298	SPIRE MAG	MAG / uncultured	Mycobacterium sp964000695	RGM (large-genome)	5.918	67.86	92.41	11.75	present	present	absent	high salinity	95.03	1.36	aquatic	not applicable (MAG)	not applicable (MAG)	MAG	92.41	614	draft			CheckM2 v1.0.1 (this study)	95.01	1.17	95.01
spire_mag_02299568.fa	spire_mag_02299568	SPIRE MAG	MAG / uncultured	Mycobacterium sp964000695	RGM (large-genome)	5.781	67.96	92.56	11.79	present	present	absent	high salinity	94.2	1.01	aquatic	not applicable (MAG)	not applicable (MAG)	MAG	92.56	650	draft			CheckM2 v1.0.1 (this study)	94.11	0.99	94.11
RS_GCF_019710635.1	GCF_019710635.1	GTDB reference	Cultured isolate	Mycobacterium xanthum	RGM (large-genome)	5.553	68.66	89.2	11.87	present	absent	absent					Mycolicibacterium xanthum	Mycolicibacterium	non_pathogen	91.12	152	draft	98.87	0.57	complete by definition (isolate)			100
GB_GCA_025965815.1	GCA_025965815.1	GTDB reference	MAG / uncultured	Mycobacterium sp025965815	RGM (large-genome)	5.662	66.62	89.01	11.27	present	absent	absent					Mycobacterium sp.	not validly named	non_pathogen	89.08	877	draft	75.93	2.95	CheckM2 v1.0.1 (this study)	81.76	3.25	81.76
GB_GCA_001665235.1	GCA_001665235.1	GTDB reference	MAG / uncultured	Mycobacterium sp001665235	SGM	5.67	66.34	89.44	11.45	present	absent	absent					Mycobacterium sp. 1100029.7	not validly named	non_pathogen	92.16	85	draft	98.63	2.33	CheckM2 v1.0.1 (this study)	100	0.09	100
RS_GCF_002102355.1	GCF_002102355.1	GTDB reference	Cultured isolate	Mycobacterium sherrisii	SGM	5.562	67.02	89.08	11.21	present	absent	absent					Mycobacterium sherrisii	Mycobacterium	non_pathogen	91.4	128	draft	99.72	1.69	complete by definition (isolate)			100
RS_GCF_010727605.1	GCF_010727605.1	GTDB reference	NTM (isolate)	Mycobacterium simiae	SGM	5.789	66.22	89.42	11.22	present	absent	absent					Mycobacterium simiae	Mycobacterium	opportunistic_pathogen	91.37	1	closed	99.04	1.78	complete by definition (isolate)			100
RS_GCF_902168065.1	GCF_902168065.1	GTDB reference	Cultured isolate	Mycobacterium tilburgii	SGM	3.239	66.27	59.81	11.15	present	absent	absent					Mycobacterium tilburgii	Mycobacterium	non_pathogen	82.41	102	draft	85.42	4.33	complete by definition (isolate)			100
RS_GCF_000526915.1	GCF_000526915.1	GTDB reference	NTM (isolate)	Mycobacterium genavense	SGM	4.936	66.92	68.03	11.25	present	absent	absent					Mycobacterium genavense ATCC 51234	Mycobacterium	opportunistic_pathogen	88.72	25	draft	96.02	0.62	complete by definition (isolate)			100
RS_GCF_000689255.1	GCF_000689255.1	GTDB reference	NTM (isolate)	Mycobacterium triplex	SGM	6.383	66.6	90.07	11.38	present	absent	absent					Mycobacterium triplex	Mycobacterium	opportunistic_pathogen	92.15	4	draft	98.29	0.56	complete by definition (isolate)			100
RS_GCF_022374895.2	GCF_022374895.2	GTDB reference	NTM (isolate)	Mycobacterium lentiflavum	SGM	6.164	65.94	89.47	11.36	absent	absent	absent					Mycobacterium lentiflavum	Mycobacterium	opportunistic_pathogen	91.04	4	draft	99.05	0.56	complete by definition (isolate)			100
RS_GCF_036409155.1	GCF_036409155.1	GTDB reference	MAG / uncultured	Mycobacterium sp036409155	SGM	6.734	65.88	89.11	11.39	absent	absent	absent					Mycobacterium sp. 050128	not validly named	non_pathogen	90.85	52	draft	99.1	1.92	CheckM2 v1.0.1 (this study)	100	0.63	100
RS_GCF_039023525.1	GCF_039023525.1	GTDB reference	MAG / uncultured	Mycobacterium sp039023525	SGM	6.664	66.03	89.4	11.36	present	absent	absent					Mycobacterium sp. 050272	not validly named	non_pathogen	91.17	72	draft	98.41	2.44	CheckM2 v1.0.1 (this study)	100	0.65	100
RS_GCF_900176255.2	GCF_900176255.2	GTDB reference	Cultured isolate	Mycobacterium ahvazicum	SGM	6.121	66.24	88.71	11.39	present	absent	absent					Mycobacterium ahvazicum	Mycobacterium	non_pathogen	92.03	9	draft	99.06	1.97	complete by definition (isolate)			100
RS_GCF_041287235.1	GCF_041287235.1	GTDB reference	MAG / uncultured	Mycobacterium sp041287235	SGM	5.943	66.14	90.97	11.35	absent	absent	absent					Mycobacterium sp. pR1184	not validly named	non_pathogen	92.17	47	draft	98.98	1.36	CheckM2 v1.0.1 (this study)	100	0.18	100
RS_GCF_010731715.1	GCF_010731715.1	GTDB reference	Cultured isolate	Mycobacterium stomatepiae	SGM	6.211	65.96	82.06	11.35	present	absent	absent					Mycobacterium stomatepiae	Mycobacterium	non_pathogen	90.94	1	closed	98.04	2.01	complete by definition (isolate)			100
RS_GCF_010730355.1	GCF_010730355.1	GTDB reference	NTM (isolate)	Mycobacterium florentinum	SGM	6.22	66.38	90.35	11.39	present	absent	absent					Mycobacterium florentinum	Mycobacterium	opportunistic_pathogen	92.15	1	closed	98.65	1.33	complete by definition (isolate)			100
RS_GCF_026625985.1	GCF_026625985.1	GTDB reference	MAG / uncultured	Mycobacterium sp026625985	SGM	6.003	66	90.85	11.43	present	absent	absent					Mycobacterium sp. Aquia_213	not validly named	non_pathogen	91.98	1	closed	99.04	1.75	complete by definition (closed)			100
RS_GCF_026723865.1	GCF_026723865.1	GTDB reference	MAG / uncultured	Mycobacterium sp026723865	SGM	6.179	65.67	89.74	11.33	present	absent	absent					Mycobacterium sp. Aquia_216	not validly named	non_pathogen	90.94	2	draft	98.65	0.89	CheckM2 v1.0.1 (this study)	100	0.1	100
RS_GCF_025823255.1	GCF_025823255.1	GTDB reference	Cultured isolate	Mycobacterium montefiorense	SGM	5.633	65.22	86.35	11.28	present	absent	absent					Mycobacterium montefiorense	Mycobacterium	non_pathogen	91.68	18	draft	98.25	1.11	complete by definition (isolate)			100
GB_GCA_035996225.1	GCA_035996225.1	GTDB reference	MAG / uncultured	Mycobacterium sp035996225	SGM	5.548	65.51	89.44	11.34	absent	absent	absent					Mycobacterium sp.	not validly named	non_pathogen	91.26	453	draft			CheckM2 v1.0.1 (this study)	99.99	3.61	99.99
RS_GCF_002356315.1	GCF_002356315.1	GTDB reference	Cultured isolate	Mycobacterium shigaense	SGM	5.233	67.26	88.41	11.3	present	absent	absent					Mycobacterium shigaense	Mycobacterium	non_pathogen	91.41	1	closed	98.84	0.99	complete by definition (isolate)			100
RS_GCF_900157375.1	GCF_900157375.1	GTDB reference	Cultured isolate	Mycobacterium rhizamassiliense	SGM	6.015	67.22	90.11	11.6	present	absent	absent					Mycobacterium rhizamassiliense	Mycobacterium	non_pathogen	91.79	1	closed	99.45	0.71	complete by definition (isolate)			100
RS_GCF_900157365.1	GCF_900157365.1	GTDB reference	Cultured isolate	Mycobacterium numidiamassiliense	SGM	6.249	65.85	87.19	11.48	absent	absent	absent					Mycobacterium numidiamassiliense	Mycobacterium	non_pathogen	91.08	4	draft	98.41	4.73	complete by definition (isolate)			100
GB_GCA_035472875.1	GCA_035472875.1	GTDB reference	MAG / uncultured	Mycobacterium sp035472875	SGM	3.503	65.73	87.94	11.26	absent	absent	absent					Mycobacterium sp.	not validly named	non_pathogen	91.74	618	draft	72.94	2.58	CheckM2 v1.0.1 (this study)	67.28	1.02	67.28
GB_GCA_035511785.1	GCA_035511785.1	GTDB reference	MAG / uncultured	Mycobacterium sp035511785	SGM	4.509	65.95	87.26	11.44	absent	absent	absent					Mycobacterium sp.	not validly named	non_pathogen	90.09	503	draft	80.33	3.22	CheckM2 v1.0.1 (this study)	83.82	5.82	83.82
GB_GCA_036495965.1	GCA_036495965.1	GTDB reference	MAG / uncultured	Mycobacterium sp036495965	SGM	5.152	64.82	86.14	11.36	absent	absent	absent					Mycobacterium sp.	not validly named	non_pathogen	89.42	501	draft	85.06	2.81	CheckM2 v1.0.1 (this study)	87.42	1.6	87.42
GB_GCA_035552295.1	GCA_035552295.1	GTDB reference	MAG / uncultured	Mycobacterium sp035552295	SGM	4.192	65.56	89.55	11.46	absent	absent	absent					Mycobacterium sp.	not validly named	non_pathogen	91.55	355	draft	83.44	6.8	CheckM2 v1.0.1 (this study)	83.03	3.37	83.03
RS_GCF_001954195.1	GCF_001954195.1	GTDB reference	MAG / uncultured	Mycobacterium sp001954195	SGM	4.923	67.28	91.08	11.48	absent	absent	absent					Mycobacterium sp. IS-1264	not validly named	non_pathogen	93.29	101	draft	98.68	0.22	CheckM2 v1.0.1 (this study)	100	0.03	100
RS_GCF_001954275.1	GCF_001954275.1	GTDB reference	MAG / uncultured	Mycobacterium sp001954275	SGM	5.0	67.22	91.88	11.48	absent	absent	absent					Mycobacterium sp. IS-836	not validly named	non_pathogen	93.13	94	draft	97.99	0.12	CheckM2 v1.0.1 (this study)	100	0.03	100
RS_GCF_035616495.1	GCF_035616495.1	GTDB reference	MAG / uncultured	Mycobacterium sp035616495	SGM	5.198	68.61	91.43	11.43	absent	absent	absent					Mycobacterium sp. 663a-19	not validly named	non_pathogen	92.47	58	draft	98.76	0.08	CheckM2 v1.0.1 (this study)	100	0.16	100
GB_GCA_003165155.1	GCA_003165155.1	GTDB reference	MAG / uncultured	Mycobacterium sp003165155	SGM	5.258	64.95	89.58	11.15	absent	absent	absent					Mycobacterium sp.	not validly named	non_pathogen	89.98	341	draft	82.02	3.31	CheckM2 v1.0.1 (this study)	89.64	0.63	89.64
spire_mag_01677777.fa	spire_mag_01677777	SPIRE MAG	MAG / uncultured	Mycobacterium sp003165155	SGM	5.46	64.92	90.53	11.21	absent	absent	absent		99.81	1.69	aquatic	not applicable (MAG)	not applicable (MAG)	MAG	90.53	488	draft			CheckM2 v1.0.1 (this study)	99.37	1.64	99.37
spire_mag_01678249.fa	spire_mag_01678249	SPIRE MAG	MAG / uncultured	Mycobacterium sp003165155	SGM	5.341	64.94	90.63	11.22	absent	absent	absent		100.0	1.42	aquatic	not applicable (MAG)	not applicable (MAG)	MAG	90.63	348	draft			CheckM2 v1.0.1 (this study)	100	1.41	100
spire_mag_01678280.fa	spire_mag_01678280	SPIRE MAG	MAG / uncultured	Mycobacterium sp003165155	SGM	5.478	64.91	90.61	11.22	absent	absent	absent		94.69	2.67	aquatic	not applicable (MAG)	not applicable (MAG)	MAG	90.61	567	draft			CheckM2 v1.0.1 (this study)	94.02	2.61	94.02
spire_mag_01679848.fa	spire_mag_01679848	SPIRE MAG	MAG / uncultured	Mycobacterium sp003165155	SGM	5.408	64.91	90.46	11.24	absent	absent	absent		100.0	0.57	aquatic	not applicable (MAG)	not applicable (MAG)	MAG	90.46	257	draft			CheckM2 v1.0.1 (this study)	100	0.58	100
spire_mag_01681850.fa	spire_mag_01681850	SPIRE MAG	MAG / uncultured	Mycobacterium sp003165155	SGM	5.631	64.8	90.27	11.25	absent	absent	absent		99.69	2.94	aquatic	not applicable (MAG)	not applicable (MAG)	MAG	90.27	420	draft			CheckM2 v1.0.1 (this study)	99.53	2.92	99.53
spire_mag_01682807.fa	spire_mag_01682807	SPIRE MAG	MAG / uncultured	Mycobacterium sp003165155	SGM	5.091	65.04	91.01	11.24	absent	absent	absent		99.4	0.65	aquatic	not applicable (MAG)	not applicable (MAG)	MAG	91.01	431	draft			CheckM2 v1.0.1 (this study)	99.17	0.64	99.17
spire_mag_01680964.fa	spire_mag_01680964	SPIRE MAG	MAG / uncultured	Mycobacterium sp003165155	SGM	5.44	64.94	90.61	11.23	absent	absent	absent		100.0	1.3	aquatic	not applicable (MAG)	not applicable (MAG)	MAG	90.61	250	draft			CheckM2 v1.0.1 (this study)	99.99	1.32	99.99
spire_mag_01681793.fa	spire_mag_01681793	SPIRE MAG	MAG / uncultured	Mycobacterium sp003165155	SGM	5.174	64.96	90.7	11.26	absent	absent	absent		99.97	2.5	aquatic	not applicable (MAG)	not applicable (MAG)	MAG	90.7	524	draft			CheckM2 v1.0.1 (this study)	99.96	2.51	99.96
spire_mag_01682165.fa	spire_mag_01682165	SPIRE MAG	MAG / uncultured	Mycobacterium sp003165155	SGM	5.462	64.95	90.57	11.2	absent	absent	absent		99.97	4.04	aquatic	not applicable (MAG)	not applicable (MAG)	MAG	90.57	431	draft			CheckM2 v1.0.1 (this study)	99.93	4.06	99.93
spire_mag_01168185.fa	spire_mag_01168185	SPIRE MAG	MAG / uncultured	novel sp.	SGM	6.556	64.58	87.87	11.19	absent	absent	absent		96.36	2.08	terrestrial	not applicable (MAG)	not applicable (MAG)	MAG	87.87	331	draft			CheckM2 v1.0.1 (this study)	95.32	2.02	95.32
spire_mag_01603410.fa	spire_mag_01603410	SPIRE MAG	MAG / uncultured	novel sp.	SGM	6.52	64.55	87.91	11.18	absent	absent	absent		99.72	2.2	terrestrial	not applicable (MAG)	not applicable (MAG)	MAG	87.91	315	draft			CheckM2 v1.0.1 (this study)	99.47	2.05	99.47
spire_mag_02370601.fa	spire_mag_02370601	SPIRE MAG	MAG / uncultured	novel sp.	SGM	6.346	64.59	88.16	11.24	absent	absent	absent		99.42	0.54	terrestrial	not applicable (MAG)	not applicable (MAG)	MAG	88.16	652	draft			CheckM2 v1.0.1 (this study)	98.94	0.52	98.94
spire_mag_01825260.fa	spire_mag_01825260	SPIRE MAG	MAG / uncultured	novel sp.	SGM	5.341	65.09	89.79	11.11	present	absent	absent		99.98	3.28	anthropogenic	not applicable (MAG)	not applicable (MAG)	MAG	89.79	199	draft			CheckM2 v1.0.1 (this study)	99.96	3.41	99.96
GB_GCA_021654635.1	GCA_021654635.1	GTDB reference	Cultured isolate	Mycobacterium kiyosense	SGM	6.346	67.08	89.95	11.06	absent	absent	absent					Mycobacterium kiyosense	Mycobacterium	non_pathogen	89.6	1	closed	85.34	0.83	complete by definition (isolate)			100
RS_GCF_013466425.1	GCF_013466425.1	GTDB reference	Cultured isolate	Mycobacterium vicinigordonae	SGM	6.267	65.35	90.52	11.07	absent	absent	absent					Mycobacterium vicinigordonae	Mycobacterium	non_pathogen	92.14	1	closed	98.7	1.01	complete by definition (isolate)			100
GB_GCA_022841565.1	GCA_022841565.1	GTDB reference	MAG / uncultured	Mycobacterium sp022841565	SGM	6.084	65.67	90.42	10.76	absent	absent	present					Mycobacterium sp.	not validly named	non_pathogen	90.53	697	draft			CheckM2 v1.0.1 (this study)	99.94	2.29	99.94
RS_GCF_002101675.1	GCF_002101675.1	GTDB reference	NTM (isolate)	Mycobacterium gordonae	SGM	7.602	66.59	87.98	10.82	absent	absent	absent					Mycobacterium gordonae	Mycobacterium	opportunistic_pathogen	91.12	260	draft	99.29	2.91	complete by definition (isolate)			100
spire_mag_02394504.fa	spire_mag_02394504	SPIRE MAG	MAG / uncultured	Mycobacterium gordonae	SGM	5.939	66.45	91.42	11.09	absent	absent	absent		93.78	0.31	host-associated	not applicable (MAG)	not applicable (MAG)	MAG	91.42	764	draft			CheckM2 v1.0.1 (this study)	93.72	0.32	93.72
RS_GCF_017086405.1	GCF_017086405.1	GTDB reference	Cultured isolate	Mycobacterium gordonae_D	SGM	7.32	66.67	86.19	10.44	absent	absent	absent					Mycobacterium camsae	Mycobacterium	non_pathogen	90.54	2	draft	98.78	1.26	complete by definition (isolate)			100
RS_GCF_003614435.1	GCF_003614435.1	GTDB reference	Cultured isolate	Mycobacterium paragordonae	SGM	7.224	66.89	90.3	10.91	present	absent	absent					Mycobacterium paragordonae	Mycobacterium	non_pathogen	92.07	5	draft	98.89	1.14	complete by definition (isolate)			100
spire_mag_01733412.fa	spire_mag_01733412	SPIRE MAG	MAG / uncultured	Mycobacterium paragordonae	SGM	6.588	66.9	92.73	11.04	present	absent	absent		99.99	1.73	anthropogenic	not applicable (MAG)	not applicable (MAG)	MAG	92.73	69	draft			CheckM2 v1.0.1 (this study)	100	1.65	100
spire_mag_01882615.fa	spire_mag_01882615	SPIRE MAG	MAG / uncultured	Mycobacterium paragordonae	SGM	7.248	66.48	91.12	11.1	present	absent	absent	low salinity	99.98	0.89	aquatic	not applicable (MAG)	not applicable (MAG)	MAG	91.12	294	draft			CheckM2 v1.0.1 (this study)	99.99	0.76	99.99
RS_GCF_031583025.1	GCF_031583025.1	GTDB reference	Cultured isolate	Mycobacterium gordonae_B	SGM	6.791	67.27	88.91	10.86	absent	absent	absent					Mycobacterium pumcae	Mycobacterium	non_pathogen	92.54	1	closed			complete by definition (isolate)			100
RS_GCF_030755175.1	GCF_030755175.1	GTDB reference	MAG / uncultured	Mycobacterium sp003987775	SGM	6.899	67.14	89.99	10.66	absent	absent	absent					Mycobacterium sp. TY814	not validly named	non_pathogen	92.58	9	draft	99.3	1.01	CheckM2 v1.0.1 (this study)	100	0.47	100
GB_GCA_032162485.1	GCA_032162485.1	GTDB reference	MAG / uncultured	Mycobacterium sp032162485	SGM	4.305	65.06	91.63	11.35	absent	absent	absent					Mycobacterium sp.	not validly named	non_pathogen	91.9	896	draft	74.36	4.08	CheckM2 v1.0.1 (this study)	75.35	2.81	75.35
GB_GCA_032162865.1	GCA_032162865.1	GTDB reference	MAG / uncultured	Mycobacterium sp032162865	SGM	4.75	65.05	91.66	11.45	absent	absent	absent					Mycobacterium sp.	not validly named	non_pathogen	92	610	draft			CheckM2 v1.0.1 (this study)	83.5	1.39	83.5
RS_GCF_000613245.1	GCF_000613245.1	GTDB reference	NTM (isolate)	Mycobacterium asiaticum	SGM	5.939	66.31	87.6	11.32	absent	absent	absent					Mycobacterium asiaticum DSM 44297	Mycobacterium	opportunistic_pathogen	92.9	10	draft	95.58	0.77	complete by definition (isolate)			100
RS_GCF_001668675.1	GCF_001668675.1	GTDB reference	Cultured isolate	Mycobacterium asiaticum_D	SGM	6.035	66.82	89.72	11.21	absent	absent	absent					Mycobacterium asiaticum	Mycobacterium	non_pathogen	92.82	337	draft	98.41	1.39	complete by definition (isolate)			100
RS_GCF_001673635.1	GCF_001673635.1	GTDB reference	Cultured isolate	Mycobacterium asiaticum_C	SGM	5.773	66.71	91.32	11.22	absent	absent	absent					Mycobacterium asiaticum	Mycobacterium	non_pathogen	93.04	86	draft	99.16	0.67	complete by definition (isolate)			100
RS_GCF_001673315.1	GCF_001673315.1	GTDB reference	Cultured isolate	Mycobacterium asiaticum_B	SGM	5.432	65.48	89.61	11.29	absent	absent	absent					Mycobacterium asiaticum	Mycobacterium	non_pathogen	92.27	154	draft	98.59	0.17	complete by definition (isolate)			100
RS_GCF_001673365.1	GCF_001673365.1	GTDB reference	Cultured isolate	Mycobacterium asiaticum_A	SGM	5.888	65.3	89.54	11.16	absent	absent	absent					Mycobacterium asiaticum	Mycobacterium	non_pathogen	92.51	226	draft	97.44	0.53	complete by definition (isolate)			100
spire_mag_00709072.fa	spire_mag_00709072	SPIRE MAG	MAG / uncultured	novel sp.	SGM	3.132	64.98	91.66	11.07	absent	absent	absent		95.02	0.5		not applicable (MAG)	not applicable (MAG)	MAG	91.66	309	draft			CheckM2 v1.0.1 (this study)	95.12	0.51	95.12
spire_mag_00709178.fa	spire_mag_00709178	SPIRE MAG	MAG / uncultured	novel sp.	SGM	3.215	64.13	91.7	11.06	absent	absent	absent		93.31	0.89		not applicable (MAG)	not applicable (MAG)	MAG	91.7	221	draft			CheckM2 v1.0.1 (this study)	93.14	0.89	93.14
spire_mag_00709327.fa	spire_mag_00709327	SPIRE MAG	MAG / uncultured	novel sp.	SGM	3.327	63.97	91.4	11.05	absent	absent	absent		92.22	0.12		not applicable (MAG)	not applicable (MAG)	MAG	91.4	172	draft			CheckM2 v1.0.1 (this study)	93.61	0.12	93.61
spire_mag_00709154.fa	spire_mag_00709154	SPIRE MAG	MAG / uncultured	novel sp.	SGM	4.866	66.21	92.11	11.13	absent	absent	absent		99.82	0.23		not applicable (MAG)	not applicable (MAG)	MAG	92.11	63	draft			CheckM2 v1.0.1 (this study)	99.9	0.2	99.9
spire_mag_00709551.fa	spire_mag_00709551	SPIRE MAG	MAG / uncultured	novel sp.	SGM	4.894	66.24	92.2	11.15	absent	absent	absent		99.98	0.26		not applicable (MAG)	not applicable (MAG)	MAG	92.2	65	draft			CheckM2 v1.0.1 (this study)	99.99	0.22	99.99
spire_mag_00709385.fa	spire_mag_00709385	SPIRE MAG	MAG / uncultured	novel sp.	SGM	3.997	66.36	92.22	11.2	absent	absent	absent		93.07	0.46		not applicable (MAG)	not applicable (MAG)	MAG	92.22	260	draft			CheckM2 v1.0.1 (this study)	93.5	0.44	93.5
RS_GCF_002086275.1	GCF_002086275.1	GTDB reference	Cultured isolate	Mycobacterium intermedium	SGM	6.818	65.78	88.46	11.14	absent	absent	absent					Mycobacterium intermedium	Mycobacterium	non_pathogen	91.81	384	draft	98.54	1.83	complete by definition (isolate)			100
RS_GCF_010723575.1	GCF_010723575.1	GTDB reference	Cultured isolate	Mycobacterium bourgelatii	SGM	6.913	65.73	87.03	11.08	absent	absent	absent					Mycobacterium bourgelatii	Mycobacterium	non_pathogen	91.41	2	draft	98.36	0.85	complete by definition (isolate)			100
RS_GCF_001673155.1	GCF_001673155.1	GTDB reference	MAG / uncultured	Mycobacterium sp001673155	SGM	5.352	66.23	89.01	11.12	absent	absent	absent					Mycobacterium sp. 1423905.2	not validly named	non_pathogen	92.54	369	draft	97.24	2.48	CheckM2 v1.0.1 (this study)	100	2.73	100
RS_GCF_015689175.1	GCF_015689175.1	GTDB reference	Cultured isolate	Mycobacterium kubicae	SGM	6.017	66.01	86.02	11.2	absent	absent	absent					Mycobacterium kubicae	Mycobacterium	non_pathogen	91.42	3	draft	97.66	0.67	complete by definition (isolate)			100
RS_GCF_002116635.1	GCF_002116635.1	GTDB reference	NTM (isolate)	Mycobacterium szulgai	SGM	6.673	65.85	89.29	10.57	present	absent	absent					Mycobacterium szulgai	Mycobacterium	opportunistic_pathogen	92.47	178	draft	99.08	0.78	complete by definition (isolate)			100
RS_GCF_025822405.1	GCF_025822405.1	GTDB reference	Cultured isolate	Mycobacterium angelicum	SGM	6.674	66.36	87.77	10.57	present	absent	absent					Mycobacterium angelicum	Mycobacterium	non_pathogen	92.63	65	draft	98.91	0.5	complete by definition (isolate)			100
RS_GCF_900232995.1	GCF_900232995.1	GTDB reference	Cultured isolate	Mycobacterium simulans	SGM	6.192	64.66	85.5	10.84	present	absent	absent					Mycobacterium simulans	Mycobacterium	non_pathogen	91.26	105	draft	98.81	0.47	complete by definition (isolate)			100
RS_GCF_963853645.1	GCF_963853645.1	GTDB reference	NTM (isolate)	Mycobacterium riyadhense	SGM	6.635	65.55	84.27	10.37	present	absent	absent					Mycobacterium riyadhense	Mycobacterium	opportunistic_pathogen	90.74	3	draft	99.04	1.08	complete by definition (isolate)			100
RS_GCF_000157895.3	GCF_000157895.3	GTDB reference	NTM (isolate)	Mycobacterium kansasii	SGM	6.577	66.23	86.41	10.66	present	absent	absent					Mycobacterium kansasii ATCC 12478	Mycobacterium	opportunistic_pathogen	89.53	2	draft	99.26	0.88	complete by definition (isolate)			100
RS_GCF_900566085.1	GCF_900566085.1	GTDB reference	Cultured isolate	Mycobacterium attenuatum	SGM	6.528	65.79	84.48	10.71	present	absent	absent					Mycobacterium attenuatum	Mycobacterium	non_pathogen	88.86	230	draft	99.19	1.45	complete by definition (isolate)			100
RS_GCF_900566075.1	GCF_900566075.1	GTDB reference	Cultured isolate	Mycobacterium pseudokansasii	SGM	6.426	66.21	83.31	10.69	present	absent	absent					Mycobacterium pseudokansasii	Mycobacterium	non_pathogen	88.67	2	draft	99.49	0.57	complete by definition (isolate)			100
RS_GCF_002086675.1	GCF_002086675.1	GTDB reference	Cultured isolate	Mycobacterium persicum	SGM	6.172	66.2	84.83	10.81	present	absent	absent					Mycobacterium persicum	Mycobacterium	non_pathogen	89.06	387	draft	99.16	0.5	complete by definition (isolate)			100
RS_GCF_900566055.1	GCF_900566055.1	GTDB reference	Cultured isolate	Mycobacterium innocens	SGM	6.187	66.1	82.81	10.89	present	absent	absent					Mycobacterium innocens	Mycobacterium	non_pathogen	88.48	361	draft	98.65	0.58	complete by definition (isolate)			100
RS_GCF_002102175.1	GCF_002102175.1	GTDB reference	Cultured isolate	Mycobacterium gastri	SGM	5.817	66.2	84.84	10.77	present	absent	absent					Mycobacterium gastri	Mycobacterium	non_pathogen	89.06	154	draft	98.94	0.35	complete by definition (isolate)			100
RS_GCF_002705925.1	GCF_002705925.1	GTDB reference	Cultured isolate	Mycobacterium ostraviense	SGM	6.101	66.19	82.84	10.84	present	absent	absent					Mycobacterium ostraviense	Mycobacterium	non_pathogen	88.56	200	draft	98.78	0.85	complete by definition (isolate)			100
RS_GCF_008370645.1	GCF_008370645.1	GTDB reference	Cultured isolate	Mycobacterium simiae_A	SGM	5.729	64.76	83.46	10.54	present	absent	absent					Mycobacterium simiae	Mycobacterium	non_pathogen	88.98	709	draft	98.01	0.51	complete by definition (isolate)			100
RS_GCF_003391395.1	GCF_003391395.1	GTDB reference	NTM (isolate)	Mycobacterium marinum	SGM	6.453	65.72	87.75	10.63	present	absent	absent					Mycobacterium marinum	Mycobacterium	opportunistic_pathogen	90.38	1	closed	97.19	1.58	complete by definition (isolate)			100
RS_GCF_900292015.1	GCF_900292015.1	GTDB reference	Cultured isolate	Mycobacterium basiliense	SGM	5.608	65.02	88.21	10.61	present	absent	absent					Mycobacterium basiliense	Mycobacterium	non_pathogen	90.77	1	closed	98.74	0.62	complete by definition (isolate)			100
RS_GCF_000195955.2	GCF_000195955.2	GTDB reference	Pathogen (isolate)	Mycobacterium tuberculosis	SGM	4.412	65.61	89.72	10.51	present	absent	absent					Mycobacterium tuberculosis H37Rv	Mycobacterium	obligate_pathogen	90.65	1	closed	97.78	0.37	complete by definition (isolate)			100
RS_GCF_963853665.1	GCF_963853665.1	GTDB reference	Pathogen (isolate)	Mycobacterium decipiens	SGM	5.303	65.54	87.25	10.87	present	absent	absent					Mycobacterium decipiens	Mycobacterium	obligate_pathogen	90.95	1	closed	96.96	0.86	complete by definition (isolate)			100
RS_GCF_018278905.1	GCF_018278905.1	GTDB reference	Cultured isolate	Mycobacterium spongiae	SGM	5.581	65.56	87.67	10.51	present	absent	absent					Mycobacterium spongiae	Mycobacterium	non_pathogen	90.94	1	closed	98.09	0.39	complete by definition (isolate)			100
spire_mag_02683911.fa	spire_mag_02683911	SPIRE MAG	MAG / uncultured	novel sp.	SGM	4.066	62.37	89.27	10.94	present	absent	absent		90.65	0.31	host-associated	not applicable (MAG)	not applicable (MAG)	MAG	89.27	352	draft			CheckM2 v1.0.1 (this study)	90.41	0.32	90.41
spire_mag_02882770.fa	spire_mag_02882770	SPIRE MAG	MAG / uncultured	novel sp.	SGM	4.166	62.32	89.39	10.94	present	absent	absent		92.82	0.04	host-associated	not applicable (MAG)	not applicable (MAG)	MAG	89.39	300	draft			CheckM2 v1.0.1 (this study)	92.95	0.05	92.95
spire_mag_02837879.fa	spire_mag_02837879	SPIRE MAG	MAG / uncultured	novel sp.	SGM	4.163	62.22	89.16	10.96	present	absent	absent		95.64	0.21	host-associated	not applicable (MAG)	not applicable (MAG)	MAG	89.16	311	draft			CheckM2 v1.0.1 (this study)	95.08	0.23	95.08
RS_GCF_010730055.1	GCF_010730055.1	GTDB reference	Cultured isolate	Mycobacterium shinjukuense	SGM	4.504	67.79	84.47	10.56	absent	absent	absent					Mycobacterium shinjukuense	Mycobacterium	non_pathogen	90.02	1	closed	96.21	0.44	complete by definition (isolate)			100
RS_GCF_010731535.1	GCF_010731535.1	GTDB reference	Cultured isolate	Mycobacterium lacus	SGM	5.093	66.95	82.98	10.82	present	absent	absent					Mycobacterium lacus	Mycobacterium	non_pathogen	89.92	1	closed	97.48	0.59	complete by definition (isolate)			100
RS_GCF_000195855.1	GCF_000195855.1	GTDB reference	Pathogen (isolate)	Mycobacterium leprae	SGM	3.268	57.8	53.12	10.87	absent	absent	absent					Mycobacterium leprae TN	Mycobacterium	obligate_pathogen	68.96	1	closed	96.61	0.54	complete by definition (isolate)			100
RS_GCF_000975265.2	GCF_000975265.2	GTDB reference	Pathogen (isolate)	Mycobacterium lepromatosis	SGM	3.272	57.89	53.07	10.84	absent	absent	absent					Mycobacterium lepromatosis	Mycobacterium	obligate_pathogen	68.61	1	closed	85.46	0.33	complete by definition (isolate)			100
RS_GCF_003408705.1	GCF_003408705.1	GTDB reference	Cultured isolate	Mycobacterium uberis	SGM	3.123	57.49	60.31	10.85	absent	absent	absent					Mycobacterium uberis	Mycobacterium	non_pathogen	72.74	54	draft	86.21	0.07	complete by definition (isolate)			100
RS_GCF_000340435.2	GCF_000340435.2	GTDB reference	NTM (isolate)	Mycobacterium haemophilum	SGM	4.236	63.95	84.97	10.93	absent	absent	absent					Mycobacterium haemophilum DSM 44634	Mycobacterium	opportunistic_pathogen	89.11	1	closed	98.21	1.44	complete by definition (isolate)			100
GB_GCA_035569455.1	GCA_035569455.1	GTDB reference	MAG / uncultured	Mycobacterium sp035569455	SGM	4.861	65.48	88.92	11.29	absent	absent	absent					Mycobacterium sp.	not validly named	non_pathogen	90.93	402	draft	73.23	1.85	CheckM2 v1.0.1 (this study)	79.86	2.85	79.86
RS_GCF_010730195.1	GCF_010730195.1	GTDB reference	NTM (isolate)	Mycobacterium conspicuum	SGM	6.237	67.39	90.23	11.25	absent	absent	absent					Mycobacterium conspicuum	Mycobacterium	opportunistic_pathogen	92.65	1	closed	98.4	0.49	complete by definition (isolate)			100
RS_GCF_001665395.1	GCF_001665395.1	GTDB reference	MAG / uncultured	Mycobacterium sp001665395	SGM	5.606	65.57	89.64	11.5	absent	absent	absent					Mycobacterium sp. 1164966.3	not validly named	non_pathogen	91.66	71	draft	98.94	0.44	CheckM2 v1.0.1 (this study)	100	0.02	100
RS_GCF_001667115.1	GCF_001667115.1	GTDB reference	MAG / uncultured	Mycobacterium sp001667115	SGM	5.529	65.6	88.99	11.51	absent	absent	absent					Mycobacterium sp. 852002-51163_SCH5372311	not validly named	non_pathogen	91.31	210	draft	98.36	0.44	CheckM2 v1.0.1 (this study)	100	0	100
RS_GCF_035499775.1	GCF_035499775.1	GTDB reference	MAG / uncultured	Mycobacterium sp035499775	SGM	7.754	66.16	87.52	11.26	absent	absent	absent					Mycobacterium sp.	not validly named	non_pathogen	90.77	649	draft	96.37	3.88	CheckM2 v1.0.1 (this study)	100	3.76	100
RS_GCF_019247635.1	GCF_019247635.1	GTDB reference	MAG / uncultured	Mycobacterium sp019247635	SGM	4.676	66.34	89.3	11.22	absent	absent	absent					Mycobacterium sp.	not validly named	non_pathogen	91.6	130	draft	94.46	0.89	CheckM2 v1.0.1 (this study)	99.57	0.3	99.57
GB_GCA_001665295.1	GCA_001665295.1	GTDB reference	MAG / uncultured	Mycobacterium sp001665295	SGM	6.145	68.05	88.12	11.25	absent	absent	absent					Mycobacterium sp. 1554424.7	not validly named	non_pathogen	91.37	141	draft	98.71	2.58	CheckM2 v1.0.1 (this study)	100	0.31	100
RS_GCF_001673535.1	GCF_001673535.1	GTDB reference	MAG / uncultured	Mycobacterium sp001673535	SGM	5.614	68.85	90.87	11.25	absent	absent	absent					Mycobacterium sp. 1081908.1	not validly named	non_pathogen	92.73	160	draft	98.52	1.56	CheckM2 v1.0.1 (this study)	100	0	100
RS_GCF_000455205.1	GCF_000455205.1	GTDB reference	MAG / uncultured	Mycobacterium sp000455205	SGM	6.395	67.82	90.08	11.4	absent	absent	absent					Mycobacterium sp. UM_CSW	not validly named	non_pathogen	91.91	186	draft	97.92	2.66	CheckM2 v1.0.1 (this study)	100	0.34	100
RS_GCF_001672815.1	GCF_001672815.1	GTDB reference	MAG / uncultured	Mycobacterium sp001672815	SGM	6.531	67.78	89.35	11.31	absent	absent	absent					Mycobacterium sp. E796	not validly named	non_pathogen	91.95	380	draft	98.55	2.67	CheckM2 v1.0.1 (this study)	99.99	0.47	99.99
RS_GCF_001672915.1	GCF_001672915.1	GTDB reference	MAG / uncultured	Mycobacterium sp001672915	SGM	6.099	68.43	89.61	11.28	absent	absent	absent					Mycobacterium sp. 1245805.9	not validly named	non_pathogen	92.59	228	draft	98.65	1.35	CheckM2 v1.0.1 (this study)	100	0.78	100
RS_GCF_025965855.1	GCF_025965855.1	GTDB reference	MAG / uncultured	Mycobacterium sp025965855	SGM	6.151	66.86	85.57	11.4	absent	absent	absent					Mycobacterium sp.	not validly named	non_pathogen	89.43	362	draft	96.13	3.6	CheckM2 v1.0.1 (this study)	97.23	4.79	97.23
GB_GCA_002102225.1	GCA_002102225.1	GTDB reference	Cultured isolate	Mycobacterium interjectum_B	SGM	5.904	68.56	87.2	11.2	present	absent	absent					Mycobacterium interjectum	Mycobacterium	non_pathogen	91.76	103	draft			complete by definition (isolate)	100	0.19	100
RS_GCF_900078675.2	GCF_900078675.2	GTDB reference	NTM (isolate)	Mycobacterium interjectum	SGM	5.929	67.91	79.73	11.31	present	absent	absent					Mycobacterium interjectum	Mycobacterium	opportunistic_pathogen	90.25	30	draft	82.64	3.18	complete by definition (isolate)			100
RS_GCF_900157385.1	GCF_900157385.1	GTDB reference	Cultured isolate	Mycobacterium terramassiliense	SGM	6.03	68.39	87.39	11.24	present	absent	absent					Mycobacterium terramassiliense	Mycobacterium	non_pathogen	91.41	12	draft	98.27	5.9	complete by definition (isolate)			100
RS_GCF_001667185.1	GCF_001667185.1	GTDB reference	MAG / uncultured	Mycobacterium sp001667185	SGM	5.521	68.47	90.32	11.23	present	absent	absent					Mycobacterium sp. 852002-50816_SCH5313054-b	not validly named	non_pathogen	92.29	149	draft	98.73	1.57	CheckM2 v1.0.1 (this study)	100	0.03	100
RS_GCF_001667015.1	GCF_001667015.1	GTDB reference	MAG / uncultured	Mycobacterium sp001667015	SGM	5.806	68.85	90.41	11.26	present	absent	absent					Mycobacterium sp. E3198	not validly named	non_pathogen	92.59	269	draft	99.61	0.65	CheckM2 v1.0.1 (this study)	99.99	0.13	99.99
RS_GCF_002101815.1	GCF_002101815.1	GTDB reference	Cultured isolate	Mycobacterium paraense	SGM	5.62	69.26	91.69	11.24	present	absent	absent					Mycobacterium paraense	Mycobacterium	non_pathogen	92.82	51	draft	99.05	0.97	complete by definition (isolate)			100
RS_GCF_001668725.1	GCF_001668725.1	GTDB reference	MAG / uncultured	Mycobacterium sp001668725	SGM	5.725	68.93	90.38	11.25	present	absent	absent					Mycobacterium sp. E787	not validly named	non_pathogen	92.01	133	draft	98.67	2.25	CheckM2 v1.0.1 (this study)	100	0	100
RS_GCF_035506235.1	GCF_035506235.1	GTDB reference	MAG / uncultured	Mycobacterium sp035506235	SGM	6.087	67.89	87.43	11.3	absent	absent	absent					Mycobacterium sp.	not validly named	non_pathogen	90.39	322	draft	93.65	3.53	CheckM2 v1.0.1 (this study)	99.16	0.4	99.16
RS_GCF_002086635.1	GCF_002086635.1	GTDB reference	Cultured isolate	Mycobacterium alsense	SGM	5.693	69.3	90.13	11.22	present	absent	absent					Mycobacterium alsense	Mycobacterium	non_pathogen	92.13	157	draft	98.15	0.83	complete by definition (isolate)			100
RS_GCF_001667035.1	GCF_001667035.1	GTDB reference	MAG / uncultured	Mycobacterium sp001667035	SGM	5.738	67.52	88.51	11.29	absent	absent	absent					Mycobacterium sp. 852002-51057_SCH5723018	not validly named	non_pathogen	90.8	132	draft	97.98	1.59	CheckM2 v1.0.1 (this study)	100	0.01	100
RS_GCF_002101785.1	GCF_002101785.1	GTDB reference	Cultured isolate	Mycobacterium palustre	SGM	6.038	68.5	86.79	11.23	present	absent	absent					Mycobacterium palustre	Mycobacterium	non_pathogen	90.81	158	draft	98.54	3.39	complete by definition (isolate)			100
RS_GCF_019247615.1	GCF_019247615.1	GTDB reference	MAG / uncultured	Mycobacterium sp019247615	SGM	4.524	67.06	88.8	11.18	absent	absent	absent					Mycobacterium sp.	not validly named	non_pathogen	91.6	325	draft	94.22	1.11	CheckM2 v1.0.1 (this study)	94.82	1.6	94.82
GB_GCA_035693385.1	GCA_035693385.1	GTDB reference	MAG / uncultured	Mycobacterium sp035693385	SGM	3.464	67	89.45	11.18	absent	absent	absent					Mycobacterium sp.	not validly named	non_pathogen	91.12	389	draft	74.93	1.21	CheckM2 v1.0.1 (this study)	69.96	1.46	69.96
GB_GCA_031292665.1	GCA_031292665.1	GTDB reference	MAG / uncultured	Mycobacterium sp031292665	SGM	5.109	67.19	86.58	11.41	absent	absent	absent					Mycobacterium sp.	not validly named	non_pathogen	89.85	272	draft			CheckM2 v1.0.1 (this study)	99.98	2.31	99.98
GB_GCA_037140245.1	GCA_037140245.1	GTDB reference	MAG / uncultured	Mycobacterium sp037140245	SGM	3.582	67.75	90.92	11.03	absent	absent	present					Mycobacterium sp.	not validly named	non_pathogen	93.23	694	draft	83.09	6.31	CheckM2 v1.0.1 (this study)	87.13	7.32	87.13
GB_GCA_903927745.1	GCA_903927745.1	GTDB reference	MAG / uncultured	Mycobacterium sp903927745	SGM	3.445	68.36	93.64	11.07	absent	absent	present					uncultured Mycobacteriaceae bacterium	not validly named	non_pathogen	93.51	357	draft			CheckM2 v1.0.1 (this study)	93.29	0.12	93.29
RS_GCF_001053185.1	GCF_001053185.1	GTDB reference	NTM (isolate)	Mycobacterium bohemicum	SGM	5.097	68.81	84.16	11.41	present	absent	present					Mycobacterium bohemicum DSM 44277	Mycobacterium	opportunistic_pathogen	90.58	18	draft	87.82	0.83	complete by definition (isolate)			100
RS_GCF_010729105.1	GCF_010729105.1	GTDB reference	NTM (isolate)	Mycobacterium saskatchewanense	SGM	6.009	68.28	87.97	11.26	present	absent	absent					Mycobacterium saskatchewanense	Mycobacterium	opportunistic_pathogen	90.48	1	closed	99.59	1.97	complete by definition (isolate)			100
RS_GCF_036409085.1	GCF_036409085.1	GTDB reference	MAG / uncultured	Mycobacterium sp036409085	SGM	5.812	68.43	87.25	11.22	present	absent	absent					Mycobacterium sp. 050134	not validly named	non_pathogen	89.84	113	draft	99.76	3.46	CheckM2 v1.0.1 (this study)	100	0.69	100
RS_GCF_902652685.1	GCF_902652685.1	GTDB reference	MAG / uncultured	Mycobacterium sp902652685	SGM	5.704	69.33	90.03	11.36	absent	absent	present					Mycobacterium sp. Marseille-P9652	not validly named	non_pathogen	92.15	128	draft	98.22	0.58	CheckM2 v1.0.1 (this study)	100	0	100
GB_GCA_035505695.1	GCA_035505695.1	GTDB reference	MAG / uncultured	Mycobacterium sp035505695	SGM	5.759	65.66	81.99	11.27	absent	absent	present					Mycobacterium sp.	not validly named	non_pathogen	88.98	199	draft	98.91	3.36	CheckM2 v1.0.1 (this study)	99.99	1.34	99.99
spire_mag_01485026.fa	spire_mag_01485026	SPIRE MAG	MAG / uncultured	Mycobacterium sp035505695	SGM	5.638	65.73	88.89	11.16	absent	absent	present		97.69	3.98	anthropogenic	not applicable (MAG)	not applicable (MAG)	MAG	88.89	195	draft			CheckM2 v1.0.1 (this study)	96.98	4	96.98
GB_GCA_035716165.1	GCA_035716165.1	GTDB reference	MAG / uncultured	Mycobacterium sp035716165	SGM	4.059	67.23	90.99	11.45	absent	absent	absent					Mycobacterium sp.	not validly named	non_pathogen	92.06	876	draft			CheckM2 v1.0.1 (this study)	76.26	2.06	76.26
RS_GCF_001665875.1	GCF_001665875.1	GTDB reference	MAG / uncultured	Mycobacterium sp001665875	SGM	5.384	66.36	88.63	11.41	absent	absent	absent					Mycobacterium sp. 852002-40037_SCH5390672	not validly named	non_pathogen	90.56	141	draft	98.91	0.29	CheckM2 v1.0.1 (this study)	100	0.02	100
RS_GCF_002086125.1	GCF_002086125.1	GTDB reference	NTM (isolate)	Mycobacterium arosiense	SGM	5.98	66.83	87.26	11.32	absent	absent	absent					Mycobacterium arosiense ATCC BAA-1401 = DSM 45069	Mycobacterium	opportunistic_pathogen	89.84	465	draft	99.86	1.21	complete by definition (isolate)			100
RS_GCF_003284935.1	GCF_003284935.1	GTDB reference	Cultured isolate	Mycobacterium arosiense_A	SGM	5.474	67.69	88.74	11.46	absent	absent	absent					Mycobacterium colombiense	Mycobacterium	non_pathogen	90.89	146	draft	97.76	0.46	complete by definition (isolate)			100
RS_GCF_003284975.1	GCF_003284975.1	GTDB reference	Cultured isolate	Mycobacterium europaeum_A	SGM	5.427	67.64	89.59	11.47	absent	absent	absent					Mycobacterium colombiense	Mycobacterium	non_pathogen	91.5	216	draft	96.36	0.5	complete by definition (isolate)			100
GB_GCA_036273375.1	GCA_036273375.1	GTDB reference	MAG / uncultured	Mycobacterium sp036273375	SGM	5.081	66.52	89.23	11.41	absent	absent	absent					Mycobacterium sp.	not validly named	non_pathogen	90.48	290	draft			CheckM2 v1.0.1 (this study)	99.98	2.5	99.98
GB_GCA_036338755.1	GCA_036338755.1	GTDB reference	MAG / uncultured	Mycobacterium sp036338755	SGM	5.062	67.25	91.1	11.45	absent	absent	absent					Actinomycetota bacterium	not validly named	non_pathogen	92.08	41	draft			CheckM2 v1.0.1 (this study)	100	0.14	100
RS_GCF_001667145.1	GCF_001667145.1	GTDB reference	MAG / uncultured	Mycobacterium sp001667145	SGM	5.034	66.77	89.38	11.46	absent	absent	absent					Mycobacterium sp. 852002-51971_SCH5477799-a	not validly named	non_pathogen	91.51	129	draft	98.95	0.33	CheckM2 v1.0.1 (this study)	100	0.11	100
RS_GCF_001673555.1	GCF_001673555.1	GTDB reference	MAG / uncultured	Mycobacterium sp001673555	SGM	5.355	66.61	86.51	11.51	absent	absent	absent					Mycobacterium sp. 1165178.9	not validly named	non_pathogen	91.22	599	draft	96.01	2.98	CheckM2 v1.0.1 (this study)	100	4	100
RS_GCF_001667925.1	GCF_001667925.1	GTDB reference	MAG / uncultured	Mycobacterium sp001667925	SGM	5.673	66.06	88.71	11.5	absent	absent	absent					Mycobacterium sp. E2479	not validly named	non_pathogen	90.93	174	draft	99.54	1.44	CheckM2 v1.0.1 (this study)	100	0.28	100
RS_GCF_035617725.1	GCF_035617725.1	GTDB reference	MAG / uncultured	Mycobacterium sp035617725	SGM	5.569	67.58	90.04	11.39	absent	absent	absent					Mycobacterium sp. 94-17	not validly named	non_pathogen	91.53	121	draft	98.91	1.18	CheckM2 v1.0.1 (this study)	99.95	0.08	99.95
RS_GCF_001665835.1	GCF_001665835.1	GTDB reference	Cultured isolate	Mycobacterium colombiense_A	SGM	5.548	67.22	89.51	11.45	absent	absent	absent					Mycobacterium colombiense	Mycobacterium	non_pathogen	91.09	110	draft	98.68	0.58	complete by definition (isolate)			100
RS_GCF_001672755.1	GCF_001672755.1	GTDB reference	Cultured isolate	Mycobacterium colombiense_C	SGM	5.546	67.55	89.63	11.48	absent	absent	absent					Mycobacterium colombiense	Mycobacterium	non_pathogen	91.75	197	draft	98.74	1.18	complete by definition (isolate)			100
RS_GCF_002104765.1	GCF_002104765.1	GTDB reference	Cultured isolate	Mycobacterium vulneris	SGM	6.267	66.77	88.27	11.48	absent	absent	absent					Mycolicibacterium vulneris	Mycolicibacterium	non_pathogen	90.38	133	draft	99.21	2.76	complete by definition (isolate)			100
RS_GCF_002105755.1	GCF_002105755.1	GTDB reference	NTM (isolate)	Mycobacterium colombiense	SGM	5.582	68.09	84.86	11.45	present	absent	absent					Mycobacterium colombiense CECT 3035	Mycobacterium	opportunistic_pathogen	91.28	1	closed	93.72		complete by definition (isolate)			100
RS_GCF_001953985.1	GCF_001953985.1	GTDB reference	Cultured isolate	Mycobacterium colombiense_B	SGM	5.609	67.51	91.16	11.5	absent	absent	absent					Mycobacterium colombiense	Mycobacterium	non_pathogen	91.93	85	draft	99.09	0.78	complete by definition (isolate)			100
RS_GCF_019668465.1	GCF_019668465.1	GTDB reference	Cultured isolate	Mycobacterium senriense	SGM	5.831	67.08	89.63	11.55	absent	absent	absent					Mycobacterium senriense	Mycobacterium	non_pathogen	91.29	3	draft	98.68	2.44	complete by definition (isolate)			100
RS_GCF_001667865.1	GCF_001667865.1	GTDB reference	Cultured isolate	Mycobacterium mantenii_A	SGM	5.792	67.42	90.34	11.51	absent	absent	absent					Mycobacterium mantenii	Mycobacterium	non_pathogen	91.76	134	draft	99.01	0.55	complete by definition (isolate)			100
RS_GCF_010731775.1	GCF_010731775.1	GTDB reference	Cultured isolate	Mycobacterium mantenii	SGM	6.186	66.88	87.98	11.49	present	absent	absent					Mycobacterium mantenii	Mycobacterium	non_pathogen	90.9	1	closed	98.29	1.02	complete by definition (isolate)			100
RS_GCF_001672975.1	GCF_001672975.1	GTDB reference	MAG / uncultured	Mycobacterium sp001672975	SGM	5.922	65.87	87.06	11.4	absent	absent	absent					Mycobacterium sp. 1465703.0	not validly named	non_pathogen	90.7	297	draft	98.17	2.86	CheckM2 v1.0.1 (this study)	100	0.13	100
RS_GCF_000277125.1	GCF_000277125.1	GTDB reference	NTM (isolate)	Mycobacterium intracellulare	SGM	5.402	68.1	90.94	11.55	absent	absent	absent					Mycobacterium intracellulare ATCC 13950	Mycobacterium	opportunistic_pathogen	91.72	1	closed	97.69	0.98	complete by definition (isolate)			100
RS_GCF_010731675.1	GCF_010731675.1	GTDB reference	NTM (isolate)	Mycobacterium marseillense	SGM	5.506	67.71	89.83	11.47	absent	absent	absent					Mycobacterium marseillense	Mycobacterium	opportunistic_pathogen	91.41	2	draft	99.47	0.17	complete by definition (isolate)			100
RS_GCF_020217485.1	GCF_020217485.1	GTDB reference	MAG / uncultured	Mycobacterium sp020217485	SGM	5.951	67.37	88.6	11.4	absent	absent	absent					Mycobacterium sp. WUMAC-067	not validly named	non_pathogen	90.67	236	draft	98.96	0.17	CheckM2 v1.0.1 (this study)	99.99	0.39	99.99
RS_GCF_001667315.1	GCF_001667315.1	GTDB reference	MAG / uncultured	Mycobacterium sp001667315	SGM	5.255	67.27	90.29	11.51	absent	absent	absent					Mycobacterium sp. 852002-10029_SCH5224772	not validly named	non_pathogen	91.74	135	draft	99.64	0.33	CheckM2 v1.0.1 (this study)	100	0.16	100
RS_GCF_004298145.1	GCF_004298145.1	GTDB reference	MAG / uncultured	Mycobacterium sp004298145	SGM	6.138	66.66	89.8	11.46	absent	absent	absent					Mycobacterium sp.	not validly named	non_pathogen	91.16	75	draft	99.61	0.58	CheckM2 v1.0.1 (this study)	100	0.92	100
RS_GCF_025933915.1	GCF_025933915.1	GTDB reference	MAG / uncultured	Mycobacterium sp025933915	SGM	5.016	67.4	90.44	11.45	absent	absent	absent					Mycobacterium sp.	not validly named	non_pathogen	92.04	319	draft	97.31	0.92	CheckM2 v1.0.1 (this study)	99.99	0.06	99.99
spire_mag_01823769.fa	spire_mag_01823769	SPIRE MAG	MAG / uncultured	Mycobacterium sp025933915	SGM	5.443	66.93	91.34	11.39	absent	absent	absent		99.99	4.94	terrestrial	not applicable (MAG)	not applicable (MAG)	MAG	91.34	223	draft			CheckM2 v1.0.1 (this study)	99.98	4.86	99.98
RS_GCF_009741445.1	GCF_009741445.1	GTDB reference	NTM (isolate)	Mycobacterium avium	SGM	4.957	69.28	88.11	11.3	absent	absent	absent					Mycobacterium avium subsp. avium	Mycobacterium	opportunistic_pathogen	91.78	1	closed	96.04	1.29	complete by definition (isolate)			100
GB_GCA_036500645.1	GCA_036500645.1	GTDB reference	MAG / uncultured	Mycobacterium sp036500645	SGM	3.008	66.49	92.03	11.46	absent	absent	absent					Mycobacterium sp.	not validly named	non_pathogen	92.75	221	draft	64.51	1.88	CheckM2 v1.0.1 (this study)	62.01	1.62	62.01
RS_GCF_019243155.1	GCF_019243155.1	GTDB reference	MAG / uncultured	Mycobacterium sp019243155	SGM	5.437	66.48	89.65	11.48	present	absent	absent					Mycobacterium sp.	not validly named	non_pathogen	92.44	540	draft	94.05	5.26	CheckM2 v1.0.1 (this study)	99.97	6.39	99.97
RS_GCF_001666755.1	GCF_001666755.1	GTDB reference	MAG / uncultured	Mycobacterium sp001666755	SGM	5.356	69.55	89.11	11.24	present	absent	absent					Mycobacterium sp. E1214	not validly named	non_pathogen	91.3	174	draft	98.87	2.13	CheckM2 v1.0.1 (this study)	100	0.59	100
RS_GCF_010730575.1	GCF_010730575.1	GTDB reference	Cultured isolate	Mycobacterium parmense	SGM	5.953	68.39	88.89	11.27	present	absent	absent					Mycobacterium parmense	Mycobacterium	non_pathogen	90.78	1	closed	98.46	2.34	complete by definition (isolate)			100
RS_GCF_000164135.1	GCF_000164135.1	GTDB reference	NTM (isolate)	Mycobacterium parascrofulaceum	SGM	6.564	68.45	84.05	11.42	present	absent	absent					Mycobacterium parascrofulaceum ATCC BAA-614	Mycobacterium	opportunistic_pathogen	90.7	124	draft	98.92	0.84	complete by definition (isolate)			100
RS_GCF_002086735.1	GCF_002086735.1	GTDB reference	NTM (isolate)	Mycobacterium scrofulaceum	SGM	6.17	68.42	88.99	11.38	present	absent	absent					Mycobacterium scrofulaceum	Mycobacterium	opportunistic_pathogen	90.78	184	draft	99.46	0.33	complete by definition (isolate)			100
RS_GCF_001667275.1	GCF_001667275.1	GTDB reference	MAG / uncultured	Mycobacterium sp001667275	SGM	5.155	68.93	91.49	11.42	absent	absent	absent					Mycobacterium sp. ACS4054	not validly named	non_pathogen	92.88	82	draft	98.96	0.83	CheckM2 v1.0.1 (this study)	100	0.01	100
RS_GCF_001667735.1	GCF_001667735.1	GTDB reference	MAG / uncultured	Mycobacterium sp001667735	SGM	5.672	68.37	89.79	11.45	absent	absent	absent					Mycobacterium sp. E183	not validly named	non_pathogen	92.19	222	draft	98.55	1.22	CheckM2 v1.0.1 (this study)	100	0.36	100
RS_GCF_001667775.1	GCF_001667775.1	GTDB reference	MAG / uncultured	Mycobacterium sp001667775	SGM	5.694	67.37	87.8	11.39	absent	absent	absent					Mycobacterium sp. E1747	not validly named	non_pathogen	90.77	253	draft	98.62	2.96	CheckM2 v1.0.1 (this study)	100	1.55	100
RS_GCF_001667885.1	GCF_001667885.1	GTDB reference	Cultured isolate	Mycobacterium scrofulaceum_C	SGM	5.537	68.39	90.02	11.44	absent	absent	absent					Mycobacterium scrofulaceum	Mycobacterium	non_pathogen	92.02	183	draft	98.77	1.33	complete by definition (isolate)			100
RS_GCF_001907675.1	GCF_001907675.1	GTDB reference	Cultured isolate	Mycobacterium paraffinicum_A	SGM	6.475	67.55	89.81	11.46	absent	absent	absent					Mycobacterium paraffinicum	Mycobacterium	non_pathogen	91.25	85	draft	98.74	1.03	complete by definition (isolate)			100
RS_GCF_001666835.1	GCF_001666835.1	GTDB reference	MAG / uncultured	Mycobacterium sp001666835	SGM	5.619	67.69	90.22	11.48	present	absent	absent					Mycobacterium sp. E3251	not validly named	non_pathogen	92.29	205	draft	99.07	1.56	CheckM2 v1.0.1 (this study)	100	0.42	100
RS_GCF_001667075.1	GCF_001667075.1	GTDB reference	MAG / uncultured	Mycobacterium sp001667075	SGM	5.423	67.63	90.13	11.46	absent	absent	absent					Mycobacterium sp. 852014-52450_SCH5900713	not validly named	non_pathogen	92.1	80	draft	99.28	0.44	CheckM2 v1.0.1 (this study)	100	0.01	100
RS_GCF_025822865.1	GCF_025822865.1	GTDB reference	Cultured isolate	Mycobacterium paraffinicum	SGM	5.402	67.66	89.53	11.47	absent	absent	absent					Mycobacterium paraffinicum	Mycobacterium	non_pathogen	91.81	44	draft	99.77	0.44	complete by definition (isolate)			100
RS_GCF_001667585.1	GCF_001667585.1	GTDB reference	MAG / uncultured	Mycobacterium sp001667585	SGM	5.709	67.42	89.46	11.51	absent	absent	absent					Mycobacterium sp. E2733	not validly named	non_pathogen	91.46	141	draft	98.78	0.92	CheckM2 v1.0.1 (this study)	100	0.01	100
RS_GCF_025263485.1	GCF_025263485.1	GTDB reference	MAG / uncultured	Mycobacterium sp025263485	SGM	6.028	67.57	88.13	11.44	absent	absent	absent					Mycobacterium sp. SMC-2	not validly named	non_pathogen	91.73	2	draft	99.09	0.61	CheckM2 v1.0.1 (this study)	100	0.06	100
RS_GCF_002102255.1	GCF_002102255.1	GTDB reference	NTM (isolate)	Mycobacterium nebraskense	SGM	6.727	66.62	87.87	11.36	absent	absent	absent					Mycobacterium nebraskense	Mycobacterium	opportunistic_pathogen	90.31	189	draft	99.42	0.85	complete by definition (isolate)			100
RS_GCF_001667665.1	GCF_001667665.1	GTDB reference	MAG / uncultured	Mycobacterium sp001667665	SGM	5.843	67.99	89.0	11.39	present	absent	absent					Mycobacterium sp. E342	not validly named	non_pathogen	91.47	340	draft	98.66	0.44	CheckM2 v1.0.1 (this study)	99.99	1.29	99.99
RS_GCF_900240975.1	GCF_900240975.1	GTDB reference	MAG / uncultured	Mycobacterium sp900240975	SGM	5.614	68.24	88.79	11.35	present	absent	absent					Mycobacterium sp. 4858	not validly named	non_pathogen	91.43	8	draft	98.36	1.33	CheckM2 v1.0.1 (this study)	100	0.04	100
RS_GCF_002102155.1	GCF_002102155.1	GTDB reference	NTM (isolate)	Mycobacterium europaeum	SGM	5.631	68.51	90.22	11.37	absent	absent	absent					Mycobacterium europaeum	Mycobacterium	opportunistic_pathogen	91.28	71	draft	98.71	0.5	complete by definition (isolate)			100
RS_GCF_010731595.1	GCF_010731595.1	GTDB reference	Cultured isolate	Mycobacterium seoulense	SGM	5.531	68.29	90.52	11.38	absent	absent	absent					Mycobacterium seoulense	Mycobacterium	non_pathogen	91.71	1	closed	98.34	0.44	complete by definition (isolate)			100
RS_GCF_010731655.1	GCF_010731655.1	GTDB reference	Cultured isolate	Mycobacterium paraseoulense	SGM	6.086	67.9	89.54	11.42	present	absent	absent					Mycobacterium paraseoulense	Mycobacterium	non_pathogen	91.59	1	closed	99.34	0.44	complete by definition (isolate)			100
RS_GCF_010730745.1	GCF_010730745.1	GTDB reference	Cultured isolate	Mycobacterium heidelbergense	SGM	5.051	67.94	86.58	11.2	present	absent	absent					Mycobacterium heidelbergense	Mycobacterium	non_pathogen	89.22	1	closed	97.8	0.32	complete by definition (isolate)			100
RS_GCF_019645855.1	GCF_019645855.1	GTDB reference	NTM (isolate)	Mycobacterium malmoense	SGM	5.32	66.99	87.0	11.07	present	absent	absent					Mycobacterium malmoense	Mycobacterium	opportunistic_pathogen	89.13	1	closed	98.36	0.82	complete by definition (isolate)			100
RS_GCF_035515675.1	GCF_035515675.1	GTDB reference	MAG / uncultured	Mycobacterium sp035515675	SGM	5.797	65.21	79.48	11.12	absent	absent	absent					Mycobacterium sp.	not validly named	non_pathogen	86.25	456	draft	92.59	4.34	CheckM2 v1.0.1 (this study)	99.65	4.73	99.65
GB_GCA_028706695.1	GCA_028706695.1	GTDB reference	MAG / uncultured	Mycobacterium sp028706695	SGM	3.352	67.99	82.89	11.02	present	absent	absent					Mycobacterium sp.	not validly named	non_pathogen	86.94	626	draft			CheckM2 v1.0.1 (this study)	81	1.36	81
GB_GCA_039583405.1	GCA_039583405.1	GTDB reference	MAG / uncultured	Mycobacterium sp039583405	SGM	3.964	68.76	90.92	11.02	absent	absent	absent					Mycobacterium sp.	not validly named	non_pathogen	90.81	192	draft	89.47	2.5	CheckM2 v1.0.1 (this study)	82.06	3.05	82.06
RS_GCF_007714205.1	GCF_007714205.1	GTDB reference	Cultured isolate	Mycobacterium helveticum	SGM	5.77	68.66	85.24	11.2	present	absent	present					Mycobacterium helveticum	Mycobacterium	non_pathogen	89.22	436	draft	96.46	1.21	complete by definition (isolate)			100
spire_mag_00671068.fa	spire_mag_00671068	SPIRE MAG	MAG / uncultured	Mycobacterium helveticum	SGM	4.537	69.64	90.23	11.05	present	absent	present		97.82	2.47	aquatic	not applicable (MAG)	not applicable (MAG)	MAG	90.23	167	draft			CheckM2 v1.0.1 (this study)	97.78	2.43	97.78
spire_mag_00670601.fa	spire_mag_00670601	SPIRE MAG	MAG / uncultured	Mycobacterium helveticum	SGM	4.952	69.27	89.64	11.09	present	absent	present		99.97	0.31	aquatic	not applicable (MAG)	not applicable (MAG)	MAG	89.64	237	draft			CheckM2 v1.0.1 (this study)	99.97	0.33	99.97
RS_GCF_041206865.1	GCF_041206865.1	GTDB reference	MAG / uncultured	Mycobacterium sp041206865	SGM	6.416	68.38	79.43	11.23	present	absent	absent					Mycobacterium servetii	Mycobacterium	non_pathogen	89.35	3	draft	94.97	1.5	CheckM2 v1.0.1 (this study)	99.99	0.25	99.99
GB_GCA_019751635.1	GCA_019751635.1	GTDB reference	MAG / uncultured	Mycobacterium sp019751635	SGM	3.159	60.8	89.87	10.36	present	absent	absent					Mycobacteriaceae bacterium	not validly named	non_pathogen	92.49	318	draft			CheckM2 v1.0.1 (this study)	90.57	0.75	90.57
GB_GCA_019236925.1	GCA_019236925.1	GTDB reference	MAG / uncultured	Mycobacterium sp019236925	SGM	5.855	65.19	86.78	11.45	absent	absent	absent					Mycobacterium sp.	not validly named	non_pathogen	90.02	697	draft	89.77	5.05	CheckM2 v1.0.1 (this study)	92.92	6.55	92.92
RS_GCF_035314665.1	GCF_035314665.1	GTDB reference	MAG / uncultured	Mycobacterium sp035314665	SGM	6.612	65.22	85.36	11.46	absent	absent	absent					Mycobacterium sp.	not validly named	non_pathogen	89.44	459	draft	90.8	5.09	CheckM2 v1.0.1 (this study)	96.79	5.27	96.79
RS_GCF_035623875.1	GCF_035623875.1	GTDB reference	MAG / uncultured	Mycobacterium sp035623875	SGM	5.193	65.29	88.98	11.48	absent	absent	absent					Mycobacterium sp.	not validly named	non_pathogen	91.72	331	draft	94.88	2.69	CheckM2 v1.0.1 (this study)	99.99	3.31	99.99
spire_mag_02001657.fa	spire_mag_02001657	SPIRE MAG	MAG / uncultured	Mycobacterium sp035623875	SGM	5.083	65.24	91.43	11.41	absent	absent	absent		99.57	1.59	aquatic	not applicable (MAG)	not applicable (MAG)	MAG	91.43	422	draft			CheckM2 v1.0.1 (this study)	99.32	1.59	99.32
spire_mag_02001975.fa	spire_mag_02001975	SPIRE MAG	MAG / uncultured	Mycobacterium sp035623875	SGM	5.236	65.23	91.49	11.4	absent	absent	absent		99.99	1.93	aquatic	not applicable (MAG)	not applicable (MAG)	MAG	91.49	313	draft			CheckM2 v1.0.1 (this study)	99.98	1.87	99.98
GB_GCA_035314925.1	GCA_035314925.1	GTDB reference	MAG / uncultured	Mycobacterium sp035314925	SGM	4.305	65.76	90.16	11.44	absent	absent	absent					Mycobacterium sp.	not validly named	non_pathogen	91.97	317	draft	83.25	4.92	CheckM2 v1.0.1 (this study)	84.18	4.41	84.18
GB_GCA_035506875.1	GCA_035506875.1	GTDB reference	MAG / uncultured	Mycobacterium sp035506875	SGM	4.821	65.18	89.99	11.47	absent	absent	absent					Mycobacterium sp.	not validly named	non_pathogen	91.7	438	draft	79.85	3.77	CheckM2 v1.0.1 (this study)	83.33	1.09	83.33
GB_GCA_035642315.1	GCA_035642315.1	GTDB reference	MAG / uncultured	Mycobacterium sp035642315	SGM	3.805	65.54	89.49	11.6	absent	absent	absent					Mycobacterium sp.	not validly named	non_pathogen	92.12	630	draft	70.4	0.98	CheckM2 v1.0.1 (this study)	71.43	3.26	71.43
GB_GCA_035552835.1	GCA_035552835.1	GTDB reference	MAG / uncultured	Mycobacterium sp035552835	SGM	3.553	65.32	89.61	11.31	absent	absent	absent					Mycobacterium sp.	not validly named	non_pathogen	91.93	569	draft	70.52	5.76	CheckM2 v1.0.1 (this study)	71.16	3.4	71.16
GB_GCA_036746615.1	GCA_036746615.1	GTDB reference	MAG / uncultured	Mycobacterium sp036746615	SGM	3.755	64.93	93.77	11.32	absent	absent	absent					Mycobacterium sp.	not validly named	non_pathogen	93.86	501	draft	69.13	1.26	CheckM2 v1.0.1 (this study)	71.13	1.97	71.13
RS_GCF_910591625.1	GCF_910591625.1	GTDB reference	Cultured isolate	Mycobacterium methanotrophicum	SGM	4.91	65.64	77.79	11.15	absent	absent	absent					Candidatus Mycobacterium methanotrophicum	not validly named	non_pathogen	87.04	521	draft	97.56	3.48	complete by definition (isolate)			100
RS_GCF_035570115.1	GCF_035570115.1	GTDB reference	MAG / uncultured	Mycobacterium sp035570115	SGM	6.438	65.15	89.1	11.44	absent	absent	absent					Mycobacterium sp.	not validly named	non_pathogen	91.22	338	draft	97.67	4.29	CheckM2 v1.0.1 (this study)	99.98	5.64	99.98
spire_mag_00184606.fa	spire_mag_00184606	SPIRE MAG	MAG / uncultured	Mycobacterium sp035570115	SGM	6.654	65.06	90.94	11.34	absent	absent	absent		99.91	4.45	terrestrial	not applicable (MAG)	not applicable (MAG)	MAG	90.94	442	draft			CheckM2 v1.0.1 (this study)	99.88	4.17	99.88
GB_GCA_032159915.1	GCA_032159915.1	GTDB reference	MAG / uncultured	Mycobacterium sp032159915	SGM	4.062	65.83	92.71	11.47	absent	absent	absent					Mycobacterium sp.	not validly named	non_pathogen	93	371	draft	87.82	2.61	CheckM2 v1.0.1 (this study)	85.81	3.62	85.81
RS_GCF_002863225.1	GCF_002863225.1	GTDB reference	MAG / uncultured	Mycobacterium sp002863225	SGM	5.947	66.06	88.33	11.53	absent	absent	absent					Mycobacterium sp.	not validly named	non_pathogen	91.07	113	draft	98.12	0.31	CheckM2 v1.0.1 (this study)	100	0.28	100
RS_GCF_030252325.1	GCF_030252325.1	GTDB reference	Cultured isolate	Mycobacterium wuenschmannii	SGM	5.102	66.87	91.62	11.71	absent	absent	absent					Candidatus Mycobacterium wuenschmannii	not validly named	non_pathogen	93.21	1	closed	98.65	0.54	complete by definition (isolate)			100
GB_GCA_035606475.1	GCA_035606475.1	GTDB reference	MAG / uncultured	Mycobacterium sp035606475	SGM	3.75	66.58	91.73	11.44	absent	absent	absent					Mycobacterium sp.	not validly named	non_pathogen	93.21	267	draft	79.8	2.78	CheckM2 v1.0.1 (this study)	82.36	1.5	82.36
RS_GCF_001673405.1	GCF_001673405.1	GTDB reference	MAG / uncultured	Mycobacterium sp001673405	SGM	5.624	65.86	90.51	11.61	absent	absent	absent					Mycobacterium sp. 1245111.1	not validly named	non_pathogen	92.74	164	draft	98.93	0.58	CheckM2 v1.0.1 (this study)	99.99	0.15	99.99
RS_GCF_039583785.1	GCF_039583785.1	GTDB reference	MAG / uncultured	Mycobacterium sp039583785	SGM	4.309	65.96	87.35	11.39	absent	absent	present					Mycobacterium sp.	not validly named	non_pathogen	89.89	212	draft	97.58	0.33	CheckM2 v1.0.1 (this study)	99.99	0.2	99.99
RS_GCF_022430545.2	GCF_022430545.2	GTDB reference	Cultured isolate	Mycobacterium paraterrae	SGM	5.523	65.55	90.04	11.62	absent	absent	absent					Mycobacterium paraterrae	Mycobacterium	non_pathogen	92.12	1	closed	98.63	1.58	complete by definition (isolate)			100
GB_GCA_036272035.1	GCA_036272035.1	GTDB reference	MAG / uncultured	Mycobacterium sp036272035	SGM	6.02	65.08	88.85	11.45	absent	absent	absent					Mycobacterium sp.	not validly named	non_pathogen	90.73	669	draft	89.24	4.51	CheckM2 v1.0.1 (this study)	95.54	4.56	95.54
GB_GCA_036519055.1	GCA_036519055.1	GTDB reference	MAG / uncultured	Mycobacterium sp036519055	SGM	2.663	66.08	92.19	11.51	absent	absent	absent					Mycobacterium sp.	not validly named	non_pathogen	93.21	228	draft	61.96	0.5	CheckM2 v1.0.1 (this study)	66.73	0.06	66.73
GB_GCA_036497495.1	GCA_036497495.1	GTDB reference	MAG / uncultured	Mycobacterium sp036497495	SGM	4.107	65.42	89.2	11.53	absent	absent	absent					Mycobacterium sp.	not validly named	non_pathogen	91.97	660	draft	68.87	1.47	CheckM2 v1.0.1 (this study)	71.98	3.22	71.98
RS_GCF_035603715.1	GCF_035603715.1	GTDB reference	MAG / uncultured	Mycobacterium sp035603715	SGM	5.504	65.25	89.65	11.6	absent	absent	absent					Mycobacterium sp.	not validly named	non_pathogen	92.6	717	draft	91.21	6.69	CheckM2 v1.0.1 (this study)	92.19	6.2	92.19
RS_GCF_036488105.1	GCF_036488105.1	GTDB reference	MAG / uncultured	Mycobacterium sp036488105	SGM	5.565	65.54	88.91	11.49	absent	absent	absent					Mycobacterium sp.	not validly named	non_pathogen	91.87	569	draft	90.41	5.5	CheckM2 v1.0.1 (this study)	95.38	7.05	95.38
RS_GCF_036490025.1	GCF_036490025.1	GTDB reference	MAG / uncultured	Mycobacterium sp036490025	SGM	4.827	65.69	90.23	11.45	absent	absent	absent					Mycobacterium sp.	not validly named	non_pathogen	92.13	202	draft	91.28	1.91	CheckM2 v1.0.1 (this study)	93.02	0.99	93.02
RS_GCF_010727945.1	GCF_010727945.1	GTDB reference	Cultured isolate	Mycobacterium cookii	SGM	5.319	65.98	90.77	11.59	absent	absent	absent					Mycobacterium cookii	Mycobacterium	non_pathogen	92.61	1	closed	97.06	0.51	complete by definition (isolate)			100
GB_GCA_035642975.1	GCA_035642975.1	GTDB reference	MAG / uncultured	Mycobacterium sp035642975	SGM	5.364	65.62	88.94	11.49	absent	absent	absent					Mycobacterium sp.	not validly named	non_pathogen	90.91	758	draft			CheckM2 v1.0.1 (this study)	95.91	2.99	95.91
RS_GCF_002102185.1	GCF_002102185.1	GTDB reference	Cultured isolate	Mycobacterium fragae	SGM	4.731	66.01	91.55	11.55	absent	present	absent					Mycobacterium fragae	Mycobacterium	non_pathogen	93.56	35	draft	98.23	0.17	complete by definition (isolate)			100
RS_GCF_039583805.1	GCF_039583805.1	GTDB reference	MAG / uncultured	Mycobacterium sp039583805	SGM	3.446	69.09	87.39	11.07	absent	present	present					Mycobacterium sp.	not validly named	non_pathogen	90.31	196	draft	93.22		CheckM2 v1.0.1 (this study)	96.02	0.05	96.02
RS_GCF_001672775.1	GCF_001672775.1	GTDB reference	Cultured isolate	Mycobacterium kyorinense_A	SGM	4.831	66.03	90.17	11.58	absent	present	absent					Mycobacterium kyorinense	Mycobacterium	non_pathogen	92.88	202	draft	99.22	1.89	complete by definition (isolate)			100
RS_GCF_002101595.1	GCF_002101595.1	GTDB reference	NTM (isolate)	Mycobacterium celatum	SGM	4.721	66.96	90.82	11.5	absent	absent	absent					Mycobacterium celatum	Mycobacterium	opportunistic_pathogen	92.91	57	draft	98.73	0.9	complete by definition (isolate)			100
RS_GCF_010728725.1	GCF_010728725.1	GTDB reference	NTM (isolate)	Mycobacterium branderi	SGM	5.98	66.49	88.7	11.45	absent	absent	absent					Mycobacterium branderi	Mycobacterium	opportunistic_pathogen	92.51	2	draft	98.31	0.9	complete by definition (isolate)			100
RS_GCF_002101735.1	GCF_002101735.1	GTDB reference	Cultured isolate	Mycobacterium kyorinense	SGM	5.607	66.75	89.0	11.47	absent	absent	absent					Mycobacterium kyorinense	Mycobacterium	non_pathogen	91.56	180	draft	99.29	1.63	complete by definition (isolate)			100
RS_GCF_003402475.1	GCF_003402475.1	GTDB reference	MAG / uncultured	Mycobacterium sp003402475	SGM	5.006	66.83	91.84	11.52	absent	absent	absent					Mycobacterium sp. MFM001	not validly named	non_pathogen	93.45	41	draft	99.29	0.98	CheckM2 v1.0.1 (this study)	99.98	0.12	99.98
RS_GCF_025822885.1	GCF_025822885.1	GTDB reference	NTM (isolate)	Mycobacterium shimoidei	SGM	4.721	65.78	91.32	11.6	absent	present	absent					Mycobacterium shimoidei	Mycobacterium	opportunistic_pathogen	93.27	46	draft	96.5	0.28	complete by definition (isolate)			100
RS_GCF_008709575.1	GCF_008709575.1	GTDB reference	MAG / uncultured	Mycobacterium sp008709575	SGM	3.912	67.25	85.85	10.97	present	absent	present					Mycobacterium sp.	not validly named	non_pathogen	89.87	574	draft	94.04	0.68	CheckM2 v1.0.1 (this study)	98.73	0.01	98.73
GB_GCA_019246375.1	GCA_019246375.1	GTDB reference	MAG / uncultured	Mycobacterium sp019246375	SGM	3.858	65.15	88.03	11.34	absent	absent	absent					Mycobacterium sp.	not validly named	non_pathogen	90.52	736	draft	80.86	2.7	CheckM2 v1.0.1 (this study)	81.96	2.34	81.96
GB_GCA_035625875.1	GCA_035625875.1	GTDB reference	MAG / uncultured	Mycobacterium sp035625875	SGM	6.355	65.58	77.37	11.27	absent	absent	absent					Mycobacterium sp.	not validly named	non_pathogen	85.28	421	draft	96.33	4.19	CheckM2 v1.0.1 (this study)	100	4.3	100
spire_mag_02001406.fa	spire_mag_02001406	SPIRE MAG	MAG / uncultured	Mycobacterium sp035625875	SGM	5.893	65.45	85.26	11.09	absent	absent	absent		94.46	3.68	aquatic	not applicable (MAG)	not applicable (MAG)	MAG	85.26	870	draft			CheckM2 v1.0.1 (this study)	94.46	3.51	94.46
spire_mag_02001409.fa	spire_mag_02001409	SPIRE MAG	MAG / uncultured	Mycobacterium sp035625875	SGM	6.462	65.52	84.9	11.1	absent	absent	absent		100.0	2.91	aquatic	not applicable (MAG)	not applicable (MAG)	MAG	84.9	448	draft			CheckM2 v1.0.1 (this study)	100	2.91	100
RS_GCF_010723305.1	GCF_010723305.1	GTDB reference	Cultured isolate	Mycobacterium botniense	SGM	4.335	65.66	84.94	10.87	absent	absent	absent					Mycobacterium botniense	Mycobacterium	non_pathogen	89.52	4	draft	95.53	0.33	complete by definition (isolate)			100
RS_GCF_018361265.1	GCF_018361265.1	GTDB reference	MAG / uncultured	Mycobacterium sp018361265	SGM	4.632	66.76	80.01	10.76	absent	absent	absent					Mycobacterium sp. SM1	not validly named	non_pathogen	87.68	7	draft	96.09	1.34	CheckM2 v1.0.1 (this study)	99.87	1.05	99.87
RS_GCF_029961025.1	GCF_029961025.1	GTDB reference	MAG / uncultured	Mycobacterium sp029961025	SGM	3.738	67.19	84.69	10.84	absent	absent	absent					Mycobacterium sp.	not validly named	non_pathogen	89.45	27	draft	95.84	0.88	CheckM2 v1.0.1 (this study)	99.95	0.07	99.95
RS_GCF_009936235.1	GCF_009936235.1	GTDB reference	NTM (isolate)	Mycobacterium xenopi	SGM	4.918	65.91	78.88	11.25	absent	absent	absent					Mycobacterium xenopi	Mycobacterium	opportunistic_pathogen	90.98	1	closed	91.52	0.93	complete by definition (isolate)			100
RS_GCF_016592155.1	GCF_016592155.1	GTDB reference	NTM (isolate)	Mycobacterium heckeshornense	SGM	4.957	65.93	82.54	11.25	absent	absent	absent					Mycobacterium heckeshornense	Mycobacterium	opportunistic_pathogen	90.78	1	closed	95.25	0.48	complete by definition (isolate)			100
RS_GCF_010731635.1	GCF_010731635.1	GTDB reference	Cultured isolate	Mycobacterium noviomagense	SGM	4.78	65.76	87.93	11.45	absent	absent	absent					Mycobacterium noviomagense	Mycobacterium	non_pathogen	91.75	1	closed	99.23	0.23	complete by definition (isolate)			100
RS_GCF_035653355.1	GCF_035653355.1	GTDB reference	MAG / uncultured	Mycobacterium sp035653355	SGM	4.469	65.75	87.52	11.4	absent	absent	absent					Mycobacterium sp.	not validly named	non_pathogen	91.8	689	draft	92.78	3.42	CheckM2 v1.0.1 (this study)	92.36	3.98	92.36
GB_GCA_002967005.1	GCA_002967005.1	GTDB reference	Cultured isolate	Mycobacterium talmoniae	SGM	5.126	68.23	81.02	11.05	absent	present	absent					Mycobacterium talmoniae	Mycobacterium	non_pathogen	88.4	1111	draft	59.31	1.65	complete by definition (isolate)			100
RS_GCF_041287095.1	GCF_041287095.1	GTDB reference	MAG / uncultured	Mycobacterium sp041287095	SGM	5.729	68.44	90.46	11.17	present	present	absent					Mycobacterium sp. pUA109	not validly named	non_pathogen	91.67	65	draft	99.36	2.01	CheckM2 v1.0.1 (this study)	100	0.88	100
GB_GCA_024758765.1	GCA_024758765.1	GTDB reference	Cultured isolate	Mycobacterium heraklionense_C	SGM	4.882	67.25	87.63	11.18	present	present	absent					Mycobacterium sp. SVM_VP21	not validly named	non_pathogen	91.93	1	closed	98.12	2.04	complete by definition (isolate)			100
RS_GCF_900078685.2	GCF_900078685.2	GTDB reference	Cultured isolate	Mycobacterium icosiumassiliensis	SGM	4.85	66.83	85.34	11.2	absent	present	absent					Mycolicibacter icosiumassiliensis	Mycolicibacter	non_pathogen	91	42	draft	94.33	3.22	complete by definition (isolate)			100
spire_mag_02374219.fa	spire_mag_02374219	SPIRE MAG	MAG / uncultured	Mycobacterium icosiumassiliensis	SGM	4.475	66.96	91.89	11.13	absent	present	absent	low salinity	99.26	0.83	host-associated	not applicable (MAG)	not applicable (MAG)	MAG	91.89	401	draft			CheckM2 v1.0.1 (this study)	99.37	0.94	99.37
spire_mag_01787296.fa	spire_mag_01787296	SPIRE MAG	MAG / uncultured	novel sp.	SGM	4.475	67.03	91.55	11.23	absent	present	absent		94.59	0.63	host-associated	not applicable (MAG)	not applicable (MAG)	MAG	91.55	221	draft			CheckM2 v1.0.1 (this study)	94.63	0.53	94.63
spire_mag_01585658.fa	spire_mag_01585658	SPIRE MAG	MAG / uncultured	novel sp.	SGM	4.924	67.15	92.34	11.19	absent	present	absent		99.99	0.64	anthropogenic	not applicable (MAG)	not applicable (MAG)	MAG	92.34	121	draft			CheckM2 v1.0.1 (this study)	99.99	0.55	99.99
RS_GCF_963378105.1	GCF_963378105.1	GTDB reference	MAG / uncultured	Mycobacterium sp963378105	SGM	4.794	67.48	92.14	11.14	absent	present	absent					[Mycobacterium] holstebronense	not validly named	non_pathogen	92.99	1	closed	98.91	1.15	complete by definition (closed)			100
RS_GCF_001673575.1	GCF_001673575.1	GTDB reference	Cultured isolate	Mycobacterium heraklionense_A	SGM	4.719	67.59	91.36	11.15	absent	present	absent					Mycolicibacter heraklionensis	Mycolicibacter	non_pathogen	92.83	161	draft	98.05	1.26	complete by definition (isolate)			100
RS_GCF_022374935.2	GCF_022374935.2	GTDB reference	Cultured isolate	Mycobacterium virginiense	SGM	4.98	67.43	91.6	11.15	absent	present	absent					Mycolicibacter virginiensis	Mycolicibacter	non_pathogen	92.48	1	closed	98.1	1.49	complete by definition (isolate)			100
RS_GCF_000455125.1	GCF_000455125.1	GTDB reference	MAG / uncultured	Mycobacterium sp000455125	SGM	4.473	67.66	91.45	11.28	absent	present	absent					Mycobacterium sp. UM_WGJ	not validly named	non_pathogen	92.87	116	draft	98.33	1.5	CheckM2 v1.0.1 (this study)	100	0.01	100
RS_GCF_002101775.1	GCF_002101775.1	GTDB reference	Cultured isolate	Mycobacterium nonchromogenicum	SGM	4.465	67.77	92.21	11.41	absent	present	absent					Mycolicibacter nonchromogenicus	Mycolicibacter	non_pathogen	92.98	91	draft	98.64	0.8	complete by definition (isolate)			100
RS_GCF_019645815.1	GCF_019645815.1	GTDB reference	Cultured isolate	Mycobacterium heraklionense	SGM	5.062	67.82	91.25	11.13	absent	present	absent					Mycolicibacter heraklionensis	Mycolicibacter	non_pathogen	92.56	1	closed	98.43	0.8	complete by definition (isolate)			100
RS_GCF_002086515.1	GCF_002086515.1	GTDB reference	Cultured isolate	Mycobacterium arupense	SGM	4.443	67.38	90.76	11.16	absent	present	absent					Mycolicibacter arupensis	Mycolicibacter	non_pathogen	92.25	157	draft	98.65	1.21	complete by definition (isolate)			100
RS_GCF_010731755.1	GCF_010731755.1	GTDB reference	Cultured isolate	Mycobacterium minnesotense	SGM	4.224	67.1	91.16	11.05	absent	present	absent					Mycolicibacter minnesotensis	Mycolicibacter	non_pathogen	92.65	1	closed	99.03	1.3	complete by definition (isolate)			100
spire_mag_02374351.fa	spire_mag_02374351	SPIRE MAG	MAG / uncultured	novel sp.	SGM	3.206	64.55	92.85	10.9	absent	present	absent		99.72	0.06	host-associated	not applicable (MAG)	not applicable (MAG)	MAG	92.85	113	draft			CheckM2 v1.0.1 (this study)	99.71	0.06	99.71
RS_GCF_002101585.1	GCF_002101585.1	GTDB reference	Cultured isolate	Mycobacterium engbaekii	SGM	4.521	68.55	91.56	11.24	absent	present	absent					Mycolicibacter engbaekii	Mycolicibacter	non_pathogen	92.49	79	draft	97.87	0.57	complete by definition (isolate)			100
RS_GCF_010729485.1	GCF_010729485.1	GTDB reference	Cultured isolate	Mycobacterium hiberniae	SGM	4.397	68.51	90.74	11.17	absent	present	absent					Mycolicibacter hiberniae	Mycolicibacter	non_pathogen	92.51	1	closed	96.63	0.69	complete by definition (isolate)			100
RS_GCF_963378075.1	GCF_963378075.1	GTDB reference	MAG / uncultured	Mycobacterium sp963378075	SGM	4.341	68.64	92.41	11.44	absent	present	absent					[Mycobacterium] kokjensenii	not validly named	non_pathogen	92.92	1	closed	98.1	0.57	complete by definition (closed)			100
RS_GCF_002102265.1	GCF_002102265.1	GTDB reference	Cultured isolate	Mycobacterium longobardum	SGM	4.812	67.92	91.04	11.4	absent	present	absent					Mycolicibacter longobardus	Mycolicibacter	non_pathogen	91.94	59	draft	99.2	0.57	complete by definition (isolate)			100
GB_GCA_039922455.1	GCA_039922455.1	GTDB reference	MAG / uncultured	Mycobacterium sp039922455	SGM	3.26	67.59	91.03	11.18	absent	present	absent					Mycobacterium sp.	not validly named	non_pathogen	92.55	270	draft			CheckM2 v1.0.1 (this study)	85.36	0.58	85.36
RS_GCF_020172685.2	GCF_020172685.2	GTDB reference	Cultured isolate	Mycobacterium nativiensis	SGM	5.659	67.66	90.45	11.22	present	present	absent					[Mycobacterium] nativiensis	not validly named	non_pathogen	92.22	205	draft	98.79	2.92	complete by definition (isolate)			100
RS_GCF_020181615.2	GCF_020181615.2	GTDB reference	Cultured isolate	Mycobacterium crassicus	SGM	5.18	67.84	90.76	11.18	present	present	absent					[Mycobacterium] crassicus	not validly named	non_pathogen	92.34	58	draft	99.03	0.59	complete by definition (isolate)			100
RS_GCF_020181595.2	GCF_020181595.2	GTDB reference	Cultured isolate	Mycobacterium vasticus	SGM	4.862	67.72	92.34	11.36	absent	present	absent					[Mycobacterium] vasticus	not validly named	non_pathogen	93.58	91	draft	97.98		complete by definition (isolate)			100
RS_GCF_020181635.2	GCF_020181635.2	GTDB reference	Cultured isolate	Mycobacterium zoologicum	SGM	4.835	67.73	91.49	11.4	present	present	absent					[Mycobacterium] zoologicum	not validly named	non_pathogen	92.7	87	draft	98.2	0.52	complete by definition (isolate)			100
RS_GCF_001667375.1	GCF_001667375.1	GTDB reference	Cultured isolate	Mycobacterium sinense_A	SGM	4.571	68.36	91.61	11.33	present	present	absent					Mycolicibacter sinensis	Mycolicibacter	non_pathogen	93.18	110	draft	98.39	0.11	complete by definition (isolate)			100
RS_GCF_001673565.1	GCF_001673565.1	GTDB reference	Cultured isolate	Mycobacterium sinense_C	SGM	4.695	68.4	91.96	11.31	present	present	absent					Mycolicibacter sinensis	Mycolicibacter	non_pathogen	93.17	152	draft	98.42	0.72	complete by definition (isolate)			100
RS_GCF_001667945.1	GCF_001667945.1	GTDB reference	Cultured isolate	Mycobacterium sinense_B	SGM	4.662	68.59	90.87	11.21	present	present	absent					Mycolicibacter sinensis	Mycolicibacter	non_pathogen	92.56	168	draft	97.62	0.34	complete by definition (isolate)			100
RS_GCF_002086285.1	GCF_002086285.1	GTDB reference	NTM (isolate)	Mycobacterium kumamotonense	SGM	4.816	68.12	90.85	11.36	absent	present	absent					Mycolicibacter kumamotonensis	Mycolicibacter	opportunistic_pathogen	92.3	128	draft	97.65	0.89	complete by definition (isolate)			100
spire_mag_01586492.fa	spire_mag_01586492	SPIRE MAG	MAG / uncultured	Mycobacterium kumamotonense	SGM	4.484	68.42	93.06	11.31	absent	present	absent		99.96	2.69	anthropogenic	not applicable (MAG)	not applicable (MAG)	MAG	93.06	72	draft			CheckM2 v1.0.1 (this study)	99.96	2.67	99.96
RS_GCF_010727125.1	GCF_010727125.1	GTDB reference	Cultured isolate	Mycobacterium terrae	SGM	4.566	68.44	91.48	11.29	absent	present	absent					Mycolicibacter terrae	Mycolicibacter	non_pathogen	92.77	1	closed	99.09	0.83	complete by definition (isolate)			100
RS_GCF_002086455.1	GCF_002086455.1	GTDB reference	Cultured isolate	Mycobacterium algericum	SGM	4.619	68.33	90.99	11.46	absent	present	absent					Mycolicibacter algericus DSM 45454	Mycolicibacter	non_pathogen	92.32	107	draft	98.56	0.11	complete by definition (isolate)			100
RS_GCF_003284925.1	GCF_003284925.1	GTDB reference	Cultured isolate	Mycobacterium algericum_A	SGM	4.793	67.95	89.73	11.54	absent	present	absent					Mycolicibacter senuensis	Mycolicibacter	non_pathogen	92.11	304	draft	93.75	0.56	complete by definition (isolate)			100
RS_GCF_002101885.1	GCF_002101885.1	GTDB reference	Cultured isolate	Mycobacterium senuense	SGM	4.535	68.69	92.19	11.42	absent	present	absent					Mycolicibacter senuensis	Mycolicibacter	non_pathogen	93.1	54	draft	98.33	0.63	complete by definition (isolate)			100
spire_mag_00709062.fa	spire_mag_00709062	SPIRE MAG	MAG / uncultured	novel sp.	SGM	3.103	65.9	92.7	11.09	present	absent	absent		100.0	0.03		not applicable (MAG)	not applicable (MAG)	MAG	92.7	47	draft			CheckM2 v1.0.1 (this study)	100	0.03	100
spire_mag_02370757.fa	spire_mag_02370757	SPIRE MAG	MAG / uncultured	novel sp.	SGM	2.869	65.9	92.77	11.08	present	absent	absent	low salinity	90.39	0.34	host-associated	not applicable (MAG)	not applicable (MAG)	MAG	92.77	343	draft			CheckM2 v1.0.1 (this study)	90.16	0.34	90.16
spire_mag_00709337.fa	spire_mag_00709337	SPIRE MAG	MAG / uncultured	novel sp.	SGM	2.823	66.05	93.43	11.04	present	absent	absent		90.21	0.98		not applicable (MAG)	not applicable (MAG)	MAG	93.43	362	draft			CheckM2 v1.0.1 (this study)	90.28	0.98	90.28
RS_GCF_018455725.1	GCF_018455725.1	GTDB reference	Cultured isolate	Mycobacterium acidiphilum	SGM	4.546	69.13	89.8	11.22	present	present	absent					Mycolicibacter acidiphilus	Mycolicibacter	non_pathogen	91.92	160	draft	97.59	0.69	complete by definition (isolate)			100
GB_GCA_039935195.1	GCA_039935195.1	GTDB reference	MAG / uncultured	Mycobacterium sp039935195	SGM	3.035	67.61	90.49	11.08	absent	present	absent					Mycobacterium sp.	not validly named	non_pathogen	92.47	303	draft	83.97	1.72	CheckM2 v1.0.1 (this study)	84.51	0.21	84.51
GB_GCA_035721065.1	GCA_035721065.1	GTDB reference	MAG / uncultured	Mycobacterium sp035721065	SGM	3.029	69.06	90.99	11.16	present	absent	absent					Mycobacterium sp.	not validly named	non_pathogen	92.68	134	draft	79.8	4.46	CheckM2 v1.0.1 (this study)	79.49	4.21	79.49
RS_GCF_001668625.1	GCF_001668625.1	GTDB reference	MAG / uncultured	Mycobacterium sp001668625	SGM	3.76	70.47	91.15	11.62	present	present	absent					Mycobacterium sp. 1274756.6	not validly named	non_pathogen	92.41	97	draft	98.59	0.9	CheckM2 v1.0.1 (this study)	99.99	0.04	99.99
RS_GCF_002102395.1	GCF_002102395.1	GTDB reference	Cultured isolate	Mycobacterium triviale	SGM	3.591	70.28	91.58	11.64	present	present	absent					Mycolicibacillus trivialis	Mycolicibacillus	non_pathogen	92.77	57	draft	98.72	0.07	complete by definition (isolate)			100
RS_GCF_002104795.1	GCF_002104795.1	GTDB reference	Cultured isolate	Mycobacterium koreense	SGM	4.079	69.36	90.7	11.49	absent	present	absent					Mycolicibacillus koreensis	Mycolicibacillus	non_pathogen	92	129	draft	99.06	0.39	complete by definition (isolate)			100
RS_GCF_022370835.2	GCF_022370835.2	GTDB reference	Cultured isolate	Mycobacterium parakoreense	SGM	3.936	70.49	91.42	11.41	absent	present	absent					Mycolicibacillus parakoreensis	Mycolicibacillus	non_pathogen	92.45	2	draft	99.12	0.39	complete by definition (isolate)			100
spire_mag_01959179.fa	spire_mag_01959179	SPIRE MAG	MAG / uncultured	Mycobacterium parakoreense	SGM	3.651	70.84	93.05	11.35	absent	present	absent		94.55	1.58	host-associated	not applicable (MAG)	not applicable (MAG)	MAG	93.05	295	draft			CheckM2 v1.0.1 (this study)	95.19	1.54	95.19
GB_GCA_019242135.1	GCA_019242135.1	GTDB reference	MAG / uncultured	Mycobacterium sp019242135	SGM	3.812	66.69	90.45	11.25	absent	absent	absent					Mycobacteriaceae bacterium	not validly named	non_pathogen	92.48	724	draft			CheckM2 v1.0.1 (this study)	83.81	2.13	83.81
GB_GCA_036390735.1	GCA_036390735.1	GTDB reference	MAG / uncultured	Mycobacterium sp036390735	SGM	4.138	67	87.39	11.66	absent	absent	absent					Mycobacterium sp.	not validly named	non_pathogen	91.61	608	draft	88.36	4.97	CheckM2 v1.0.1 (this study)	95.22	2.7	95.22
spire_mag_02598702.fa	spire_mag_02598702	SPIRE MAG	MAG / uncultured	Mycobacterium sp036390735	SGM	6.286	66.19	88.5	11.52	absent	absent	absent		100.0	3.99	terrestrial	not applicable (MAG)	not applicable (MAG)	MAG	88.5	875	draft			CheckM2 v1.0.1 (this study)	100	3.95	100
spire_mag_01168129.fa	spire_mag_01168129	SPIRE MAG	MAG / uncultured	novel sp.	SGM	5.313	66.03	90.51	11.4	present	absent	absent		95.05	3.25	terrestrial	not applicable (MAG)	not applicable (MAG)	MAG	90.51	378	draft			CheckM2 v1.0.1 (this study)	95.55	3.29	95.55
spire_mag_01603633.fa	spire_mag_01603633	SPIRE MAG	MAG / uncultured	novel sp.	SGM	5.333	66.01	90.6	11.4	present	absent	absent		95.44	3.67	terrestrial	not applicable (MAG)	not applicable (MAG)	MAG	90.6	386	draft			CheckM2 v1.0.1 (this study)	95.8	3.81	95.8
spire_mag_01603564.fa	spire_mag_01603564	SPIRE MAG	MAG / uncultured	novel sp.	SGM	5.099	66.02	90.16	11.33	present	absent	absent		91.72	4.22	terrestrial	not applicable (MAG)	not applicable (MAG)	MAG	90.16	653	draft			CheckM2 v1.0.1 (this study)	91.61	4.25	91.61
GB_GCA_032159765.1	GCA_032159765.1	GTDB reference	MAG / uncultured	Mycobacterium sp032159765	SGM	5.619	65.4	91.79	11.66	present	absent	absent					Mycobacterium sp.	not validly named	non_pathogen	92.28	245	draft			CheckM2 v1.0.1 (this study)	99.88	1.9	99.88
GB_GCA_032159965.1	GCA_032159965.1	GTDB reference	MAG / uncultured	Mycobacterium sp032159965	SGM	5.089	65.7	92.35	11.43	present	absent	absent					Mycobacterium sp.	not validly named	non_pathogen	92.6	666	draft			CheckM2 v1.0.1 (this study)	93.55	6.31	93.55
GB_GCA_035651275.1	GCA_035651275.1	GTDB reference	MAG / uncultured	Mycobacterium sp035651275	SGM	3.956	65.97	92.7	11.69	absent	absent	absent					Mycobacterium sp.	not validly named	non_pathogen	94.06	318	draft	89.4	3.58	CheckM2 v1.0.1 (this study)	92.38	1.72	92.38
spire_mag_01599223.fa	spire_mag_01599223	SPIRE MAG	MAG / uncultured	Mycobacterium sp035651275	SGM	4.122	65.96	93.6	11.54	absent	absent	absent		90.97	2.34	terrestrial	not applicable (MAG)	not applicable (MAG)	MAG	93.6	395	draft			CheckM2 v1.0.1 (this study)	91.48	2.36	91.48
GB_GCA_036558625.1	GCA_036558625.1	GTDB reference	MAG / uncultured	Mycobacterium sp036558625	SGM	4.462	66.03	91.65	11.58	absent	absent	absent					Mycobacterium sp.	not validly named	non_pathogen	93.28	264	draft			CheckM2 v1.0.1 (this study)	92.96	1.21	92.96
RS_GCF_035640695.1	GCF_035640695.1	GTDB reference	MAG / uncultured	Mycobacterium sp035640695	SGM	4.558	66.82	89.6	11.22	present	absent	absent					Mycobacterium sp.	not validly named	non_pathogen	91.29	192	draft	96.01	2.63	CheckM2 v1.0.1 (this study)	93.02	1.4	93.02
spire_mag_00549465.fa	spire_mag_00549465	SPIRE MAG	MAG / uncultured	Mycobacterium sp035640695	SGM	4.621	66.76	91.08	11.16	present	absent	absent		99.66	3.29	terrestrial	not applicable (MAG)	not applicable (MAG)	MAG	91.08	180	draft			CheckM2 v1.0.1 (this study)	99.68	3.36	99.68
GB_GCA_019245755.1	GCA_019245755.1	GTDB reference	MAG / uncultured	Mycobacterium sp019245755	SGM	4.175	67.66	90.18	11.08	absent	absent	absent					Mycobacteriaceae bacterium	not validly named	non_pathogen	91.58	82	draft			CheckM2 v1.0.1 (this study)	99.64	0.19	99.64
spire_mag_00186517.fa	spire_mag_00186517	SPIRE MAG	MAG / uncultured	Mycobacterium sp019245755	SGM	4.589	67.48	91.0	10.97	absent	absent	absent		97.14	3.01	terrestrial	not applicable (MAG)	not applicable (MAG)	MAG	91	386	draft			CheckM2 v1.0.1 (this study)	97.63	3.02	97.63
RS_GCF_035314905.1	GCF_035314905.1	GTDB reference	MAG / uncultured	Mycobacterium sp035314905	SGM	4.173	67.96	87.36	11.41	absent	absent	present					Mycobacterium sp.	not validly named	non_pathogen	90.98	247	draft	91.72	2.05	CheckM2 v1.0.1 (this study)	91.67	2.27	91.67
GB_GCA_025965895.1	GCA_025965895.1	GTDB reference	MAG / uncultured	Mycobacterium sp025965895	SGM	6.782	66.09	85.26	11.21	present	absent	absent					Mycobacterium sp.	not validly named	non_pathogen	85.94	212	draft			CheckM2 v1.0.1 (this study)	97.33	3.77	97.33
RS_GCF_021213805.1	GCF_021213805.1	GTDB reference	MAG / uncultured	Mycobacterium sp021213805	Outside ingroup (basal Mycobacteriaceae, GTDB Mycobacterium)	4.026	71.02	91.65	11.58	present	absent	absent					Mycobacterium sp. MYCO198283	not validly named	non_pathogen		23	draft			not in ingroup; not scored
GB_GCA_002013415.1	GCA_002013415.1	GTDB reference	MAG / uncultured	Mycobacterium sp002013415	Outside ingroup (basal Mycobacteriaceae, GTDB Mycobacterium)	5.166	64.04	91.42	11.3	present	present	absent					Mycobacterium sp. D16Q14	not validly named	non_pathogen		66	draft			not in ingroup; not scored
RS_GCF_002013375.1	GCF_002013375.1	GTDB reference	MAG / uncultured	Mycobacterium sp002013375	Outside ingroup (basal Mycobacteriaceae, GTDB Mycobacterium)	4.903	64.31	90.98	11.33	present	present	absent					Mycobacterium sp. D16Q13	not validly named	non_pathogen		34	draft			not in ingroup; not scored
GB_GCA_002013465.1	GCA_002013465.1	GTDB reference	MAG / uncultured	Mycobacterium sp002013465	Outside ingroup (basal Mycobacteriaceae, GTDB Mycobacterium)	4.807	64.22	92.55	11.32	present	present	absent					Mycobacterium sp. D16R12	not validly named	non_pathogen		41	draft			not in ingroup; not scored
GB_GCA_002013775.1	GCA_002013775.1	GTDB reference	MAG / uncultured	Mycobacterium sp002013775	Outside ingroup (basal Mycobacteriaceae, GTDB Mycobacterium)	4.992	64.08	92.54	11.26	present	present	absent					Mycobacterium sp. D16R18	not validly named	non_pathogen		82	draft			not in ingroup; not scored
RS_GCF_004924335.1	GCF_004924335.1	GTDB reference	Cultured isolate	Mycobacterium salmoniphilum	Outside ingroup (basal Mycobacteriaceae, GTDB Mycobacterium)	4.777	64.29	91.57	11.33	present	present	absent					Mycobacteroides salmoniphilum	Mycobacteroides	non_pathogen		1	closed			not in ingroup; not scored
RS_GCF_001632805.1	GCF_001632805.1	GTDB reference	NTM (isolate)	Mycobacterium chelonae	Outside ingroup (basal Mycobacteriaceae, GTDB Mycobacterium)	5.03	63.92	91.73	11.33	present	present	absent					Mycobacteroides chelonae CCUG 47445	Mycobacteroides	opportunistic_pathogen		1	closed			not in ingroup; not scored
spire_mag_02570492.fa	spire_mag_02570492	SPIRE MAG	MAG / uncultured	Mycobacterium chelonae	Outside ingroup (basal Mycobacteriaceae, GTDB Mycobacterium)	5.558	64.03	92.66	11.28	present	present	absent		100.0	1.75	host-associated	not applicable (MAG)	not applicable (MAG)	MAG		263	draft			not in ingroup; not scored
RS_GCF_016767715.1	GCF_016767715.1	GTDB reference	Cultured isolate	Mycobacterium gwanakae	Outside ingroup (basal Mycobacteriaceae, GTDB Mycobacterium)	5.061	64.02	91.54	11.32	present	present	absent					Mycobacteroides chelonae	Mycobacteroides	non_pathogen		1	closed			not in ingroup; not scored
spire_mag_02199963.fa	spire_mag_02199963	SPIRE MAG	MAG / uncultured	Mycobacterium gwanakae	Outside ingroup (basal Mycobacteriaceae, GTDB Mycobacterium)	4.704	64.11	93.19	11.28	present	present	absent		94.99	3.14	anthropogenic	not applicable (MAG)	not applicable (MAG)	MAG		349	draft			not in ingroup; not scored
RS_GCF_002356335.1	GCF_002356335.1	GTDB reference	Cultured isolate	Mycobacterium stephanolepidis	Outside ingroup (basal Mycobacteriaceae, GTDB Mycobacterium)	4.994	63.95	89.36	11.36	present	present	absent					Mycobacteroides stephanolepidis	Mycobacteroides	non_pathogen		1	closed			not in ingroup; not scored
RS_GCF_002013895.1	GCF_002013895.1	GTDB reference	Cultured isolate	Mycobacterium franklinii	Outside ingroup (basal Mycobacteriaceae, GTDB Mycobacterium)	5.432	64.15	90.89	11.39	present	present	absent					Mycobacteroides franklinii	Mycobacteroides	non_pathogen		32	draft			not in ingroup; not scored
spire_mag_00518991.fa	spire_mag_00518991	SPIRE MAG	MAG / uncultured	novel sp.	Outside ingroup (basal Mycobacteriaceae, GTDB Mycobacterium)	5.429	64.01	92.3	11.25	present	present	absent		99.97	3.7	host-associated	not applicable (MAG)	not applicable (MAG)	MAG		130	draft			not in ingroup; not scored
RS_GCF_009729205.1	GCF_009729205.1	GTDB reference	MAG / uncultured	Mycobacterium sp009729205	Outside ingroup (basal Mycobacteriaceae, GTDB Mycobacterium)	4.803	64.03	91.73	11.39	present	present	absent					Mycobacteroides sp. CBMA 271	not validly named	non_pathogen		18	draft			not in ingroup; not scored
RS_GCF_013449725.1	GCF_013449725.1	GTDB reference	MAG / uncultured	Mycobacterium sp013449725	Outside ingroup (basal Mycobacteriaceae, GTDB Mycobacterium)	4.912	63.84	91.78	11.37	present	present	absent					Mycobacteroides sp. LB1	not validly named	non_pathogen		16	draft			not in ingroup; not scored
GB_GCA_014204435.1	GCA_014204435.1	GTDB reference	Cultured isolate	Mycobacterium chelonae_A	Outside ingroup (basal Mycobacteriaceae, GTDB Mycobacterium)	3.953	64.24	91.06	11.35	present	absent	absent					Mycobacteroides chelonae	Mycobacteroides	non_pathogen		21	draft			not in ingroup; not scored
RS_GCF_001456355.1	GCF_001456355.1	GTDB reference	Cultured isolate	Mycobacterium saopaulense	Outside ingroup (basal Mycobacteriaceae, GTDB Mycobacterium)	4.649	64.8	92.39	11.37	present	present	absent					Mycobacteroides saopaulense	Mycobacteroides	non_pathogen		1	closed			not in ingroup; not scored
RS_GCF_000069185.1	GCF_000069185.1	GTDB reference	NTM (isolate)	Mycobacterium abscessus	Outside ingroup (basal Mycobacteriaceae, GTDB Mycobacterium)	5.09	64.15	92.3	11.27	present	present	absent					Mycobacteroides abscessus ATCC 19977	Mycobacteroides	opportunistic_pathogen		2	draft			not in ingroup; not scored
RS_GCF_001605725.1	GCF_001605725.1	GTDB reference	NTM (isolate)	Mycobacterium immunogenum	Outside ingroup (basal Mycobacteriaceae, GTDB Mycobacterium)	5.574	64.27	91.39	11.33	present	present	absent					Mycobacteroides immunogenum	Mycobacteroides	opportunistic_pathogen		1	closed			not in ingroup; not scored
GB_GCA_040391845.1	GCA_040391845.1	GTDB reference	Outgroup	Tsukamurella paurometabola_B	Outgroup (Tsukamurella, rooting taxa)	4.469	71.3	93.52	11.5	present	present	absent					Tsukamurella paurometabola	Tsukamurella	outgroup		211	draft			not in ingroup; not scored
RS_GCF_001575205.1	GCF_001575205.1	GTDB reference	Outgroup	Tsukamurella pseudospumae	Outgroup (Tsukamurella, rooting taxa)	4.939	70.31	91.68	11.58	present	present	absent					Tsukamurella pseudospumae	Tsukamurella	outgroup		69	draft			not in ingroup; not scored
RS_GCF_040611135.1	GCF_040611135.1	GTDB reference	Outgroup	Tsukamurella sp040611135	Outgroup (Tsukamurella, rooting taxa)	4.674	70.6	91.56	11.54	present	present	absent					Tsukamurella sp. NPDC003166	not validly named	outgroup		40	draft			not in ingroup; not scored
RS_GCF_012396015.1	GCF_012396015.1	GTDB reference	Outgroup	Tsukamurella spumae	Outgroup (Tsukamurella, rooting taxa)	4.461	70.19	91.49	11.63	present	present	absent					Tsukamurella spumae	Tsukamurella	outgroup		79	draft			not in ingroup; not scored
RS_GCF_007858435.1	GCF_007858435.1	GTDB reference	Outgroup	Tsukamurella asaccharolytica	Outgroup (Tsukamurella, rooting taxa)	4.123	70.23	91.12	11.66	present	present	absent					Tsukamurella asaccharolytica	Tsukamurella	outgroup		83	draft			not in ingroup; not scored
RS_GCF_020169415.1	GCF_020169415.1	GTDB reference	Outgroup	Tsukamurella sp020169415	Outgroup (Tsukamurella, rooting taxa)	4.732	71.49	92.44	11.62	present	present	absent					Tsukamurella sp. M9C	not validly named	outgroup		110	draft			not in ingroup; not scored
RS_GCF_024807615.1	GCF_024807615.1	GTDB reference	Outgroup	Tsukamurella ocularis	Outgroup (Tsukamurella, rooting taxa)	4.307	70.28	92.11	11.51	present	present	absent					Tsukamurella ocularis	Tsukamurella	outgroup		9	draft			not in ingroup; not scored
RS_GCF_900104775.1	GCF_900104775.1	GTDB reference	Outgroup	Tsukamurella tyrosinosolvens	Outgroup (Tsukamurella, rooting taxa)	5.281	71.05	90.67	11.69	present	present	absent					Tsukamurella tyrosinosolvens	Tsukamurella	outgroup		4	draft			not in ingroup; not scored
RS_GCF_007858445.1	GCF_007858445.1	GTDB reference	Outgroup	Tsukamurella sputi	Outgroup (Tsukamurella, rooting taxa)	4.81	69.92	90.71	11.5	present	present	absent					Tsukamurella sputi	Tsukamurella	outgroup		266	draft			not in ingroup; not scored
RS_GCF_007858475.1	GCF_007858475.1	GTDB reference	Outgroup	Tsukamurella conjunctivitidis	Outgroup (Tsukamurella, rooting taxa)	5.076	70.53	91.03	11.59	present	present	absent					Tsukamurella conjunctivitidis	Tsukamurella	outgroup		345	draft			not in ingroup; not scored
RS_GCF_900103175.1	GCF_900103175.1	GTDB reference	Outgroup	Tsukamurella pulmonis	Outgroup (Tsukamurella, rooting taxa)	4.783	70.88	90.78	11.54	present	present	absent					Tsukamurella pulmonis	Tsukamurella	outgroup		2	draft			not in ingroup; not scored
RS_GCF_900631615.1	GCF_900631615.1	GTDB reference	Outgroup	Tsukamurella paurometabola_A	Outgroup (Tsukamurella, rooting taxa)	4.699	71.1	91.97	11.56	present	present	absent					Tsukamurella paurometabola	Tsukamurella	outgroup		1	closed			not in ingroup; not scored
RS_GCF_023168325.1	GCF_023168325.1	GTDB reference	Outgroup	Tsukamurella sp023168325	Outgroup (Tsukamurella, rooting taxa)	4.391	70.68	69.79	11.44	absent	present	absent					Tsukamurella sp. PLM1	not validly named	outgroup		1	closed			not in ingroup; not scored
RS_GCF_000092225.1	GCF_000092225.1	GTDB reference	Outgroup	Tsukamurella paurometabola	Outgroup (Tsukamurella, rooting taxa)	4.48	68.4	90.23	11.46	present	present	absent					Tsukamurella paurometabola DSM 20162	Tsukamurella	outgroup		2	draft			not in ingroup; not scored
RS_GCF_039525985.1	GCF_039525985.1	GTDB reference	Outgroup	Tsukamurella strandjordii	Outgroup (Tsukamurella, rooting taxa)	4.486	69.79	92.63	11.52	present	present	absent					Tsukamurella strandjordii	Tsukamurella	outgroup		21	draft			not in ingroup; not scored
RS_GCF_000312385.1	GCF_000312385.1	GTDB reference	Outgroup	Tsukamurella sp000312385	Outgroup (Tsukamurella, rooting taxa)	4.503	71.12	91.88	11.72	present	present	absent					Tsukamurella sp. 1534	not validly named	outgroup		4	draft			not in ingroup; not scored
GB_GCA_903970215.1	GCA_903970215.1	GTDB reference	Outgroup	Tsukamurella sp903970215	Outgroup (Tsukamurella, rooting taxa)	4.993	68.29	90.56	11.19	absent	present	absent					Acidobacteriaceae bacterium	not validly named	outgroup		894	draft			not in ingroup; not scored
RS_GCF_039541155.1	GCF_039541155.1	GTDB reference	Outgroup	Tsukamurella soli	Outgroup (Tsukamurella, rooting taxa)	5.558	70.09	87.85	11.37	present	present	absent					Tsukamurella soli	Tsukamurella	outgroup		269	draft			not in ingroup; not scored
RS_GCF_029167375.1	GCF_029167375.1	GTDB reference	Outgroup	Tsukamurella sp029167375	Outgroup (Tsukamurella, rooting taxa)	4.681	68.89	91.34	11.53	present	present	absent					Tsukamurella sp. 8F	not validly named	outgroup		70	draft			not in ingroup; not scored
