genome	bakta	db_version	db_type	duration	command
GCA_000230935.2	1.11.4	6.0	full	6.96 min	~/miniconda3/envs/bakta/bin/bakta --db ~/database/bakta-db/db --output <project>/bakta_isolates/GCA_000230935.2 --prefix GCA_000230935.2 --threads 8 --skip-plot --force /tmp/bakta_iso_1677689/GCA_000230935.2.fna
GCA_001942045.1	1.11.4	6.0	full	17.63 min	~/miniconda3/envs/bakta/bin/bakta --db ~/database/bakta-db/db --output <project>/bakta_isolates/GCA_001942045.1 --prefix GCA_001942045.1 --threads 3 --skip-plot --force /tmp/bakta_iso_1761040/GCA_001942045.1.fna
GCA_002007745.1	1.11.4	6.0	full	17.78 min	~/miniconda3/envs/bakta/bin/bakta --db ~/database/bakta-db/db --output <project>/bakta_isolates/GCA_002007745.1 --prefix GCA_002007745.1 --threads 3 --skip-plot --force /tmp/bakta_iso_1761040/GCA_002007745.1.fna
GCA_002102225.1	1.11.4	6.0	full	17.44 min	~/miniconda3/envs/bakta/bin/bakta --db ~/database/bakta-db/db --output <project>/bakta_isolates/GCA_002102225.1 --prefix GCA_002102225.1 --threads 3 --skip-plot --force /tmp/bakta_iso_1761040/GCA_002102225.1.fna
GCA_002967005.1	1.11.4	6.0	full	13.15 min	~/miniconda3/envs/bakta/bin/bakta --db ~/database/bakta-db/db --output <project>/bakta_isolates/GCA_002967005.1 --prefix GCA_002967005.1 --threads 3 --skip-plot --force /tmp/bakta_iso_1761040/GCA_002967005.1.fna
GCA_003347205.1	1.11.4	6.0	full	19.80 min	~/miniconda3/envs/bakta/bin/bakta --db ~/database/bakta-db/db --output <project>/bakta_isolates/GCA_003347205.1 --prefix GCA_003347205.1 --threads 3 --skip-plot --force /tmp/bakta_iso_1761040/GCA_003347205.1.fna
GCA_016197365.1	1.11.4	6.0	full	18.86 min	~/miniconda3/envs/bakta/bin/bakta --db ~/database/bakta-db/db --output <project>/bakta_isolates/GCA_016197365.1 --prefix GCA_016197365.1 --threads 3 --skip-plot --force /tmp/bakta_iso_1761040/GCA_016197365.1.fna
GCA_021654635.1	1.11.4	6.0	full	13.45 min	~/miniconda3/envs/bakta/bin/bakta --db ~/database/bakta-db/db --output <project>/bakta_isolates/GCA_021654635.1 --prefix GCA_021654635.1 --threads 3 --skip-plot --force /tmp/bakta_iso_1761040/GCA_021654635.1.fna
GCA_024758765.1	1.11.4	6.0	full	14.73 min	~/miniconda3/envs/bakta/bin/bakta --db ~/database/bakta-db/db --output <project>/bakta_isolates/GCA_024758765.1 --prefix GCA_024758765.1 --threads 3 --skip-plot --force /tmp/bakta_iso_1761040/GCA_024758765.1.fna
GCA_025821245.1	1.11.4	6.0	full	18.98 min	~/miniconda3/envs/bakta/bin/bakta --db ~/database/bakta-db/db --output <project>/bakta_isolates/GCA_025821245.1 --prefix GCA_025821245.1 --threads 3 --skip-plot --force /tmp/bakta_iso_1761040/GCA_025821245.1.fna
GCA_900078775.1	1.11.4	6.0	full	16.70 min	~/miniconda3/envs/bakta/bin/bakta --db ~/database/bakta-db/db --output <project>/bakta_isolates/GCA_900078775.1 --prefix GCA_900078775.1 --threads 3 --skip-plot --force /tmp/bakta_iso_1761040/GCA_900078775.1.fna
GCA_900637135.1	1.11.4	6.0	full	14.19 min	~/miniconda3/envs/bakta/bin/bakta --db ~/database/bakta-db/db --output <project>/bakta_isolates/GCA_900637135.1 --prefix GCA_900637135.1 --threads 3 --skip-plot --force /tmp/bakta_iso_1761040/GCA_900637135.1.fna
GCF_000157895.3	1.11.4	6.0	full	11.11 min	~/miniconda3/envs/bakta/bin/bakta --db ~/database/bakta-db/db --output <project>/bakta_isolates/GCF_000157895.3 --prefix GCF_000157895.3 --threads 3 --skip-plot --force /tmp/bakta_iso_1761040/GCF_000157895.3.fna
GCF_000164135.1	1.11.4	6.0	full	11.78 min	~/miniconda3/envs/bakta/bin/bakta --db ~/database/bakta-db/db --output <project>/bakta_isolates/GCF_000164135.1 --prefix GCF_000164135.1 --threads 3 --skip-plot --force /tmp/bakta_iso_1761040/GCF_000164135.1.fna
GCF_000195855.1	1.11.4	6.0	full	11.67 min	~/miniconda3/envs/bakta/bin/bakta --db ~/database/bakta-db/db --output <project>/bakta_isolates/GCF_000195855.1 --prefix GCF_000195855.1 --threads 3 --skip-plot --force /tmp/bakta_iso_1761040/GCF_000195855.1.fna
GCF_000195955.2	1.11.4	6.0	full	10.59 min	~/miniconda3/envs/bakta/bin/bakta --db ~/database/bakta-db/db --output <project>/bakta_isolates/GCF_000195955.2 --prefix GCF_000195955.2 --threads 3 --skip-plot --force /tmp/bakta_iso_1761040/GCF_000195955.2.fna
GCF_000230895.2	1.11.4	6.0	full	11.30 min	~/miniconda3/envs/bakta/bin/bakta --db ~/database/bakta-db/db --output <project>/bakta_isolates/GCF_000230895.2 --prefix GCF_000230895.2 --threads 3 --skip-plot --force /tmp/bakta_iso_1761040/GCF_000230895.2.fna
GCF_000243415.2	1.11.4	6.0	full	14.13 min	~/miniconda3/envs/bakta/bin/bakta --db ~/database/bakta-db/db --output <project>/bakta_isolates/GCF_000243415.2 --prefix GCF_000243415.2 --threads 3 --skip-plot --force /tmp/bakta_iso_1761040/GCF_000243415.2.fna
GCF_000266905.1	1.11.4	6.0	full	11.35 min	~/miniconda3/envs/bakta/bin/bakta --db ~/database/bakta-db/db --output <project>/bakta_isolates/GCF_000266905.1 --prefix GCF_000266905.1 --threads 3 --skip-plot --force /tmp/bakta_iso_1761040/GCF_000266905.1.fna
GCF_000277125.1	1.11.4	6.0	full	11.60 min	~/miniconda3/envs/bakta/bin/bakta --db ~/database/bakta-db/db --output <project>/bakta_isolates/GCF_000277125.1 --prefix GCF_000277125.1 --threads 3 --skip-plot --force /tmp/bakta_iso_1761040/GCF_000277125.1.fna
GCF_000317305.3	1.11.4	6.0	full	14.24 min	~/miniconda3/envs/bakta/bin/bakta --db ~/database/bakta-db/db --output <project>/bakta_isolates/GCF_000317305.3 --prefix GCF_000317305.3 --threads 3 --skip-plot --force /tmp/bakta_iso_1761040/GCF_000317305.3.fna
GCF_000340435.2	1.11.4	6.0	full	10.84 min	~/miniconda3/envs/bakta/bin/bakta --db ~/database/bakta-db/db --output <project>/bakta_isolates/GCF_000340435.2 --prefix GCF_000340435.2 --threads 3 --skip-plot --force /tmp/bakta_iso_1761040/GCF_000340435.2.fna
GCF_000455325.1	1.11.4	6.0	full	16.04 min	~/miniconda3/envs/bakta/bin/bakta --db ~/database/bakta-db/db --output <project>/bakta_isolates/GCF_000455325.1 --prefix GCF_000455325.1 --threads 3 --skip-plot --force /tmp/bakta_iso_1761040/GCF_000455325.1.fna
GCF_000526915.1	1.11.4	6.0	full	12.83 min	~/miniconda3/envs/bakta/bin/bakta --db ~/database/bakta-db/db --output <project>/bakta_isolates/GCF_000526915.1 --prefix GCF_000526915.1 --threads 3 --skip-plot --force /tmp/bakta_iso_1761040/GCF_000526915.1.fna
GCF_000559085.1	1.11.4	6.0	full	12.82 min	~/miniconda3/envs/bakta/bin/bakta --db ~/database/bakta-db/db --output <project>/bakta_isolates/GCF_000559085.1 --prefix GCF_000559085.1 --threads 3 --skip-plot --force /tmp/bakta_iso_1761040/GCF_000559085.1.fna
GCF_000612725.1	1.11.4	6.0	full	12.20 min	~/miniconda3/envs/bakta/bin/bakta --db ~/database/bakta-db/db --output <project>/bakta_isolates/GCF_000612725.1 --prefix GCF_000612725.1 --threads 3 --skip-plot --force /tmp/bakta_iso_1761040/GCF_000612725.1.fna
GCF_000613185.1	1.11.4	6.0	full	12.41 min	~/miniconda3/envs/bakta/bin/bakta --db ~/database/bakta-db/db --output <project>/bakta_isolates/GCF_000613185.1 --prefix GCF_000613185.1 --threads 3 --skip-plot --force /tmp/bakta_iso_1761040/GCF_000613185.1.fna
GCF_000613245.1	1.11.4	6.0	full	13.77 min	~/miniconda3/envs/bakta/bin/bakta --db ~/database/bakta-db/db --output <project>/bakta_isolates/GCF_000613245.1 --prefix GCF_000613245.1 --threads 3 --skip-plot --force /tmp/bakta_iso_1761040/GCF_000613245.1.fna
GCF_000689255.1	1.11.4	6.0	full	11.33 min	~/miniconda3/envs/bakta/bin/bakta --db ~/database/bakta-db/db --output <project>/bakta_isolates/GCF_000689255.1 --prefix GCF_000689255.1 --threads 3 --skip-plot --force /tmp/bakta_iso_1761040/GCF_000689255.1.fna
GCF_000691525.1	1.11.4	6.0	full	11.02 min	~/miniconda3/envs/bakta/bin/bakta --db ~/database/bakta-db/db --output <project>/bakta_isolates/GCF_000691525.1 --prefix GCF_000691525.1 --threads 3 --skip-plot --force /tmp/bakta_iso_1761040/GCF_000691525.1.fna
GCF_000723385.1	1.11.4	6.0	full	10.87 min	~/miniconda3/envs/bakta/bin/bakta --db ~/database/bakta-db/db --output <project>/bakta_isolates/GCF_000723385.1 --prefix GCF_000723385.1 --threads 3 --skip-plot --force /tmp/bakta_iso_1761040/GCF_000723385.1.fna
GCF_000805385.1	1.11.4	6.0	full	13.95 min	~/miniconda3/envs/bakta/bin/bakta --db ~/database/bakta-db/db --output <project>/bakta_isolates/GCF_000805385.1 --prefix GCF_000805385.1 --threads 3 --skip-plot --force /tmp/bakta_iso_1761040/GCF_000805385.1.fna
GCF_000975265.2	1.11.4	6.0	full	9.96 min	~/miniconda3/envs/bakta/bin/bakta --db ~/database/bakta-db/db --output <project>/bakta_isolates/GCF_000975265.2 --prefix GCF_000975265.2 --threads 3 --skip-plot --force /tmp/bakta_iso_1761040/GCF_000975265.2.fna
GCF_001044235.1	1.11.4	6.0	full	13.93 min	~/miniconda3/envs/bakta/bin/bakta --db ~/database/bakta-db/db --output <project>/bakta_isolates/GCF_001044235.1 --prefix GCF_001044235.1 --threads 3 --skip-plot --force /tmp/bakta_iso_1761040/GCF_001044235.1.fna
GCF_001044255.1	1.11.4	6.0	full	12.72 min	~/miniconda3/envs/bakta/bin/bakta --db ~/database/bakta-db/db --output <project>/bakta_isolates/GCF_001044255.1 --prefix GCF_001044255.1 --threads 3 --skip-plot --force /tmp/bakta_iso_1761040/GCF_001044255.1.fna
GCF_001050015.1	1.11.4	6.0	full	13.10 min	~/miniconda3/envs/bakta/bin/bakta --db ~/database/bakta-db/db --output <project>/bakta_isolates/GCF_001050015.1 --prefix GCF_001050015.1 --threads 3 --skip-plot --force /tmp/bakta_iso_1761040/GCF_001050015.1.fna
GCF_001050035.1	1.11.4	6.0	full	13.02 min	~/miniconda3/envs/bakta/bin/bakta --db ~/database/bakta-db/db --output <project>/bakta_isolates/GCF_001050035.1 --prefix GCF_001050035.1 --threads 3 --skip-plot --force /tmp/bakta_iso_1761040/GCF_001050035.1.fna
GCF_001053185.1	1.11.4	6.0	full	11.57 min	~/miniconda3/envs/bakta/bin/bakta --db ~/database/bakta-db/db --output <project>/bakta_isolates/GCF_001053185.1 --prefix GCF_001053185.1 --threads 3 --skip-plot --force /tmp/bakta_iso_1761040/GCF_001053185.1.fna
GCF_001187505.1	1.11.4	6.0	full	13.67 min	~/miniconda3/envs/bakta/bin/bakta --db ~/database/bakta-db/db --output <project>/bakta_isolates/GCF_001187505.1 --prefix GCF_001187505.1 --threads 3 --skip-plot --force /tmp/bakta_iso_1761040/GCF_001187505.1.fna
GCF_001245615.1	1.11.4	6.0	full	10.70 min	~/miniconda3/envs/bakta/bin/bakta --db ~/database/bakta-db/db --output <project>/bakta_isolates/GCF_001245615.1 --prefix GCF_001245615.1 --threads 3 --skip-plot --force /tmp/bakta_iso_1761040/GCF_001245615.1.fna
GCF_001457595.1	1.11.4	6.0	full	12.74 min	~/miniconda3/envs/bakta/bin/bakta --db ~/database/bakta-db/db --output <project>/bakta_isolates/GCF_001457595.1 --prefix GCF_001457595.1 --threads 3 --skip-plot --force /tmp/bakta_iso_1761040/GCF_001457595.1.fna
GCF_001552715.1	1.11.4	6.0	full	13.27 min	~/miniconda3/envs/bakta/bin/bakta --db ~/database/bakta-db/db --output <project>/bakta_isolates/GCF_001552715.1 --prefix GCF_001552715.1 --threads 3 --skip-plot --force /tmp/bakta_iso_1761040/GCF_001552715.1.fna
GCF_001570425.1	1.11.4	6.0	full	13.69 min	~/miniconda3/envs/bakta/bin/bakta --db ~/database/bakta-db/db --output <project>/bakta_isolates/GCF_001570425.1 --prefix GCF_001570425.1 --threads 3 --skip-plot --force /tmp/bakta_iso_1761040/GCF_001570425.1.fna
GCF_001570485.1	1.11.4	6.0	full	12.84 min	~/miniconda3/envs/bakta/bin/bakta --db ~/database/bakta-db/db --output <project>/bakta_isolates/GCF_001570485.1 --prefix GCF_001570485.1 --threads 3 --skip-plot --force /tmp/bakta_iso_1761040/GCF_001570485.1.fna
GCF_001583415.1	1.11.4	6.0	full	11.78 min	~/miniconda3/envs/bakta/bin/bakta --db ~/database/bakta-db/db --output <project>/bakta_isolates/GCF_001583415.1 --prefix GCF_001583415.1 --threads 3 --skip-plot --force /tmp/bakta_iso_1761040/GCF_001583415.1.fna
GCF_001644575.1	1.11.4	6.0	full	12.36 min	~/miniconda3/envs/bakta/bin/bakta --db ~/database/bakta-db/db --output <project>/bakta_isolates/GCF_001644575.1 --prefix GCF_001644575.1 --threads 3 --skip-plot --force /tmp/bakta_iso_1761040/GCF_001644575.1.fna
GCF_001650495.1	1.11.4	6.0	full	13.30 min	~/miniconda3/envs/bakta/bin/bakta --db ~/database/bakta-db/db --output <project>/bakta_isolates/GCF_001650495.1 --prefix GCF_001650495.1 --threads 3 --skip-plot --force /tmp/bakta_iso_1761040/GCF_001650495.1.fna
GCF_001665625.1	1.11.4	6.0	full	13.97 min	~/miniconda3/envs/bakta/bin/bakta --db ~/database/bakta-db/db --output <project>/bakta_isolates/GCF_001665625.1 --prefix GCF_001665625.1 --threads 3 --skip-plot --force /tmp/bakta_iso_1761040/GCF_001665625.1.fna
GCF_001665785.1	1.11.4	6.0	full	13.31 min	~/miniconda3/envs/bakta/bin/bakta --db ~/database/bakta-db/db --output <project>/bakta_isolates/GCF_001665785.1 --prefix GCF_001665785.1 --threads 3 --skip-plot --force /tmp/bakta_iso_1761040/GCF_001665785.1.fna
GCF_001665835.1	1.11.4	6.0	full	12.44 min	~/miniconda3/envs/bakta/bin/bakta --db ~/database/bakta-db/db --output <project>/bakta_isolates/GCF_001665835.1 --prefix GCF_001665835.1 --threads 3 --skip-plot --force /tmp/bakta_iso_1761040/GCF_001665835.1.fna
GCF_001667375.1	1.11.4	6.0	full	13.27 min	~/miniconda3/envs/bakta/bin/bakta --db ~/database/bakta-db/db --output <project>/bakta_isolates/GCF_001667375.1 --prefix GCF_001667375.1 --threads 3 --skip-plot --force /tmp/bakta_iso_1761040/GCF_001667375.1.fna
GCF_001667865.1	1.11.4	6.0	full	13.14 min	~/miniconda3/envs/bakta/bin/bakta --db ~/database/bakta-db/db --output <project>/bakta_isolates/GCF_001667865.1 --prefix GCF_001667865.1 --threads 3 --skip-plot --force /tmp/bakta_iso_1761040/GCF_001667865.1.fna
GCF_001667885.1	1.11.4	6.0	full	12.64 min	~/miniconda3/envs/bakta/bin/bakta --db ~/database/bakta-db/db --output <project>/bakta_isolates/GCF_001667885.1 --prefix GCF_001667885.1 --threads 3 --skip-plot --force /tmp/bakta_iso_1761040/GCF_001667885.1.fna
GCF_001667945.1	1.11.4	6.0	full	11.95 min	~/miniconda3/envs/bakta/bin/bakta --db ~/database/bakta-db/db --output <project>/bakta_isolates/GCF_001667945.1 --prefix GCF_001667945.1 --threads 3 --skip-plot --force /tmp/bakta_iso_1761040/GCF_001667945.1.fna
GCF_001668675.1	1.11.4	6.0	full	15.31 min	~/miniconda3/envs/bakta/bin/bakta --db ~/database/bakta-db/db --output <project>/bakta_isolates/GCF_001668675.1 --prefix GCF_001668675.1 --threads 3 --skip-plot --force /tmp/bakta_iso_1761040/GCF_001668675.1.fna
GCF_001672755.1	1.11.4	6.0	full	12.21 min	~/miniconda3/envs/bakta/bin/bakta --db ~/database/bakta-db/db --output <project>/bakta_isolates/GCF_001672755.1 --prefix GCF_001672755.1 --threads 3 --skip-plot --force /tmp/bakta_iso_1761040/GCF_001672755.1.fna
GCF_001672775.1	1.11.4	6.0	full	12.21 min	~/miniconda3/envs/bakta/bin/bakta --db ~/database/bakta-db/db --output <project>/bakta_isolates/GCF_001672775.1 --prefix GCF_001672775.1 --threads 3 --skip-plot --force /tmp/bakta_iso_1761040/GCF_001672775.1.fna
GCF_001673315.1	1.11.4	6.0	full	12.54 min	~/miniconda3/envs/bakta/bin/bakta --db ~/database/bakta-db/db --output <project>/bakta_isolates/GCF_001673315.1 --prefix GCF_001673315.1 --threads 3 --skip-plot --force /tmp/bakta_iso_1761040/GCF_001673315.1.fna
GCF_001673365.1	1.11.4	6.0	full	13.56 min	~/miniconda3/envs/bakta/bin/bakta --db ~/database/bakta-db/db --output <project>/bakta_isolates/GCF_001673365.1 --prefix GCF_001673365.1 --threads 3 --skip-plot --force /tmp/bakta_iso_1761040/GCF_001673365.1.fna
GCF_001673565.1	1.11.4	6.0	full	12.38 min	~/miniconda3/envs/bakta/bin/bakta --db ~/database/bakta-db/db --output <project>/bakta_isolates/GCF_001673565.1 --prefix GCF_001673565.1 --threads 3 --skip-plot --force /tmp/bakta_iso_1761040/GCF_001673565.1.fna
GCF_001673575.1	1.11.4	6.0	full	12.68 min	~/miniconda3/envs/bakta/bin/bakta --db ~/database/bakta-db/db --output <project>/bakta_isolates/GCF_001673575.1 --prefix GCF_001673575.1 --threads 3 --skip-plot --force /tmp/bakta_iso_1761040/GCF_001673575.1.fna
GCF_001673635.1	1.11.4	6.0	full	14.69 min	~/miniconda3/envs/bakta/bin/bakta --db ~/database/bakta-db/db --output <project>/bakta_isolates/GCF_001673635.1 --prefix GCF_001673635.1 --threads 3 --skip-plot --force /tmp/bakta_iso_1761040/GCF_001673635.1.fna
GCF_001907675.1	1.11.4	6.0	full	12.41 min	~/miniconda3/envs/bakta/bin/bakta --db ~/database/bakta-db/db --output <project>/bakta_isolates/GCF_001907675.1 --prefix GCF_001907675.1 --threads 3 --skip-plot --force /tmp/bakta_iso_1761040/GCF_001907675.1.fna
GCF_001942625.1	1.11.4	6.0	full	12.89 min	~/miniconda3/envs/bakta/bin/bakta --db ~/database/bakta-db/db --output <project>/bakta_isolates/GCF_001942625.1 --prefix GCF_001942625.1 --threads 3 --skip-plot --force /tmp/bakta_iso_1761040/GCF_001942625.1.fna
GCF_001953985.1	1.11.4	6.0	full	13.21 min	~/miniconda3/envs/bakta/bin/bakta --db ~/database/bakta-db/db --output <project>/bakta_isolates/GCF_001953985.1 --prefix GCF_001953985.1 --threads 3 --skip-plot --force /tmp/bakta_iso_1761040/GCF_001953985.1.fna
GCF_002086115.1	1.11.4	6.0	full	13.92 min	~/miniconda3/envs/bakta/bin/bakta --db ~/database/bakta-db/db --output <project>/bakta_isolates/GCF_002086115.1 --prefix GCF_002086115.1 --threads 3 --skip-plot --force /tmp/bakta_iso_1761040/GCF_002086115.1.fna
GCF_002086125.1	1.11.4	6.0	full	15.29 min	~/miniconda3/envs/bakta/bin/bakta --db ~/database/bakta-db/db --output <project>/bakta_isolates/GCF_002086125.1 --prefix GCF_002086125.1 --threads 3 --skip-plot --force /tmp/bakta_iso_1761040/GCF_002086125.1.fna
GCF_002086275.1	1.11.4	6.0	full	16.11 min	~/miniconda3/envs/bakta/bin/bakta --db ~/database/bakta-db/db --output <project>/bakta_isolates/GCF_002086275.1 --prefix GCF_002086275.1 --threads 3 --skip-plot --force /tmp/bakta_iso_1761040/GCF_002086275.1.fna
GCF_002086285.1	1.11.4	6.0	full	12.04 min	~/miniconda3/envs/bakta/bin/bakta --db ~/database/bakta-db/db --output <project>/bakta_isolates/GCF_002086285.1 --prefix GCF_002086285.1 --threads 3 --skip-plot --force /tmp/bakta_iso_1761040/GCF_002086285.1.fna
GCF_002086455.1	1.11.4	6.0	full	11.38 min	~/miniconda3/envs/bakta/bin/bakta --db ~/database/bakta-db/db --output <project>/bakta_isolates/GCF_002086455.1 --prefix GCF_002086455.1 --threads 3 --skip-plot --force /tmp/bakta_iso_1761040/GCF_002086455.1.fna
GCF_002086485.1	1.11.4	6.0	full	14.76 min	~/miniconda3/envs/bakta/bin/bakta --db ~/database/bakta-db/db --output <project>/bakta_isolates/GCF_002086485.1 --prefix GCF_002086485.1 --threads 3 --skip-plot --force /tmp/bakta_iso_1761040/GCF_002086485.1.fna
GCF_002086515.1	1.11.4	6.0	full	11.44 min	~/miniconda3/envs/bakta/bin/bakta --db ~/database/bakta-db/db --output <project>/bakta_isolates/GCF_002086515.1 --prefix GCF_002086515.1 --threads 3 --skip-plot --force /tmp/bakta_iso_1761040/GCF_002086515.1.fna
GCF_002086635.1	1.11.4	6.0	full	13.06 min	~/miniconda3/envs/bakta/bin/bakta --db ~/database/bakta-db/db --output <project>/bakta_isolates/GCF_002086635.1 --prefix GCF_002086635.1 --threads 3 --skip-plot --force /tmp/bakta_iso_1761040/GCF_002086635.1.fna
GCF_002086675.1	1.11.4	6.0	full	16.31 min	~/miniconda3/envs/bakta/bin/bakta --db ~/database/bakta-db/db --output <project>/bakta_isolates/GCF_002086675.1 --prefix GCF_002086675.1 --threads 3 --skip-plot --force /tmp/bakta_iso_1761040/GCF_002086675.1.fna
GCF_002086695.1	1.11.4	6.0	full	13.67 min	~/miniconda3/envs/bakta/bin/bakta --db ~/database/bakta-db/db --output <project>/bakta_isolates/GCF_002086695.1 --prefix GCF_002086695.1 --threads 3 --skip-plot --force /tmp/bakta_iso_1761040/GCF_002086695.1.fna
GCF_002086735.1	1.11.4	6.0	full	12.85 min	~/miniconda3/envs/bakta/bin/bakta --db ~/database/bakta-db/db --output <project>/bakta_isolates/GCF_002086735.1 --prefix GCF_002086735.1 --threads 3 --skip-plot --force /tmp/bakta_iso_1761040/GCF_002086735.1.fna
GCF_002086795.1	1.11.4	6.0	full	12.33 min	~/miniconda3/envs/bakta/bin/bakta --db ~/database/bakta-db/db --output <project>/bakta_isolates/GCF_002086795.1 --prefix GCF_002086795.1 --threads 3 --skip-plot --force /tmp/bakta_iso_1761040/GCF_002086795.1.fna
GCF_002086815.1	1.11.4	6.0	full	12.17 min	~/miniconda3/envs/bakta/bin/bakta --db ~/database/bakta-db/db --output <project>/bakta_isolates/GCF_002086815.1 --prefix GCF_002086815.1 --threads 3 --skip-plot --force /tmp/bakta_iso_1761040/GCF_002086815.1.fna
GCF_002101555.1	1.11.4	6.0	full	13.78 min	~/miniconda3/envs/bakta/bin/bakta --db ~/database/bakta-db/db --output <project>/bakta_isolates/GCF_002101555.1 --prefix GCF_002101555.1 --threads 3 --skip-plot --force /tmp/bakta_iso_1761040/GCF_002101555.1.fna
GCF_002101585.1	1.11.4	6.0	full	10.77 min	~/miniconda3/envs/bakta/bin/bakta --db ~/database/bakta-db/db --output <project>/bakta_isolates/GCF_002101585.1 --prefix GCF_002101585.1 --threads 3 --skip-plot --force /tmp/bakta_iso_1761040/GCF_002101585.1.fna
GCF_002101595.1	1.11.4	6.0	full	13.02 min	~/miniconda3/envs/bakta/bin/bakta --db ~/database/bakta-db/db --output <project>/bakta_isolates/GCF_002101595.1 --prefix GCF_002101595.1 --threads 3 --skip-plot --force /tmp/bakta_iso_1761040/GCF_002101595.1.fna
GCF_002101675.1	1.11.4	6.0	full	14.94 min	~/miniconda3/envs/bakta/bin/bakta --db ~/database/bakta-db/db --output <project>/bakta_isolates/GCF_002101675.1 --prefix GCF_002101675.1 --threads 3 --skip-plot --force /tmp/bakta_iso_1761040/GCF_002101675.1.fna
GCF_002101705.1	1.11.4	6.0	full	12.18 min	~/miniconda3/envs/bakta/bin/bakta --db ~/database/bakta-db/db --output <project>/bakta_isolates/GCF_002101705.1 --prefix GCF_002101705.1 --threads 3 --skip-plot --force /tmp/bakta_iso_1761040/GCF_002101705.1.fna
GCF_002101735.1	1.11.4	6.0	full	12.46 min	~/miniconda3/envs/bakta/bin/bakta --db ~/database/bakta-db/db --output <project>/bakta_isolates/GCF_002101735.1 --prefix GCF_002101735.1 --threads 3 --skip-plot --force /tmp/bakta_iso_1761040/GCF_002101735.1.fna
GCF_002101775.1	1.11.4	6.0	full	12.55 min	~/miniconda3/envs/bakta/bin/bakta --db ~/database/bakta-db/db --output <project>/bakta_isolates/GCF_002101775.1 --prefix GCF_002101775.1 --threads 3 --skip-plot --force /tmp/bakta_iso_1761040/GCF_002101775.1.fna
GCF_002101785.1	1.11.4	6.0	full	14.13 min	~/miniconda3/envs/bakta/bin/bakta --db ~/database/bakta-db/db --output <project>/bakta_isolates/GCF_002101785.1 --prefix GCF_002101785.1 --threads 3 --skip-plot --force /tmp/bakta_iso_1761040/GCF_002101785.1.fna
GCF_002101815.1	1.11.4	6.0	full	12.32 min	~/miniconda3/envs/bakta/bin/bakta --db ~/database/bakta-db/db --output <project>/bakta_isolates/GCF_002101815.1 --prefix GCF_002101815.1 --threads 3 --skip-plot --force /tmp/bakta_iso_1761040/GCF_002101815.1.fna
GCF_002101885.1	1.11.4	6.0	full	9.67 min	~/miniconda3/envs/bakta/bin/bakta --db ~/database/bakta-db/db --output <project>/bakta_isolates/GCF_002101885.1 --prefix GCF_002101885.1 --threads 3 --skip-plot --force /tmp/bakta_iso_1761040/GCF_002101885.1.fna
GCF_002101965.1	1.11.4	6.0	full	13.05 min	~/miniconda3/envs/bakta/bin/bakta --db ~/database/bakta-db/db --output <project>/bakta_isolates/GCF_002101965.1 --prefix GCF_002101965.1 --threads 3 --skip-plot --force /tmp/bakta_iso_1761040/GCF_002101965.1.fna
GCF_002102155.1	1.11.4	6.0	full	11.93 min	~/miniconda3/envs/bakta/bin/bakta --db ~/database/bakta-db/db --output <project>/bakta_isolates/GCF_002102155.1 --prefix GCF_002102155.1 --threads 3 --skip-plot --force /tmp/bakta_iso_1761040/GCF_002102155.1.fna
GCF_002102175.1	1.11.4	6.0	full	14.90 min	~/miniconda3/envs/bakta/bin/bakta --db ~/database/bakta-db/db --output <project>/bakta_isolates/GCF_002102175.1 --prefix GCF_002102175.1 --threads 3 --skip-plot --force /tmp/bakta_iso_1761040/GCF_002102175.1.fna
GCF_002102185.1	1.11.4	6.0	full	11.72 min	~/miniconda3/envs/bakta/bin/bakta --db ~/database/bakta-db/db --output <project>/bakta_isolates/GCF_002102185.1 --prefix GCF_002102185.1 --threads 3 --skip-plot --force /tmp/bakta_iso_1761040/GCF_002102185.1.fna
GCF_002102255.1	1.11.4	6.0	full	14.03 min	~/miniconda3/envs/bakta/bin/bakta --db ~/database/bakta-db/db --output <project>/bakta_isolates/GCF_002102255.1 --prefix GCF_002102255.1 --threads 3 --skip-plot --force /tmp/bakta_iso_1761040/GCF_002102255.1.fna
GCF_002102265.1	1.11.4	6.0	full	11.22 min	~/miniconda3/envs/bakta/bin/bakta --db ~/database/bakta-db/db --output <project>/bakta_isolates/GCF_002102265.1 --prefix GCF_002102265.1 --threads 3 --skip-plot --force /tmp/bakta_iso_1761040/GCF_002102265.1.fna
GCF_002102345.1	1.11.4	6.0	full	14.58 min	~/miniconda3/envs/bakta/bin/bakta --db ~/database/bakta-db/db --output <project>/bakta_isolates/GCF_002102345.1 --prefix GCF_002102345.1 --threads 3 --skip-plot --force /tmp/bakta_iso_1761040/GCF_002102345.1.fna
GCF_002102355.1	1.11.4	6.0	full	12.36 min	~/miniconda3/envs/bakta/bin/bakta --db ~/database/bakta-db/db --output <project>/bakta_isolates/GCF_002102355.1 --prefix GCF_002102355.1 --threads 3 --skip-plot --force /tmp/bakta_iso_1761040/GCF_002102355.1.fna
GCF_002102395.1	1.11.4	6.0	full	7.28 min	~/miniconda3/envs/bakta/bin/bakta --db ~/database/bakta-db/db --output <project>/bakta_isolates/GCF_002102395.1 --prefix GCF_002102395.1 --threads 3 --skip-plot --force /tmp/bakta_iso_1761040/GCF_002102395.1.fna
GCF_002104765.1	1.11.4	6.0	full	13.28 min	~/miniconda3/envs/bakta/bin/bakta --db ~/database/bakta-db/db --output <project>/bakta_isolates/GCF_002104765.1 --prefix GCF_002104765.1 --threads 3 --skip-plot --force /tmp/bakta_iso_1761040/GCF_002104765.1.fna
GCF_002104795.1	1.11.4	6.0	full	7.87 min	~/miniconda3/envs/bakta/bin/bakta --db ~/database/bakta-db/db --output <project>/bakta_isolates/GCF_002104795.1 --prefix GCF_002104795.1 --threads 3 --skip-plot --force /tmp/bakta_iso_1761040/GCF_002104795.1.fna
GCF_002105755.1	1.11.4	6.0	full	11.66 min	~/miniconda3/envs/bakta/bin/bakta --db ~/database/bakta-db/db --output <project>/bakta_isolates/GCF_002105755.1 --prefix GCF_002105755.1 --threads 3 --skip-plot --force /tmp/bakta_iso_1761040/GCF_002105755.1.fna
GCF_002116635.1	1.11.4	6.0	full	16.41 min	~/miniconda3/envs/bakta/bin/bakta --db ~/database/bakta-db/db --output <project>/bakta_isolates/GCF_002116635.1 --prefix GCF_002116635.1 --threads 3 --skip-plot --force /tmp/bakta_iso_1761040/GCF_002116635.1.fna
GCF_002157835.1	1.11.4	6.0	full	15.04 min	~/miniconda3/envs/bakta/bin/bakta --db ~/database/bakta-db/db --output <project>/bakta_isolates/GCF_002157835.1 --prefix GCF_002157835.1 --threads 3 --skip-plot --force /tmp/bakta_iso_1761040/GCF_002157835.1.fna
GCF_002245535.1	1.11.4	6.0	full	11.89 min	~/miniconda3/envs/bakta/bin/bakta --db ~/database/bakta-db/db --output <project>/bakta_isolates/GCF_002245535.1 --prefix GCF_002245535.1 --threads 3 --skip-plot --force /tmp/bakta_iso_1761040/GCF_002245535.1.fna
GCF_002250655.1	1.11.4	6.0	full	14.13 min	~/miniconda3/envs/bakta/bin/bakta --db ~/database/bakta-db/db --output <project>/bakta_isolates/GCF_002250655.1 --prefix GCF_002250655.1 --threads 3 --skip-plot --force /tmp/bakta_iso_1761040/GCF_002250655.1.fna
GCF_002356315.1	1.11.4	6.0	full	11.80 min	~/miniconda3/envs/bakta/bin/bakta --db ~/database/bakta-db/db --output <project>/bakta_isolates/GCF_002356315.1 --prefix GCF_002356315.1 --threads 3 --skip-plot --force /tmp/bakta_iso_1761040/GCF_002356315.1.fna
GCF_002553505.1	1.11.4	6.0	full	13.88 min	~/miniconda3/envs/bakta/bin/bakta --db ~/database/bakta-db/db --output <project>/bakta_isolates/GCF_002553505.1 --prefix GCF_002553505.1 --threads 3 --skip-plot --force /tmp/bakta_iso_1761040/GCF_002553505.1.fna
GCF_002591975.1	1.11.4	6.0	full	14.17 min	~/miniconda3/envs/bakta/bin/bakta --db ~/database/bakta-db/db --output <project>/bakta_isolates/GCF_002591975.1 --prefix GCF_002591975.1 --threads 3 --skip-plot --force /tmp/bakta_iso_1761040/GCF_002591975.1.fna
GCF_002592005.1	1.11.4	6.0	full	14.31 min	~/miniconda3/envs/bakta/bin/bakta --db ~/database/bakta-db/db --output <project>/bakta_isolates/GCF_002592005.1 --prefix GCF_002592005.1 --threads 3 --skip-plot --force /tmp/bakta_iso_1761040/GCF_002592005.1.fna
GCF_002705925.1	1.11.4	6.0	full	12.91 min	~/miniconda3/envs/bakta/bin/bakta --db ~/database/bakta-db/db --output <project>/bakta_isolates/GCF_002705925.1 --prefix GCF_002705925.1 --threads 3 --skip-plot --force /tmp/bakta_iso_1761040/GCF_002705925.1.fna
GCF_002838065.1	1.11.4	6.0	full	13.96 min	~/miniconda3/envs/bakta/bin/bakta --db ~/database/bakta-db/db --output <project>/bakta_isolates/GCF_002838065.1 --prefix GCF_002838065.1 --threads 3 --skip-plot --force /tmp/bakta_iso_1761040/GCF_002838065.1.fna
GCF_003201655.1	1.11.4	6.0	full	11.85 min	~/miniconda3/envs/bakta/bin/bakta --db ~/database/bakta-db/db --output <project>/bakta_isolates/GCF_003201655.1 --prefix GCF_003201655.1 --threads 3 --skip-plot --force /tmp/bakta_iso_1761040/GCF_003201655.1.fna
GCF_003254575.1	1.11.4	6.0	full	13.13 min	~/miniconda3/envs/bakta/bin/bakta --db ~/database/bakta-db/db --output <project>/bakta_isolates/GCF_003254575.1 --prefix GCF_003254575.1 --threads 3 --skip-plot --force /tmp/bakta_iso_1761040/GCF_003254575.1.fna
GCF_003284925.1	1.11.4	6.0	full	11.71 min	~/miniconda3/envs/bakta/bin/bakta --db ~/database/bakta-db/db --output <project>/bakta_isolates/GCF_003284925.1 --prefix GCF_003284925.1 --threads 3 --skip-plot --force /tmp/bakta_iso_1761040/GCF_003284925.1.fna
GCF_003284935.1	1.11.4	6.0	full	13.24 min	~/miniconda3/envs/bakta/bin/bakta --db ~/database/bakta-db/db --output <project>/bakta_isolates/GCF_003284935.1 --prefix GCF_003284935.1 --threads 3 --skip-plot --force /tmp/bakta_iso_1761040/GCF_003284935.1.fna
GCF_003284975.1	1.11.4	6.0	full	13.03 min	~/miniconda3/envs/bakta/bin/bakta --db ~/database/bakta-db/db --output <project>/bakta_isolates/GCF_003284975.1 --prefix GCF_003284975.1 --threads 3 --skip-plot --force /tmp/bakta_iso_1761040/GCF_003284975.1.fna
GCF_003391395.1	1.11.4	6.0	full	12.65 min	~/miniconda3/envs/bakta/bin/bakta --db ~/database/bakta-db/db --output <project>/bakta_isolates/GCF_003391395.1 --prefix GCF_003391395.1 --threads 3 --skip-plot --force /tmp/bakta_iso_1761040/GCF_003391395.1.fna
GCF_003408705.1	1.11.4	6.0	full	9.60 min	~/miniconda3/envs/bakta/bin/bakta --db ~/database/bakta-db/db --output <project>/bakta_isolates/GCF_003408705.1 --prefix GCF_003408705.1 --threads 3 --skip-plot --force /tmp/bakta_iso_1761040/GCF_003408705.1.fna
GCF_003614435.1	1.11.4	6.0	full	15.10 min	~/miniconda3/envs/bakta/bin/bakta --db ~/database/bakta-db/db --output <project>/bakta_isolates/GCF_003614435.1 --prefix GCF_003614435.1 --threads 3 --skip-plot --force /tmp/bakta_iso_1761040/GCF_003614435.1.fna
GCF_003719305.1	1.11.4	6.0	full	13.54 min	~/miniconda3/envs/bakta/bin/bakta --db ~/database/bakta-db/db --output <project>/bakta_isolates/GCF_003719305.1 --prefix GCF_003719305.1 --threads 3 --skip-plot --force /tmp/bakta_iso_1761040/GCF_003719305.1.fna
GCF_003855255.1	1.11.4	6.0	full	15.74 min	~/miniconda3/envs/bakta/bin/bakta --db ~/database/bakta-db/db --output <project>/bakta_isolates/GCF_003855255.1 --prefix GCF_003855255.1 --threads 3 --skip-plot --force /tmp/bakta_iso_1761040/GCF_003855255.1.fna
GCF_004014805.1	1.11.4	6.0	full	12.44 min	~/miniconda3/envs/bakta/bin/bakta --db ~/database/bakta-db/db --output <project>/bakta_isolates/GCF_004014805.1 --prefix GCF_004014805.1 --threads 3 --skip-plot --force /tmp/bakta_iso_1761040/GCF_004014805.1.fna
GCF_005670685.2	1.11.4	6.0	full	11.83 min	~/miniconda3/envs/bakta/bin/bakta --db ~/database/bakta-db/db --output <project>/bakta_isolates/GCF_005670685.2 --prefix GCF_005670685.2 --threads 3 --skip-plot --force /tmp/bakta_iso_1761040/GCF_005670685.2.fna
GCF_006439015.1	1.11.4	6.0	full	13.72 min	~/miniconda3/envs/bakta/bin/bakta --db ~/database/bakta-db/db --output <project>/bakta_isolates/GCF_006439015.1 --prefix GCF_006439015.1 --threads 3 --skip-plot --force /tmp/bakta_iso_1761040/GCF_006439015.1.fna
GCF_006864685.1	1.11.4	6.0	full	14.02 min	~/miniconda3/envs/bakta/bin/bakta --db ~/database/bakta-db/db --output <project>/bakta_isolates/GCF_006864685.1 --prefix GCF_006864685.1 --threads 3 --skip-plot --force /tmp/bakta_iso_1761040/GCF_006864685.1.fna
GCF_007714205.1	1.11.4	6.0	full	13.52 min	~/miniconda3/envs/bakta/bin/bakta --db ~/database/bakta-db/db --output <project>/bakta_isolates/GCF_007714205.1 --prefix GCF_007714205.1 --threads 3 --skip-plot --force /tmp/bakta_iso_1761040/GCF_007714205.1.fna
GCF_008329645.1	1.11.4	6.0	full	12.55 min	~/miniconda3/envs/bakta/bin/bakta --db ~/database/bakta-db/db --output <project>/bakta_isolates/GCF_008329645.1 --prefix GCF_008329645.1 --threads 3 --skip-plot --force /tmp/bakta_iso_1761040/GCF_008329645.1.fna
GCF_008370645.1	1.11.4	6.0	full	17.28 min	~/miniconda3/envs/bakta/bin/bakta --db ~/database/bakta-db/db --output <project>/bakta_isolates/GCF_008370645.1 --prefix GCF_008370645.1 --threads 3 --skip-plot --force /tmp/bakta_iso_1761040/GCF_008370645.1.fna
GCF_009741445.1	1.11.4	6.0	full	10.92 min	~/miniconda3/envs/bakta/bin/bakta --db ~/database/bakta-db/db --output <project>/bakta_isolates/GCF_009741445.1 --prefix GCF_009741445.1 --threads 3 --skip-plot --force /tmp/bakta_iso_1761040/GCF_009741445.1.fna
GCF_009936235.1	1.11.4	6.0	full	11.92 min	~/miniconda3/envs/bakta/bin/bakta --db ~/database/bakta-db/db --output <project>/bakta_isolates/GCF_009936235.1 --prefix GCF_009936235.1 --threads 3 --skip-plot --force /tmp/bakta_iso_1761040/GCF_009936235.1.fna
GCF_010723305.1	1.11.4	6.0	full	10.56 min	~/miniconda3/envs/bakta/bin/bakta --db ~/database/bakta-db/db --output <project>/bakta_isolates/GCF_010723305.1 --prefix GCF_010723305.1 --threads 3 --skip-plot --force /tmp/bakta_iso_1761040/GCF_010723305.1.fna
GCF_010723575.1	1.11.4	6.0	full	12.35 min	~/miniconda3/envs/bakta/bin/bakta --db ~/database/bakta-db/db --output <project>/bakta_isolates/GCF_010723575.1 --prefix GCF_010723575.1 --threads 3 --skip-plot --force /tmp/bakta_iso_1761040/GCF_010723575.1.fna
GCF_010725725.1	1.11.4	6.0	full	11.53 min	~/miniconda3/envs/bakta/bin/bakta --db ~/database/bakta-db/db --output <project>/bakta_isolates/GCF_010725725.1 --prefix GCF_010725725.1 --threads 3 --skip-plot --force /tmp/bakta_iso_1761040/GCF_010725725.1.fna
GCF_010725885.1	1.11.4	6.0	full	13.27 min	~/miniconda3/envs/bakta/bin/bakta --db ~/database/bakta-db/db --output <project>/bakta_isolates/GCF_010725885.1 --prefix GCF_010725885.1 --threads 3 --skip-plot --force /tmp/bakta_iso_1761040/GCF_010725885.1.fna
GCF_010726085.1	1.11.4	6.0	full	12.01 min	~/miniconda3/envs/bakta/bin/bakta --db ~/database/bakta-db/db --output <project>/bakta_isolates/GCF_010726085.1 --prefix GCF_010726085.1 --threads 3 --skip-plot --force /tmp/bakta_iso_1761040/GCF_010726085.1.fna
GCF_010726245.1	1.11.4	6.0	full	12.36 min	~/miniconda3/envs/bakta/bin/bakta --db ~/database/bakta-db/db --output <project>/bakta_isolates/GCF_010726245.1 --prefix GCF_010726245.1 --threads 3 --skip-plot --force /tmp/bakta_iso_1761040/GCF_010726245.1.fna
GCF_010726645.1	1.11.4	6.0	full	11.33 min	~/miniconda3/envs/bakta/bin/bakta --db ~/database/bakta-db/db --output <project>/bakta_isolates/GCF_010726645.1 --prefix GCF_010726645.1 --threads 3 --skip-plot --force /tmp/bakta_iso_1761040/GCF_010726645.1.fna
GCF_010726765.1	1.11.4	6.0	full	12.28 min	~/miniconda3/envs/bakta/bin/bakta --db ~/database/bakta-db/db --output <project>/bakta_isolates/GCF_010726765.1 --prefix GCF_010726765.1 --threads 3 --skip-plot --force /tmp/bakta_iso_1761040/GCF_010726765.1.fna
GCF_010726955.1	1.11.4	6.0	full	12.48 min	~/miniconda3/envs/bakta/bin/bakta --db ~/database/bakta-db/db --output <project>/bakta_isolates/GCF_010726955.1 --prefix GCF_010726955.1 --threads 3 --skip-plot --force /tmp/bakta_iso_1761040/GCF_010726955.1.fna
GCF_010727125.1	1.11.4	6.0	full	10.88 min	~/miniconda3/envs/bakta/bin/bakta --db ~/database/bakta-db/db --output <project>/bakta_isolates/GCF_010727125.1 --prefix GCF_010727125.1 --threads 3 --skip-plot --force /tmp/bakta_iso_1761040/GCF_010727125.1.fna
GCF_010727325.1	1.11.4	6.0	full	12.28 min	~/miniconda3/envs/bakta/bin/bakta --db ~/database/bakta-db/db --output <project>/bakta_isolates/GCF_010727325.1 --prefix GCF_010727325.1 --threads 3 --skip-plot --force /tmp/bakta_iso_1761040/GCF_010727325.1.fna
GCF_010727475.1	1.11.4	6.0	full	13.59 min	~/miniconda3/envs/bakta/bin/bakta --db ~/database/bakta-db/db --output <project>/bakta_isolates/GCF_010727475.1 --prefix GCF_010727475.1 --threads 3 --skip-plot --force /tmp/bakta_iso_1761040/GCF_010727475.1.fna
GCF_010727605.1	1.11.4	6.0	full	12.87 min	~/miniconda3/envs/bakta/bin/bakta --db ~/database/bakta-db/db --output <project>/bakta_isolates/GCF_010727605.1 --prefix GCF_010727605.1 --threads 3 --skip-plot --force /tmp/bakta_iso_1761040/GCF_010727605.1.fna
GCF_010727945.1	1.11.4	6.0	full	12.03 min	~/miniconda3/envs/bakta/bin/bakta --db ~/database/bakta-db/db --output <project>/bakta_isolates/GCF_010727945.1 --prefix GCF_010727945.1 --threads 3 --skip-plot --force /tmp/bakta_iso_1761040/GCF_010727945.1.fna
GCF_010728155.1	1.11.4	6.0	full	12.26 min	~/miniconda3/envs/bakta/bin/bakta --db ~/database/bakta-db/db --output <project>/bakta_isolates/GCF_010728155.1 --prefix GCF_010728155.1 --threads 3 --skip-plot --force /tmp/bakta_iso_1761040/GCF_010728155.1.fna
GCF_010728325.1	1.11.4	6.0	full	11.91 min	~/miniconda3/envs/bakta/bin/bakta --db ~/database/bakta-db/db --output <project>/bakta_isolates/GCF_010728325.1 --prefix GCF_010728325.1 --threads 3 --skip-plot --force /tmp/bakta_iso_1761040/GCF_010728325.1.fna
GCF_010728725.1	1.11.4	6.0	full	14.43 min	~/miniconda3/envs/bakta/bin/bakta --db ~/database/bakta-db/db --output <project>/bakta_isolates/GCF_010728725.1 --prefix GCF_010728725.1 --threads 3 --skip-plot --force /tmp/bakta_iso_1761040/GCF_010728725.1.fna
GCF_010728925.1	1.11.4	6.0	full	12.83 min	~/miniconda3/envs/bakta/bin/bakta --db ~/database/bakta-db/db --output <project>/bakta_isolates/GCF_010728925.1 --prefix GCF_010728925.1 --threads 3 --skip-plot --force /tmp/bakta_iso_1761040/GCF_010728925.1.fna
GCF_010729105.1	1.11.4	6.0	full	11.96 min	~/miniconda3/envs/bakta/bin/bakta --db ~/database/bakta-db/db --output <project>/bakta_isolates/GCF_010729105.1 --prefix GCF_010729105.1 --threads 3 --skip-plot --force /tmp/bakta_iso_1761040/GCF_010729105.1.fna
GCF_010729305.1	1.11.4	6.0	full	12.15 min	~/miniconda3/envs/bakta/bin/bakta --db ~/database/bakta-db/db --output <project>/bakta_isolates/GCF_010729305.1 --prefix GCF_010729305.1 --threads 3 --skip-plot --force /tmp/bakta_iso_1761040/GCF_010729305.1.fna
GCF_010729485.1	1.11.4	6.0	full	10.69 min	~/miniconda3/envs/bakta/bin/bakta --db ~/database/bakta-db/db --output <project>/bakta_isolates/GCF_010729485.1 --prefix GCF_010729485.1 --threads 3 --skip-plot --force /tmp/bakta_iso_1761040/GCF_010729485.1.fna
GCF_010729665.1	1.11.4	6.0	full	12.26 min	~/miniconda3/envs/bakta/bin/bakta --db ~/database/bakta-db/db --output <project>/bakta_isolates/GCF_010729665.1 --prefix GCF_010729665.1 --threads 3 --skip-plot --force /tmp/bakta_iso_1761040/GCF_010729665.1.fna
GCF_010729895.1	1.11.4	6.0	full	12.77 min	~/miniconda3/envs/bakta/bin/bakta --db ~/database/bakta-db/db --output <project>/bakta_isolates/GCF_010729895.1 --prefix GCF_010729895.1 --threads 3 --skip-plot --force /tmp/bakta_iso_1761040/GCF_010729895.1.fna
GCF_010730055.1	1.11.4	6.0	full	12.70 min	~/miniconda3/envs/bakta/bin/bakta --db ~/database/bakta-db/db --output <project>/bakta_isolates/GCF_010730055.1 --prefix GCF_010730055.1 --threads 3 --skip-plot --force /tmp/bakta_iso_1761040/GCF_010730055.1.fna
GCF_010730195.1	1.11.4	6.0	full	12.00 min	~/miniconda3/envs/bakta/bin/bakta --db ~/database/bakta-db/db --output <project>/bakta_isolates/GCF_010730195.1 --prefix GCF_010730195.1 --threads 3 --skip-plot --force /tmp/bakta_iso_1761040/GCF_010730195.1.fna
GCF_010730355.1	1.11.4	6.0	full	12.75 min	~/miniconda3/envs/bakta/bin/bakta --db ~/database/bakta-db/db --output <project>/bakta_isolates/GCF_010730355.1 --prefix GCF_010730355.1 --threads 3 --skip-plot --force /tmp/bakta_iso_1761040/GCF_010730355.1.fna
GCF_010730575.1	1.11.4	6.0	full	11.14 min	~/miniconda3/envs/bakta/bin/bakta --db ~/database/bakta-db/db --output <project>/bakta_isolates/GCF_010730575.1 --prefix GCF_010730575.1 --threads 3 --skip-plot --force /tmp/bakta_iso_1761040/GCF_010730575.1.fna
GCF_010730745.1	1.11.4	6.0	full	11.50 min	~/miniconda3/envs/bakta/bin/bakta --db ~/database/bakta-db/db --output <project>/bakta_isolates/GCF_010730745.1 --prefix GCF_010730745.1 --threads 3 --skip-plot --force /tmp/bakta_iso_1761040/GCF_010730745.1.fna
GCF_010730955.1	1.11.4	6.0	full	13.85 min	~/miniconda3/envs/bakta/bin/bakta --db ~/database/bakta-db/db --output <project>/bakta_isolates/GCF_010730955.1 --prefix GCF_010730955.1 --threads 3 --skip-plot --force /tmp/bakta_iso_1761040/GCF_010730955.1.fna
GCF_010731115.1	1.11.4	6.0	full	12.53 min	~/miniconda3/envs/bakta/bin/bakta --db ~/database/bakta-db/db --output <project>/bakta_isolates/GCF_010731115.1 --prefix GCF_010731115.1 --threads 3 --skip-plot --force /tmp/bakta_iso_1761040/GCF_010731115.1.fna
GCF_010731295.1	1.11.4	6.0	full	12.80 min	~/miniconda3/envs/bakta/bin/bakta --db ~/database/bakta-db/db --output <project>/bakta_isolates/GCF_010731295.1 --prefix GCF_010731295.1 --threads 3 --skip-plot --force /tmp/bakta_iso_1761040/GCF_010731295.1.fna
GCF_010731535.1	1.11.4	6.0	full	11.16 min	~/miniconda3/envs/bakta/bin/bakta --db ~/database/bakta-db/db --output <project>/bakta_isolates/GCF_010731535.1 --prefix GCF_010731535.1 --threads 3 --skip-plot --force /tmp/bakta_iso_1761040/GCF_010731535.1.fna
GCF_010731575.1	1.11.4	6.0	full	15.21 min	~/miniconda3/envs/bakta/bin/bakta --db ~/database/bakta-db/db --output <project>/bakta_isolates/GCF_010731575.1 --prefix GCF_010731575.1 --threads 3 --skip-plot --force /tmp/bakta_iso_1761040/GCF_010731575.1.fna
GCF_010731595.1	1.11.4	6.0	full	10.93 min	~/miniconda3/envs/bakta/bin/bakta --db ~/database/bakta-db/db --output <project>/bakta_isolates/GCF_010731595.1 --prefix GCF_010731595.1 --threads 3 --skip-plot --force /tmp/bakta_iso_1761040/GCF_010731595.1.fna
GCF_010731615.1	1.11.4	6.0	full	11.89 min	~/miniconda3/envs/bakta/bin/bakta --db ~/database/bakta-db/db --output <project>/bakta_isolates/GCF_010731615.1 --prefix GCF_010731615.1 --threads 3 --skip-plot --force /tmp/bakta_iso_1761040/GCF_010731615.1.fna
GCF_010731635.1	1.11.4	6.0	full	10.49 min	~/miniconda3/envs/bakta/bin/bakta --db ~/database/bakta-db/db --output <project>/bakta_isolates/GCF_010731635.1 --prefix GCF_010731635.1 --threads 3 --skip-plot --force /tmp/bakta_iso_1761040/GCF_010731635.1.fna
GCF_010731655.1	1.11.4	6.0	full	14.14 min	~/miniconda3/envs/bakta/bin/bakta --db ~/database/bakta-db/db --output <project>/bakta_isolates/GCF_010731655.1 --prefix GCF_010731655.1 --threads 3 --skip-plot --force /tmp/bakta_iso_1761040/GCF_010731655.1.fna
GCF_010731675.1	1.11.4	6.0	full	11.70 min	~/miniconda3/envs/bakta/bin/bakta --db ~/database/bakta-db/db --output <project>/bakta_isolates/GCF_010731675.1 --prefix GCF_010731675.1 --threads 3 --skip-plot --force /tmp/bakta_iso_1761040/GCF_010731675.1.fna
GCF_010731695.1	1.11.4	6.0	full	11.38 min	~/miniconda3/envs/bakta/bin/bakta --db ~/database/bakta-db/db --output <project>/bakta_isolates/GCF_010731695.1 --prefix GCF_010731695.1 --threads 3 --skip-plot --force /tmp/bakta_iso_1761040/GCF_010731695.1.fna
GCF_010731715.1	1.11.4	6.0	full	12.86 min	~/miniconda3/envs/bakta/bin/bakta --db ~/database/bakta-db/db --output <project>/bakta_isolates/GCF_010731715.1 --prefix GCF_010731715.1 --threads 3 --skip-plot --force /tmp/bakta_iso_1761040/GCF_010731715.1.fna
GCF_010731755.1	1.11.4	6.0	full	12.04 min	~/miniconda3/envs/bakta/bin/bakta --db ~/database/bakta-db/db --output <project>/bakta_isolates/GCF_010731755.1 --prefix GCF_010731755.1 --threads 3 --skip-plot --force /tmp/bakta_iso_1761040/GCF_010731755.1.fna
GCF_010731775.1	1.11.4	6.0	full	12.38 min	~/miniconda3/envs/bakta/bin/bakta --db ~/database/bakta-db/db --output <project>/bakta_isolates/GCF_010731775.1 --prefix GCF_010731775.1 --threads 3 --skip-plot --force /tmp/bakta_iso_1761040/GCF_010731775.1.fna
GCF_010731795.1	1.11.4	6.0	full	11.47 min	~/miniconda3/envs/bakta/bin/bakta --db ~/database/bakta-db/db --output <project>/bakta_isolates/GCF_010731795.1 --prefix GCF_010731795.1 --threads 3 --skip-plot --force /tmp/bakta_iso_1761040/GCF_010731795.1.fna
GCF_010731815.2	1.11.4	6.0	full	13.26 min	~/miniconda3/envs/bakta/bin/bakta --db ~/database/bakta-db/db --output <project>/bakta_isolates/GCF_010731815.2 --prefix GCF_010731815.2 --threads 3 --skip-plot --force /tmp/bakta_iso_1761040/GCF_010731815.2.fna
GCF_010731855.1	1.11.4	6.0	full	13.65 min	~/miniconda3/envs/bakta/bin/bakta --db ~/database/bakta-db/db --output <project>/bakta_isolates/GCF_010731855.1 --prefix GCF_010731855.1 --threads 3 --skip-plot --force /tmp/bakta_iso_1761040/GCF_010731855.1.fna
GCF_010731875.1	1.11.4	6.0	full	11.80 min	~/miniconda3/envs/bakta/bin/bakta --db ~/database/bakta-db/db --output <project>/bakta_isolates/GCF_010731875.1 --prefix GCF_010731875.1 --threads 3 --skip-plot --force /tmp/bakta_iso_1761040/GCF_010731875.1.fna
GCF_010731895.1	1.11.4	6.0	full	6.12 min	~/miniconda3/envs/bakta/bin/bakta --db ~/database/bakta-db/db --output <project>/bakta_isolates/GCF_010731895.1 --prefix GCF_010731895.1 --threads 8 --skip-plot --force /tmp/bakta_iso_1677689/GCF_010731895.1.fna
GCF_011758805.1	1.11.4	6.0	full	11.77 min	~/miniconda3/envs/bakta/bin/bakta --db ~/database/bakta-db/db --output <project>/bakta_isolates/GCF_011758805.1 --prefix GCF_011758805.1 --threads 3 --skip-plot --force /tmp/bakta_iso_1761040/GCF_011758805.1.fna
GCF_013404075.1	1.11.4	6.0	full	6.30 min	~/miniconda3/envs/bakta/bin/bakta --db ~/database/bakta-db/db --output <project>/bakta_isolates/GCF_013404075.1 --prefix GCF_013404075.1 --threads 8 --skip-plot --force /tmp/bakta_iso_1677689/GCF_013404075.1.fna
GCF_013466425.1	1.11.4	6.0	full	12.12 min	~/miniconda3/envs/bakta/bin/bakta --db ~/database/bakta-db/db --output <project>/bakta_isolates/GCF_013466425.1 --prefix GCF_013466425.1 --threads 3 --skip-plot --force /tmp/bakta_iso_1761040/GCF_013466425.1.fna
GCF_014190915.1	1.11.4	6.0	full	13.06 min	~/miniconda3/envs/bakta/bin/bakta --db ~/database/bakta-db/db --output <project>/bakta_isolates/GCF_014190915.1 --prefix GCF_014190915.1 --threads 3 --skip-plot --force /tmp/bakta_iso_1761040/GCF_014190915.1.fna
GCF_014218295.1	1.11.4	6.0	full	11.92 min	~/miniconda3/envs/bakta/bin/bakta --db ~/database/bakta-db/db --output <project>/bakta_isolates/GCF_014218295.1 --prefix GCF_014218295.1 --threads 3 --skip-plot --force /tmp/bakta_iso_1761040/GCF_014218295.1.fna
GCF_015689175.1	1.11.4	6.0	full	12.09 min	~/miniconda3/envs/bakta/bin/bakta --db ~/database/bakta-db/db --output <project>/bakta_isolates/GCF_015689175.1 --prefix GCF_015689175.1 --threads 3 --skip-plot --force /tmp/bakta_iso_1761040/GCF_015689175.1.fna
GCF_015710575.1	1.11.4	6.0	full	13.79 min	~/miniconda3/envs/bakta/bin/bakta --db ~/database/bakta-db/db --output <project>/bakta_isolates/GCF_015710575.1 --prefix GCF_015710575.1 --threads 3 --skip-plot --force /tmp/bakta_iso_1761040/GCF_015710575.1.fna
GCF_016313185.1	1.11.4	6.0	full	12.08 min	~/miniconda3/envs/bakta/bin/bakta --db ~/database/bakta-db/db --output <project>/bakta_isolates/GCF_016313185.1 --prefix GCF_016313185.1 --threads 3 --skip-plot --force /tmp/bakta_iso_1761040/GCF_016313185.1.fna
GCF_016592155.1	1.11.4	6.0	full	9.72 min	~/miniconda3/envs/bakta/bin/bakta --db ~/database/bakta-db/db --output <project>/bakta_isolates/GCF_016592155.1 --prefix GCF_016592155.1 --threads 3 --skip-plot --force /tmp/bakta_iso_1761040/GCF_016592155.1.fna
GCF_017086405.1	1.11.4	6.0	full	14.13 min	~/miniconda3/envs/bakta/bin/bakta --db ~/database/bakta-db/db --output <project>/bakta_isolates/GCF_017086405.1 --prefix GCF_017086405.1 --threads 3 --skip-plot --force /tmp/bakta_iso_1761040/GCF_017086405.1.fna
GCF_017876775.1	1.11.4	6.0	full	13.87 min	~/miniconda3/envs/bakta/bin/bakta --db ~/database/bakta-db/db --output <project>/bakta_isolates/GCF_017876775.1 --prefix GCF_017876775.1 --threads 3 --skip-plot --force /tmp/bakta_iso_1761040/GCF_017876775.1.fna
GCF_018278905.1	1.11.4	6.0	full	12.05 min	~/miniconda3/envs/bakta/bin/bakta --db ~/database/bakta-db/db --output <project>/bakta_isolates/GCF_018278905.1 --prefix GCF_018278905.1 --threads 3 --skip-plot --force /tmp/bakta_iso_1761040/GCF_018278905.1.fna
GCF_018455725.1	1.11.4	6.0	full	8.99 min	~/miniconda3/envs/bakta/bin/bakta --db ~/database/bakta-db/db --output <project>/bakta_isolates/GCF_018455725.1 --prefix GCF_018455725.1 --threads 3 --skip-plot --force /tmp/bakta_iso_1761040/GCF_018455725.1.fna
GCF_019050325.1	1.11.4	6.0	full	12.38 min	~/miniconda3/envs/bakta/bin/bakta --db ~/database/bakta-db/db --output <project>/bakta_isolates/GCF_019050325.1 --prefix GCF_019050325.1 --threads 3 --skip-plot --force /tmp/bakta_iso_1761040/GCF_019050325.1.fna
GCF_019456655.1	1.11.4	6.0	full	12.03 min	~/miniconda3/envs/bakta/bin/bakta --db ~/database/bakta-db/db --output <project>/bakta_isolates/GCF_019456655.1 --prefix GCF_019456655.1 --threads 3 --skip-plot --force /tmp/bakta_iso_1761040/GCF_019456655.1.fna
GCF_019645815.1	1.11.4	6.0	full	12.02 min	~/miniconda3/envs/bakta/bin/bakta --db ~/database/bakta-db/db --output <project>/bakta_isolates/GCF_019645815.1 --prefix GCF_019645815.1 --threads 3 --skip-plot --force /tmp/bakta_iso_1761040/GCF_019645815.1.fna
GCF_019645835.1	1.11.4	6.0	full	13.23 min	~/miniconda3/envs/bakta/bin/bakta --db ~/database/bakta-db/db --output <project>/bakta_isolates/GCF_019645835.1 --prefix GCF_019645835.1 --threads 3 --skip-plot --force /tmp/bakta_iso_1761040/GCF_019645835.1.fna
GCF_019645855.1	1.11.4	6.0	full	12.81 min	~/miniconda3/envs/bakta/bin/bakta --db ~/database/bakta-db/db --output <project>/bakta_isolates/GCF_019645855.1 --prefix GCF_019645855.1 --threads 3 --skip-plot --force /tmp/bakta_iso_1761040/GCF_019645855.1.fna
GCF_019668465.1	1.11.4	6.0	full	14.18 min	~/miniconda3/envs/bakta/bin/bakta --db ~/database/bakta-db/db --output <project>/bakta_isolates/GCF_019668465.1 --prefix GCF_019668465.1 --threads 3 --skip-plot --force /tmp/bakta_iso_1761040/GCF_019668465.1.fna
GCF_019710635.1	1.11.4	6.0	full	13.17 min	~/miniconda3/envs/bakta/bin/bakta --db ~/database/bakta-db/db --output <project>/bakta_isolates/GCF_019710635.1 --prefix GCF_019710635.1 --threads 3 --skip-plot --force /tmp/bakta_iso_1761040/GCF_019710635.1.fna
GCF_020172685.2	1.11.4	6.0	full	13.29 min	~/miniconda3/envs/bakta/bin/bakta --db ~/database/bakta-db/db --output <project>/bakta_isolates/GCF_020172685.2 --prefix GCF_020172685.2 --threads 3 --skip-plot --force /tmp/bakta_iso_1761040/GCF_020172685.2.fna
GCF_020181595.2	1.11.4	6.0	full	11.74 min	~/miniconda3/envs/bakta/bin/bakta --db ~/database/bakta-db/db --output <project>/bakta_isolates/GCF_020181595.2 --prefix GCF_020181595.2 --threads 3 --skip-plot --force /tmp/bakta_iso_1761040/GCF_020181595.2.fna
GCF_020181615.2	1.11.4	6.0	full	12.08 min	~/miniconda3/envs/bakta/bin/bakta --db ~/database/bakta-db/db --output <project>/bakta_isolates/GCF_020181615.2 --prefix GCF_020181615.2 --threads 3 --skip-plot --force /tmp/bakta_iso_1761040/GCF_020181615.2.fna
GCF_020181635.2	1.11.4	6.0	full	11.89 min	~/miniconda3/envs/bakta/bin/bakta --db ~/database/bakta-db/db --output <project>/bakta_isolates/GCF_020181635.2 --prefix GCF_020181635.2 --threads 3 --skip-plot --force /tmp/bakta_iso_1761040/GCF_020181635.2.fna
GCF_021916785.1	1.11.4	6.0	full	13.39 min	~/miniconda3/envs/bakta/bin/bakta --db ~/database/bakta-db/db --output <project>/bakta_isolates/GCF_021916785.1 --prefix GCF_021916785.1 --threads 3 --skip-plot --force /tmp/bakta_iso_1761040/GCF_021916785.1.fna
GCF_022179545.1	1.11.4	6.0	full	14.28 min	~/miniconda3/envs/bakta/bin/bakta --db ~/database/bakta-db/db --output <project>/bakta_isolates/GCF_022179545.1 --prefix GCF_022179545.1 --threads 3 --skip-plot --force /tmp/bakta_iso_1761040/GCF_022179545.1.fna
GCF_022370635.2	1.11.4	6.0	full	12.87 min	~/miniconda3/envs/bakta/bin/bakta --db ~/database/bakta-db/db --output <project>/bakta_isolates/GCF_022370635.2 --prefix GCF_022370635.2 --threads 3 --skip-plot --force /tmp/bakta_iso_1761040/GCF_022370635.2.fna
GCF_022370755.2	1.11.4	6.0	full	13.06 min	~/miniconda3/envs/bakta/bin/bakta --db ~/database/bakta-db/db --output <project>/bakta_isolates/GCF_022370755.2 --prefix GCF_022370755.2 --threads 3 --skip-plot --force /tmp/bakta_iso_1761040/GCF_022370755.2.fna
GCF_022370835.2	1.11.4	6.0	full	7.27 min	~/miniconda3/envs/bakta/bin/bakta --db ~/database/bakta-db/db --output <project>/bakta_isolates/GCF_022370835.2 --prefix GCF_022370835.2 --threads 3 --skip-plot --force /tmp/bakta_iso_1761040/GCF_022370835.2.fna
GCF_022374875.2	1.11.4	6.0	full	13.22 min	~/miniconda3/envs/bakta/bin/bakta --db ~/database/bakta-db/db --output <project>/bakta_isolates/GCF_022374875.2 --prefix GCF_022374875.2 --threads 3 --skip-plot --force /tmp/bakta_iso_1761040/GCF_022374875.2.fna
GCF_022374895.2	1.11.4	6.0	full	13.65 min	~/miniconda3/envs/bakta/bin/bakta --db ~/database/bakta-db/db --output <project>/bakta_isolates/GCF_022374895.2 --prefix GCF_022374895.2 --threads 3 --skip-plot --force /tmp/bakta_iso_1761040/GCF_022374895.2.fna
GCF_022374935.2	1.11.4	6.0	full	11.31 min	~/miniconda3/envs/bakta/bin/bakta --db ~/database/bakta-db/db --output <project>/bakta_isolates/GCF_022374935.2 --prefix GCF_022374935.2 --threads 3 --skip-plot --force /tmp/bakta_iso_1761040/GCF_022374935.2.fna
GCF_022430545.2	1.11.4	6.0	full	13.32 min	~/miniconda3/envs/bakta/bin/bakta --db ~/database/bakta-db/db --output <project>/bakta_isolates/GCF_022430545.2 --prefix GCF_022430545.2 --threads 3 --skip-plot --force /tmp/bakta_iso_1761040/GCF_022430545.2.fna
GCF_022760805.1	1.11.4	6.0	full	13.38 min	~/miniconda3/envs/bakta/bin/bakta --db ~/database/bakta-db/db --output <project>/bakta_isolates/GCF_022760805.1 --prefix GCF_022760805.1 --threads 3 --skip-plot --force /tmp/bakta_iso_1761040/GCF_022760805.1.fna
GCF_024320865.1	1.11.4	6.0	full	15.33 min	~/miniconda3/envs/bakta/bin/bakta --db ~/database/bakta-db/db --output <project>/bakta_isolates/GCF_024320865.1 --prefix GCF_024320865.1 --threads 3 --skip-plot --force /tmp/bakta_iso_1761040/GCF_024320865.1.fna
GCF_025215495.1	1.11.4	6.0	full	11.83 min	~/miniconda3/envs/bakta/bin/bakta --db ~/database/bakta-db/db --output <project>/bakta_isolates/GCF_025215495.1 --prefix GCF_025215495.1 --threads 3 --skip-plot --force /tmp/bakta_iso_1761040/GCF_025215495.1.fna
GCF_025331195.1	1.11.4	6.0	full	13.46 min	~/miniconda3/envs/bakta/bin/bakta --db ~/database/bakta-db/db --output <project>/bakta_isolates/GCF_025331195.1 --prefix GCF_025331195.1 --threads 3 --skip-plot --force /tmp/bakta_iso_1761040/GCF_025331195.1.fna
GCF_025345615.1	1.11.4	6.0	full	12.99 min	~/miniconda3/envs/bakta/bin/bakta --db ~/database/bakta-db/db --output <project>/bakta_isolates/GCF_025345615.1 --prefix GCF_025345615.1 --threads 3 --skip-plot --force /tmp/bakta_iso_1761040/GCF_025345615.1.fna
GCF_025821585.1	1.11.4	6.0	full	13.35 min	~/miniconda3/envs/bakta/bin/bakta --db ~/database/bakta-db/db --output <project>/bakta_isolates/GCF_025821585.1 --prefix GCF_025821585.1 --threads 3 --skip-plot --force /tmp/bakta_iso_1761040/GCF_025821585.1.fna
GCF_025821625.1	1.11.4	6.0	full	13.49 min	~/miniconda3/envs/bakta/bin/bakta --db ~/database/bakta-db/db --output <project>/bakta_isolates/GCF_025821625.1 --prefix GCF_025821625.1 --threads 3 --skip-plot --force /tmp/bakta_iso_1761040/GCF_025821625.1.fna
GCF_025822145.1	1.11.4	6.0	full	13.31 min	~/miniconda3/envs/bakta/bin/bakta --db ~/database/bakta-db/db --output <project>/bakta_isolates/GCF_025822145.1 --prefix GCF_025822145.1 --threads 3 --skip-plot --force /tmp/bakta_iso_1761040/GCF_025822145.1.fna
GCF_025822245.1	1.11.4	6.0	full	17.15 min	~/miniconda3/envs/bakta/bin/bakta --db ~/database/bakta-db/db --output <project>/bakta_isolates/GCF_025822245.1 --prefix GCF_025822245.1 --threads 3 --skip-plot --force /tmp/bakta_iso_1761040/GCF_025822245.1.fna
GCF_025822405.1	1.11.4	6.0	full	14.62 min	~/miniconda3/envs/bakta/bin/bakta --db ~/database/bakta-db/db --output <project>/bakta_isolates/GCF_025822405.1 --prefix GCF_025822405.1 --threads 3 --skip-plot --force /tmp/bakta_iso_1761040/GCF_025822405.1.fna
GCF_025822605.1	1.11.4	6.0	full	13.97 min	~/miniconda3/envs/bakta/bin/bakta --db ~/database/bakta-db/db --output <project>/bakta_isolates/GCF_025822605.1 --prefix GCF_025822605.1 --threads 3 --skip-plot --force /tmp/bakta_iso_1761040/GCF_025822605.1.fna
GCF_025822705.1	1.11.4	6.0	full	12.04 min	~/miniconda3/envs/bakta/bin/bakta --db ~/database/bakta-db/db --output <project>/bakta_isolates/GCF_025822705.1 --prefix GCF_025822705.1 --threads 3 --skip-plot --force /tmp/bakta_iso_1761040/GCF_025822705.1.fna
GCF_025822765.1	1.11.4	6.0	full	13.29 min	~/miniconda3/envs/bakta/bin/bakta --db ~/database/bakta-db/db --output <project>/bakta_isolates/GCF_025822765.1 --prefix GCF_025822765.1 --threads 3 --skip-plot --force /tmp/bakta_iso_1761040/GCF_025822765.1.fna
GCF_025822865.1	1.11.4	6.0	full	13.46 min	~/miniconda3/envs/bakta/bin/bakta --db ~/database/bakta-db/db --output <project>/bakta_isolates/GCF_025822865.1 --prefix GCF_025822865.1 --threads 3 --skip-plot --force /tmp/bakta_iso_1761040/GCF_025822865.1.fna
GCF_025822885.1	1.11.4	6.0	full	13.95 min	~/miniconda3/envs/bakta/bin/bakta --db ~/database/bakta-db/db --output <project>/bakta_isolates/GCF_025822885.1 --prefix GCF_025822885.1 --threads 3 --skip-plot --force /tmp/bakta_iso_1761040/GCF_025822885.1.fna
GCF_025822985.1	1.11.4	6.0	full	13.97 min	~/miniconda3/envs/bakta/bin/bakta --db ~/database/bakta-db/db --output <project>/bakta_isolates/GCF_025822985.1 --prefix GCF_025822985.1 --threads 3 --skip-plot --force /tmp/bakta_iso_1761040/GCF_025822985.1.fna
GCF_025823105.1	1.11.4	6.0	full	13.17 min	~/miniconda3/envs/bakta/bin/bakta --db ~/database/bakta-db/db --output <project>/bakta_isolates/GCF_025823105.1 --prefix GCF_025823105.1 --threads 3 --skip-plot --force /tmp/bakta_iso_1761040/GCF_025823105.1.fna
GCF_025823185.1	1.11.4	6.0	full	13.04 min	~/miniconda3/envs/bakta/bin/bakta --db ~/database/bakta-db/db --output <project>/bakta_isolates/GCF_025823185.1 --prefix GCF_025823185.1 --threads 3 --skip-plot --force /tmp/bakta_iso_1761040/GCF_025823185.1.fna
GCF_025823255.1	1.11.4	6.0	full	14.54 min	~/miniconda3/envs/bakta/bin/bakta --db ~/database/bakta-db/db --output <project>/bakta_isolates/GCF_025823255.1 --prefix GCF_025823255.1 --threads 3 --skip-plot --force /tmp/bakta_iso_1761040/GCF_025823255.1.fna
GCF_026242035.1	1.11.4	6.0	full	13.67 min	~/miniconda3/envs/bakta/bin/bakta --db ~/database/bakta-db/db --output <project>/bakta_isolates/GCF_026242035.1 --prefix GCF_026242035.1 --threads 3 --skip-plot --force /tmp/bakta_iso_1761040/GCF_026242035.1.fna
GCF_029893345.1	1.11.4	6.0	full	13.99 min	~/miniconda3/envs/bakta/bin/bakta --db ~/database/bakta-db/db --output <project>/bakta_isolates/GCF_029893345.1 --prefix GCF_029893345.1 --threads 3 --skip-plot --force /tmp/bakta_iso_1761040/GCF_029893345.1.fna
GCF_030252325.1	1.11.4	6.0	full	12.20 min	~/miniconda3/envs/bakta/bin/bakta --db ~/database/bakta-db/db --output <project>/bakta_isolates/GCF_030252325.1 --prefix GCF_030252325.1 --threads 3 --skip-plot --force /tmp/bakta_iso_1761040/GCF_030252325.1.fna
GCF_030499155.1	1.11.4	6.0	full	13.07 min	~/miniconda3/envs/bakta/bin/bakta --db ~/database/bakta-db/db --output <project>/bakta_isolates/GCF_030499155.1 --prefix GCF_030499155.1 --threads 3 --skip-plot --force /tmp/bakta_iso_1761040/GCF_030499155.1.fna
GCF_030519285.1	1.11.4	6.0	full	16.62 min	~/miniconda3/envs/bakta/bin/bakta --db ~/database/bakta-db/db --output <project>/bakta_isolates/GCF_030519285.1 --prefix GCF_030519285.1 --threads 3 --skip-plot --force /tmp/bakta_iso_1761040/GCF_030519285.1.fna
GCF_031583025.1	1.11.4	6.0	full	14.42 min	~/miniconda3/envs/bakta/bin/bakta --db ~/database/bakta-db/db --output <project>/bakta_isolates/GCF_031583025.1 --prefix GCF_031583025.1 --threads 3 --skip-plot --force /tmp/bakta_iso_1761040/GCF_031583025.1.fna
GCF_036946495.1	1.11.4	6.0	full	11.54 min	~/miniconda3/envs/bakta/bin/bakta --db ~/database/bakta-db/db --output <project>/bakta_isolates/GCF_036946495.1 --prefix GCF_036946495.1 --threads 3 --skip-plot --force /tmp/bakta_iso_1761040/GCF_036946495.1.fna
GCF_036946525.1	1.11.4	6.0	full	12.92 min	~/miniconda3/envs/bakta/bin/bakta --db ~/database/bakta-db/db --output <project>/bakta_isolates/GCF_036946525.1 --prefix GCF_036946525.1 --threads 3 --skip-plot --force /tmp/bakta_iso_1761040/GCF_036946525.1.fna
GCF_039729195.1	1.11.4	6.0	full	11.79 min	~/miniconda3/envs/bakta/bin/bakta --db ~/database/bakta-db/db --output <project>/bakta_isolates/GCF_039729195.1 --prefix GCF_039729195.1 --threads 3 --skip-plot --force /tmp/bakta_iso_1761040/GCF_039729195.1.fna
GCF_900078675.2	1.11.4	6.0	full	14.44 min	~/miniconda3/envs/bakta/bin/bakta --db ~/database/bakta-db/db --output <project>/bakta_isolates/GCF_900078675.2 --prefix GCF_900078675.2 --threads 3 --skip-plot --force /tmp/bakta_iso_1761040/GCF_900078675.2.fna
GCF_900078685.2	1.11.4	6.0	full	12.09 min	~/miniconda3/envs/bakta/bin/bakta --db ~/database/bakta-db/db --output <project>/bakta_isolates/GCF_900078685.2 --prefix GCF_900078685.2 --threads 3 --skip-plot --force /tmp/bakta_iso_1761040/GCF_900078685.2.fna
GCF_900108565.1	1.11.4	6.0	full	10.79 min	~/miniconda3/envs/bakta/bin/bakta --db ~/database/bakta-db/db --output <project>/bakta_isolates/GCF_900108565.1 --prefix GCF_900108565.1 --threads 3 --skip-plot --force /tmp/bakta_iso_1761040/GCF_900108565.1.fna
GCF_900157365.1	1.11.4	6.0	full	12.49 min	~/miniconda3/envs/bakta/bin/bakta --db ~/database/bakta-db/db --output <project>/bakta_isolates/GCF_900157365.1 --prefix GCF_900157365.1 --threads 3 --skip-plot --force /tmp/bakta_iso_1761040/GCF_900157365.1.fna
GCF_900157375.1	1.11.4	6.0	full	12.50 min	~/miniconda3/envs/bakta/bin/bakta --db ~/database/bakta-db/db --output <project>/bakta_isolates/GCF_900157375.1 --prefix GCF_900157375.1 --threads 3 --skip-plot --force /tmp/bakta_iso_1761040/GCF_900157375.1.fna
GCF_900157385.1	1.11.4	6.0	full	13.27 min	~/miniconda3/envs/bakta/bin/bakta --db ~/database/bakta-db/db --output <project>/bakta_isolates/GCF_900157385.1 --prefix GCF_900157385.1 --threads 3 --skip-plot --force /tmp/bakta_iso_1761040/GCF_900157385.1.fna
GCF_900176255.2	1.11.4	6.0	full	12.32 min	~/miniconda3/envs/bakta/bin/bakta --db ~/database/bakta-db/db --output <project>/bakta_isolates/GCF_900176255.2 --prefix GCF_900176255.2 --threads 3 --skip-plot --force /tmp/bakta_iso_1761040/GCF_900176255.2.fna
GCF_900187065.1	1.11.4	6.0	full	11.18 min	~/miniconda3/envs/bakta/bin/bakta --db ~/database/bakta-db/db --output <project>/bakta_isolates/GCF_900187065.1 --prefix GCF_900187065.1 --threads 3 --skip-plot --force /tmp/bakta_iso_1761040/GCF_900187065.1.fna
GCF_900232995.1	1.11.4	6.0	full	14.48 min	~/miniconda3/envs/bakta/bin/bakta --db ~/database/bakta-db/db --output <project>/bakta_isolates/GCF_900232995.1 --prefix GCF_900232995.1 --threads 3 --skip-plot --force /tmp/bakta_iso_1761040/GCF_900232995.1.fna
GCF_900292015.1	1.11.4	6.0	full	12.65 min	~/miniconda3/envs/bakta/bin/bakta --db ~/database/bakta-db/db --output <project>/bakta_isolates/GCF_900292015.1 --prefix GCF_900292015.1 --threads 3 --skip-plot --force /tmp/bakta_iso_1761040/GCF_900292015.1.fna
GCF_900454025.1	1.11.4	6.0	full	11.64 min	~/miniconda3/envs/bakta/bin/bakta --db ~/database/bakta-db/db --output <project>/bakta_isolates/GCF_900454025.1 --prefix GCF_900454025.1 --threads 3 --skip-plot --force /tmp/bakta_iso_1761040/GCF_900454025.1.fna
GCF_900566055.1	1.11.4	6.0	full	14.57 min	~/miniconda3/envs/bakta/bin/bakta --db ~/database/bakta-db/db --output <project>/bakta_isolates/GCF_900566055.1 --prefix GCF_900566055.1 --threads 3 --skip-plot --force /tmp/bakta_iso_1761040/GCF_900566055.1.fna
GCF_900566075.1	1.11.4	6.0	full	11.17 min	~/miniconda3/envs/bakta/bin/bakta --db ~/database/bakta-db/db --output <project>/bakta_isolates/GCF_900566075.1 --prefix GCF_900566075.1 --threads 3 --skip-plot --force /tmp/bakta_iso_1761040/GCF_900566075.1.fna
GCF_900566085.1	1.11.4	6.0	full	13.46 min	~/miniconda3/envs/bakta/bin/bakta --db ~/database/bakta-db/db --output <project>/bakta_isolates/GCF_900566085.1 --prefix GCF_900566085.1 --threads 3 --skip-plot --force /tmp/bakta_iso_1761040/GCF_900566085.1.fna
GCF_900603025.1	1.11.4	6.0	full	11.45 min	~/miniconda3/envs/bakta/bin/bakta --db ~/database/bakta-db/db --output <project>/bakta_isolates/GCF_900603025.1 --prefix GCF_900603025.1 --threads 3 --skip-plot --force /tmp/bakta_iso_1761040/GCF_900603025.1.fna
GCF_900637195.1	1.11.4	6.0	full	11.51 min	~/miniconda3/envs/bakta/bin/bakta --db ~/database/bakta-db/db --output <project>/bakta_isolates/GCF_900637195.1 --prefix GCF_900637195.1 --threads 3 --skip-plot --force /tmp/bakta_iso_1761040/GCF_900637195.1.fna
GCF_900637205.1	1.11.4	6.0	full	12.19 min	~/miniconda3/envs/bakta/bin/bakta --db ~/database/bakta-db/db --output <project>/bakta_isolates/GCF_900637205.1 --prefix GCF_900637205.1 --threads 3 --skip-plot --force /tmp/bakta_iso_1761040/GCF_900637205.1.fna
GCF_902168065.1	1.11.4	6.0	full	12.22 min	~/miniconda3/envs/bakta/bin/bakta --db ~/database/bakta-db/db --output <project>/bakta_isolates/GCF_902168065.1 --prefix GCF_902168065.1 --threads 3 --skip-plot --force /tmp/bakta_iso_1761040/GCF_902168065.1.fna
GCF_902705885.1	1.11.4	6.0	full	11.57 min	~/miniconda3/envs/bakta/bin/bakta --db ~/database/bakta-db/db --output <project>/bakta_isolates/GCF_902705885.1 --prefix GCF_902705885.1 --threads 3 --skip-plot --force /tmp/bakta_iso_1761040/GCF_902705885.1.fna
GCF_910591625.1	1.11.4	6.0	full	14.40 min	~/miniconda3/envs/bakta/bin/bakta --db ~/database/bakta-db/db --output <project>/bakta_isolates/GCF_910591625.1 --prefix GCF_910591625.1 --threads 3 --skip-plot --force /tmp/bakta_iso_1761040/GCF_910591625.1.fna
GCF_943913955.1	1.11.4	6.0	full	13.98 min	~/miniconda3/envs/bakta/bin/bakta --db ~/database/bakta-db/db --output <project>/bakta_isolates/GCF_943913955.1 --prefix GCF_943913955.1 --threads 3 --skip-plot --force /tmp/bakta_iso_1761040/GCF_943913955.1.fna
GCF_963853645.1	1.11.4	6.0	full	14.17 min	~/miniconda3/envs/bakta/bin/bakta --db ~/database/bakta-db/db --output <project>/bakta_isolates/GCF_963853645.1 --prefix GCF_963853645.1 --threads 3 --skip-plot --force /tmp/bakta_iso_1761040/GCF_963853645.1.fna
GCF_963853665.1	1.11.4	6.0	full	12.59 min	~/miniconda3/envs/bakta/bin/bakta --db ~/database/bakta-db/db --output <project>/bakta_isolates/GCF_963853665.1 --prefix GCF_963853665.1 --threads 3 --skip-plot --force /tmp/bakta_iso_1761040/GCF_963853665.1.fna
GCA_005789055.1	1.11.4	6.0	full	12.28 min	~/miniconda3/envs/bakta/bin/bakta --db ~/database/bakta-db/db --output <out>/GCA_005789055.1 --prefix GCA_005789055.1 --threads 4 --force --skip-plot <fna>/GCA_005789055.1.fna
GCA_018268465.1	1.11.4	6.0	full	13.62 min	~/miniconda3/envs/bakta/bin/bakta --db ~/database/bakta-db/db --output <out>/GCA_018268465.1 --prefix GCA_018268465.1 --threads 4 --force --skip-plot <fna>/GCA_018268465.1.fna
GCA_016197405.1	1.11.4	6.0	full	13.97 min	~/miniconda3/envs/bakta/bin/bakta --db ~/database/bakta-db/db --output <out>/GCA_016197405.1 --prefix GCA_016197405.1 --threads 4 --force --skip-plot <fna>/GCA_016197405.1.fna
GCA_018401645.1	1.11.4	6.0	full	14.07 min	~/miniconda3/envs/bakta/bin/bakta --db ~/database/bakta-db/db --output <out>/GCA_018401645.1 --prefix GCA_018401645.1 --threads 4 --force --skip-plot <fna>/GCA_018401645.1.fna
GCA_001665255.1	1.11.4	6.0	full	14.38 min	~/miniconda3/envs/bakta/bin/bakta --db ~/database/bakta-db/db --output <out>/GCA_001665255.1 --prefix GCA_001665255.1 --threads 4 --force --skip-plot <fna>/GCA_001665255.1.fna
GCA_003165155.1	1.11.4	6.0	full	16.85 min	~/miniconda3/envs/bakta/bin/bakta --db ~/database/bakta-db/db --output <out>/GCA_003165155.1 --prefix GCA_003165155.1 --threads 4 --force --skip-plot <fna>/GCA_003165155.1.fna
GCA_001665295.1	1.11.4	6.0	full	17.72 min	~/miniconda3/envs/bakta/bin/bakta --db ~/database/bakta-db/db --output <out>/GCA_001665295.1 --prefix GCA_001665295.1 --threads 4 --force --skip-plot <fna>/GCA_001665295.1.fna
GCA_001665235.1	1.11.4	6.0	full	18.18 min	~/miniconda3/envs/bakta/bin/bakta --db ~/database/bakta-db/db --output <out>/GCA_001665235.1 --prefix GCA_001665235.1 --threads 4 --force --skip-plot <fna>/GCA_001665235.1.fna
GCA_018882965.1	1.11.4	6.0	full	10.47 min	~/miniconda3/envs/bakta/bin/bakta --db ~/database/bakta-db/db --output <out>/GCA_018882965.1 --prefix GCA_018882965.1 --threads 4 --force --skip-plot <fna>/GCA_018882965.1.fna
GCA_018500005.2	1.11.4	6.0	full	13.42 min	~/miniconda3/envs/bakta/bin/bakta --db ~/database/bakta-db/db --output <out>/GCA_018500005.2 --prefix GCA_018500005.2 --threads 4 --force --skip-plot <fna>/GCA_018500005.2.fna
GCA_018883075.1	1.11.4	6.0	full	12.52 min	~/miniconda3/envs/bakta/bin/bakta --db ~/database/bakta-db/db --output <out>/GCA_018883075.1 --prefix GCA_018883075.1 --threads 4 --force --skip-plot <fna>/GCA_018883075.1.fna
GCA_019245755.1	1.11.4	6.0	full	11.00 min	~/miniconda3/envs/bakta/bin/bakta --db ~/database/bakta-db/db --output <out>/GCA_019245755.1 --prefix GCA_019245755.1 --threads 4 --force --skip-plot <fna>/GCA_019245755.1.fna
GCA_018882545.1	1.11.4	6.0	full	15.22 min	~/miniconda3/envs/bakta/bin/bakta --db ~/database/bakta-db/db --output <out>/GCA_018882545.1 --prefix GCA_018882545.1 --threads 4 --force --skip-plot <fna>/GCA_018882545.1.fna
GCA_019242135.1	1.11.4	6.0	full	14.72 min	~/miniconda3/envs/bakta/bin/bakta --db ~/database/bakta-db/db --output <out>/GCA_019242135.1 --prefix GCA_019242135.1 --threads 4 --force --skip-plot <fna>/GCA_019242135.1.fna
GCA_019236925.1	1.11.4	6.0	full	17.58 min	~/miniconda3/envs/bakta/bin/bakta --db ~/database/bakta-db/db --output <out>/GCA_019236925.1 --prefix GCA_019236925.1 --threads 4 --force --skip-plot <fna>/GCA_019236925.1.fna
GCA_019246375.1	1.11.4	6.0	full	13.82 min	~/miniconda3/envs/bakta/bin/bakta --db ~/database/bakta-db/db --output <out>/GCA_019246375.1 --prefix GCA_019246375.1 --threads 4 --force --skip-plot <fna>/GCA_019246375.1.fna
GCA_019751635.1	1.11.4	6.0	full	12.38 min	~/miniconda3/envs/bakta/bin/bakta --db ~/database/bakta-db/db --output <out>/GCA_019751635.1 --prefix GCA_019751635.1 --threads 4 --force --skip-plot <fna>/GCA_019751635.1.fna
GCA_020438785.1	1.11.4	6.0	full	13.47 min	~/miniconda3/envs/bakta/bin/bakta --db ~/database/bakta-db/db --output <out>/GCA_020438785.1 --prefix GCA_020438785.1 --threads 4 --force --skip-plot <fna>/GCA_020438785.1.fna
GCA_019749805.1	1.11.4	6.0	full	16.25 min	~/miniconda3/envs/bakta/bin/bakta --db ~/database/bakta-db/db --output <out>/GCA_019749805.1 --prefix GCA_019749805.1 --threads 4 --force --skip-plot <fna>/GCA_019749805.1.fna
GCA_020438845.1	1.11.4	6.0	full	12.27 min	~/miniconda3/envs/bakta/bin/bakta --db ~/database/bakta-db/db --output <out>/GCA_020438845.1 --prefix GCA_020438845.1 --threads 4 --force --skip-plot <fna>/GCA_020438845.1.fna
GCA_020438865.1	1.11.4	6.0	full	14.03 min	~/miniconda3/envs/bakta/bin/bakta --db ~/database/bakta-db/db --output <out>/GCA_020438865.1 --prefix GCA_020438865.1 --threads 4 --force --skip-plot <fna>/GCA_020438865.1.fna
GCA_020438905.1	1.11.4	6.0	full	11.07 min	~/miniconda3/envs/bakta/bin/bakta --db ~/database/bakta-db/db --output <out>/GCA_020438905.1 --prefix GCA_020438905.1 --threads 4 --force --skip-plot <fna>/GCA_020438905.1.fna
GCA_020438895.1	1.11.4	6.0	full	12.65 min	~/miniconda3/envs/bakta/bin/bakta --db ~/database/bakta-db/db --output <out>/GCA_020438895.1 --prefix GCA_020438895.1 --threads 4 --force --skip-plot <fna>/GCA_020438895.1.fna
GCA_020438915.1	1.11.4	6.0	full	13.08 min	~/miniconda3/envs/bakta/bin/bakta --db ~/database/bakta-db/db --output <out>/GCA_020438915.1 --prefix GCA_020438915.1 --threads 4 --force --skip-plot <fna>/GCA_020438915.1.fna
GCA_020439025.1	1.11.4	6.0	full	12.78 min	~/miniconda3/envs/bakta/bin/bakta --db ~/database/bakta-db/db --output <out>/GCA_020439025.1 --prefix GCA_020439025.1 --threads 4 --force --skip-plot <fna>/GCA_020439025.1.fna
GCA_022600695.1	1.11.4	6.0	full	13.58 min	~/miniconda3/envs/bakta/bin/bakta --db ~/database/bakta-db/db --output <out>/GCA_022600695.1 --prefix GCA_022600695.1 --threads 4 --force --skip-plot <fna>/GCA_022600695.1.fna
GCA_021732005.1	1.11.4	6.0	full	16.47 min	~/miniconda3/envs/bakta/bin/bakta --db ~/database/bakta-db/db --output <out>/GCA_021732005.1 --prefix GCA_021732005.1 --threads 4 --force --skip-plot <fna>/GCA_021732005.1.fna
GCA_021154745.1	1.11.4	6.0	full	17.75 min	~/miniconda3/envs/bakta/bin/bakta --db ~/database/bakta-db/db --output <out>/GCA_021154745.1 --prefix GCA_021154745.1 --threads 4 --force --skip-plot <fna>/GCA_021154745.1.fna
GCA_021648845.1	1.11.4	6.0	full	17.18 min	~/miniconda3/envs/bakta/bin/bakta --db ~/database/bakta-db/db --output <out>/GCA_021648845.1 --prefix GCA_021648845.1 --threads 4 --force --skip-plot <fna>/GCA_021648845.1.fna
GCA_022601135.1	1.11.4	6.0	full	13.77 min	~/miniconda3/envs/bakta/bin/bakta --db ~/database/bakta-db/db --output <out>/GCA_022601135.1 --prefix GCA_022601135.1 --threads 4 --force --skip-plot <fna>/GCA_022601135.1.fna
GCA_022601275.1	1.11.4	6.0	full	13.18 min	~/miniconda3/envs/bakta/bin/bakta --db ~/database/bakta-db/db --output <out>/GCA_022601275.1 --prefix GCA_022601275.1 --threads 4 --force --skip-plot <fna>/GCA_022601275.1.fna
GCA_022600605.1	1.11.4	6.0	full	17.27 min	~/miniconda3/envs/bakta/bin/bakta --db ~/database/bakta-db/db --output <out>/GCA_022600605.1 --prefix GCA_022600605.1 --threads 4 --force --skip-plot <fna>/GCA_022600605.1.fna
GCA_022708865.1	1.11.4	6.0	full	14.37 min	~/miniconda3/envs/bakta/bin/bakta --db ~/database/bakta-db/db --output <out>/GCA_022708865.1 --prefix GCA_022708865.1 --threads 4 --force --skip-plot <fna>/GCA_022708865.1.fna
GCA_023264755.1	1.11.4	6.0	full	14.88 min	~/miniconda3/envs/bakta/bin/bakta --db ~/database/bakta-db/db --output <out>/GCA_023264755.1 --prefix GCA_023264755.1 --threads 4 --force --skip-plot <fna>/GCA_023264755.1.fna
GCA_023264735.1	1.11.4	6.0	full	16.02 min	~/miniconda3/envs/bakta/bin/bakta --db ~/database/bakta-db/db --output <out>/GCA_023264735.1 --prefix GCA_023264735.1 --threads 4 --force --skip-plot <fna>/GCA_023264735.1.fna
GCA_023404955.1	1.11.4	6.0	full	16.20 min	~/miniconda3/envs/bakta/bin/bakta --db ~/database/bakta-db/db --output <out>/GCA_023404955.1 --prefix GCA_023404955.1 --threads 4 --force --skip-plot <fna>/GCA_023404955.1.fna
GCA_023415515.1	1.11.4	6.0	full	17.08 min	~/miniconda3/envs/bakta/bin/bakta --db ~/database/bakta-db/db --output <out>/GCA_023415515.1 --prefix GCA_023415515.1 --threads 4 --force --skip-plot <fna>/GCA_023415515.1.fna
GCA_022841565.1	1.11.4	6.0	full	18.72 min	~/miniconda3/envs/bakta/bin/bakta --db ~/database/bakta-db/db --output <out>/GCA_022841565.1 --prefix GCA_022841565.1 --threads 4 --force --skip-plot <fna>/GCA_022841565.1.fna
GCA_023264765.1	1.11.4	6.0	full	18.05 min	~/miniconda3/envs/bakta/bin/bakta --db ~/database/bakta-db/db --output <out>/GCA_023264765.1 --prefix GCA_023264765.1 --threads 4 --force --skip-plot <fna>/GCA_023264765.1.fna
GCA_023416315.1	1.11.4	6.0	full	18.00 min	~/miniconda3/envs/bakta/bin/bakta --db ~/database/bakta-db/db --output <out>/GCA_023416315.1 --prefix GCA_023416315.1 --threads 4 --force --skip-plot <fna>/GCA_023416315.1.fna
GCA_023460175.1	1.11.4	6.0	full	15.50 min	~/miniconda3/envs/bakta/bin/bakta --db ~/database/bakta-db/db --output <out>/GCA_023460175.1 --prefix GCA_023460175.1 --threads 4 --force --skip-plot <fna>/GCA_023460175.1.fna
GCA_025963195.1	1.11.4	6.0	full	15.72 min	~/miniconda3/envs/bakta/bin/bakta --db ~/database/bakta-db/db --output <out>/GCA_025963195.1 --prefix GCA_025963195.1 --threads 4 --force --skip-plot <fna>/GCA_025963195.1.fna
GCA_026393245.1	1.11.4	6.0	full	13.45 min	~/miniconda3/envs/bakta/bin/bakta --db ~/database/bakta-db/db --output <out>/GCA_026393245.1 --prefix GCA_026393245.1 --threads 4 --force --skip-plot <fna>/GCA_026393245.1.fna
GCA_025963385.1	1.11.4	6.0	full	17.60 min	~/miniconda3/envs/bakta/bin/bakta --db ~/database/bakta-db/db --output <out>/GCA_025963385.1 --prefix GCA_025963385.1 --threads 4 --force --skip-plot <fna>/GCA_025963385.1.fna
GCA_025966225.1	1.11.4	6.0	full	15.68 min	~/miniconda3/envs/bakta/bin/bakta --db ~/database/bakta-db/db --output <out>/GCA_025966225.1 --prefix GCA_025966225.1 --threads 4 --force --skip-plot <fna>/GCA_025966225.1.fna
GCA_027728805.1	1.11.4	6.0	full	13.32 min	~/miniconda3/envs/bakta/bin/bakta --db ~/database/bakta-db/db --output <out>/GCA_027728805.1 --prefix GCA_027728805.1 --threads 4 --force --skip-plot <fna>/GCA_027728805.1.fna
GCA_025965555.1	1.11.4	6.0	full	17.38 min	~/miniconda3/envs/bakta/bin/bakta --db ~/database/bakta-db/db --output <out>/GCA_025965555.1 --prefix GCA_025965555.1 --threads 4 --force --skip-plot <fna>/GCA_025965555.1.fna
GCA_025965815.1	1.11.4	6.0	full	16.62 min	~/miniconda3/envs/bakta/bin/bakta --db ~/database/bakta-db/db --output <out>/GCA_025965815.1 --prefix GCA_025965815.1 --threads 4 --force --skip-plot <fna>/GCA_025965815.1.fna
GCA_028706695.1	1.11.4	6.0	full	14.17 min	~/miniconda3/envs/bakta/bin/bakta --db ~/database/bakta-db/db --output <out>/GCA_028706695.1 --prefix GCA_028706695.1 --threads 4 --force --skip-plot <fna>/GCA_028706695.1.fna
GCA_029256565.1	1.11.4	6.0	full	11.67 min	~/miniconda3/envs/bakta/bin/bakta --db ~/database/bakta-db/db --output <out>/GCA_029256565.1 --prefix GCA_029256565.1 --threads 4 --force --skip-plot <fna>/GCA_029256565.1.fna
GCA_029979305.1	1.11.4	6.0	full	10.57 min	~/miniconda3/envs/bakta/bin/bakta --db ~/database/bakta-db/db --output <out>/GCA_029979305.1 --prefix GCA_029979305.1 --threads 4 --force --skip-plot <fna>/GCA_029979305.1.fna
GCA_029780675.1	1.11.4	6.0	full	12.45 min	~/miniconda3/envs/bakta/bin/bakta --db ~/database/bakta-db/db --output <out>/GCA_029780675.1 --prefix GCA_029780675.1 --threads 4 --force --skip-plot <fna>/GCA_029780675.1.fna
GCA_030666145.1	1.11.4	6.0	full	10.65 min	~/miniconda3/envs/bakta/bin/bakta --db ~/database/bakta-db/db --output <out>/GCA_030666145.1 --prefix GCA_030666145.1 --threads 4 --force --skip-plot <fna>/GCA_030666145.1.fna
GCA_029977845.1	1.11.4	6.0	full	11.32 min	~/miniconda3/envs/bakta/bin/bakta --db ~/database/bakta-db/db --output <out>/GCA_029977845.1 --prefix GCA_029977845.1 --threads 4 --force --skip-plot <fna>/GCA_029977845.1.fna
GCA_030836785.1	1.11.4	6.0	full	11.82 min	~/miniconda3/envs/bakta/bin/bakta --db ~/database/bakta-db/db --output <out>/GCA_030836785.1 --prefix GCA_030836785.1 --threads 4 --force --skip-plot <fna>/GCA_030836785.1.fna
GCA_031292665.1	1.11.4	6.0	full	12.82 min	~/miniconda3/envs/bakta/bin/bakta --db ~/database/bakta-db/db --output <out>/GCA_031292665.1 --prefix GCA_031292665.1 --threads 4 --force --skip-plot <fna>/GCA_031292665.1.fna
GCA_031292695.1	1.11.4	6.0	full	16.47 min	~/miniconda3/envs/bakta/bin/bakta --db ~/database/bakta-db/db --output <out>/GCA_031292695.1 --prefix GCA_031292695.1 --threads 4 --force --skip-plot <fna>/GCA_031292695.1.fna
GCA_032159915.1	1.11.4	6.0	full	11.22 min	~/miniconda3/envs/bakta/bin/bakta --db ~/database/bakta-db/db --output <out>/GCA_032159915.1 --prefix GCA_032159915.1 --threads 4 --force --skip-plot <fna>/GCA_032159915.1.fna
GCA_032159565.1	1.11.4	6.0	full	13.50 min	~/miniconda3/envs/bakta/bin/bakta --db ~/database/bakta-db/db --output <out>/GCA_032159565.1 --prefix GCA_032159565.1 --threads 4 --force --skip-plot <fna>/GCA_032159565.1.fna
GCA_032159775.1	1.11.4	6.0	full	13.02 min	~/miniconda3/envs/bakta/bin/bakta --db ~/database/bakta-db/db --output <out>/GCA_032159775.1 --prefix GCA_032159775.1 --threads 4 --force --skip-plot <fna>/GCA_032159775.1.fna
GCA_032159965.1	1.11.4	6.0	full	13.02 min	~/miniconda3/envs/bakta/bin/bakta --db ~/database/bakta-db/db --output <out>/GCA_032159965.1 --prefix GCA_032159965.1 --threads 4 --force --skip-plot <fna>/GCA_032159965.1.fna
GCA_032159765.1	1.11.4	6.0	full	13.82 min	~/miniconda3/envs/bakta/bin/bakta --db ~/database/bakta-db/db --output <out>/GCA_032159765.1 --prefix GCA_032159765.1 --threads 4 --force --skip-plot <fna>/GCA_032159765.1.fna
GCA_032161985.1	1.11.4	6.0	full	13.15 min	~/miniconda3/envs/bakta/bin/bakta --db ~/database/bakta-db/db --output <out>/GCA_032161985.1 --prefix GCA_032161985.1 --threads 4 --force --skip-plot <fna>/GCA_032161985.1.fna
GCA_032161845.1	1.11.4	6.0	full	14.87 min	~/miniconda3/envs/bakta/bin/bakta --db ~/database/bakta-db/db --output <out>/GCA_032161845.1 --prefix GCA_032161845.1 --threads 4 --force --skip-plot <fna>/GCA_032161845.1.fna
GCA_032162105.1	1.11.4	6.0	full	13.82 min	~/miniconda3/envs/bakta/bin/bakta --db ~/database/bakta-db/db --output <out>/GCA_032162105.1 --prefix GCA_032162105.1 --threads 4 --force --skip-plot <fna>/GCA_032162105.1.fna
GCA_032162485.1	1.11.4	6.0	full	11.37 min	~/miniconda3/envs/bakta/bin/bakta --db ~/database/bakta-db/db --output <out>/GCA_032162485.1 --prefix GCA_032162485.1 --threads 4 --force --skip-plot <fna>/GCA_032162485.1.fna
GCA_032162385.1	1.11.4	6.0	full	13.43 min	~/miniconda3/envs/bakta/bin/bakta --db ~/database/bakta-db/db --output <out>/GCA_032162385.1 --prefix GCA_032162385.1 --threads 4 --force --skip-plot <fna>/GCA_032162385.1.fna
GCA_032162325.1	1.11.4	6.0	full	13.90 min	~/miniconda3/envs/bakta/bin/bakta --db ~/database/bakta-db/db --output <out>/GCA_032162325.1 --prefix GCA_032162325.1 --threads 4 --force --skip-plot <fna>/GCA_032162325.1.fna
GCA_032162865.1	1.11.4	6.0	full	11.80 min	~/miniconda3/envs/bakta/bin/bakta --db ~/database/bakta-db/db --output <out>/GCA_032162865.1 --prefix GCA_032162865.1 --threads 4 --force --skip-plot <fna>/GCA_032162865.1.fna
GCA_034189785.1	1.11.4	6.0	full	10.20 min	~/miniconda3/envs/bakta/bin/bakta --db ~/database/bakta-db/db --output <out>/GCA_034189785.1 --prefix GCA_034189785.1 --threads 4 --force --skip-plot <fna>/GCA_034189785.1.fna
GCA_032162605.1	1.11.4	6.0	full	14.15 min	~/miniconda3/envs/bakta/bin/bakta --db ~/database/bakta-db/db --output <out>/GCA_032162605.1 --prefix GCA_032162605.1 --threads 4 --force --skip-plot <fna>/GCA_032162605.1.fna
GCA_032230775.1	1.11.4	6.0	full	12.88 min	~/miniconda3/envs/bakta/bin/bakta --db ~/database/bakta-db/db --output <out>/GCA_032230775.1 --prefix GCA_032230775.1 --threads 4 --force --skip-plot <fna>/GCA_032230775.1.fna
GCA_035314925.1	1.11.4	6.0	full	11.10 min	~/miniconda3/envs/bakta/bin/bakta --db ~/database/bakta-db/db --output <out>/GCA_035314925.1 --prefix GCA_035314925.1 --threads 4 --force --skip-plot <fna>/GCA_035314925.1.fna
GCA_034190095.1	1.11.4	6.0	full	13.42 min	~/miniconda3/envs/bakta/bin/bakta --db ~/database/bakta-db/db --output <out>/GCA_034190095.1 --prefix GCA_034190095.1 --threads 4 --force --skip-plot <fna>/GCA_034190095.1.fna
GCA_034520035.1	1.11.4	6.0	full	12.93 min	~/miniconda3/envs/bakta/bin/bakta --db ~/database/bakta-db/db --output <out>/GCA_034520035.1 --prefix GCA_034520035.1 --threads 4 --force --skip-plot <fna>/GCA_034520035.1.fna
GCA_035345915.1	1.11.4	6.0	full	11.12 min	~/miniconda3/envs/bakta/bin/bakta --db ~/database/bakta-db/db --output <out>/GCA_035345915.1 --prefix GCA_035345915.1 --threads 4 --force --skip-plot <fna>/GCA_035345915.1.fna
GCA_035279185.1	1.11.4	6.0	full	13.48 min	~/miniconda3/envs/bakta/bin/bakta --db ~/database/bakta-db/db --output <out>/GCA_035279185.1 --prefix GCA_035279185.1 --threads 4 --force --skip-plot <fna>/GCA_035279185.1.fna
GCA_035472875.1	1.11.4	6.0	full	11.77 min	~/miniconda3/envs/bakta/bin/bakta --db ~/database/bakta-db/db --output <out>/GCA_035472875.1 --prefix GCA_035472875.1 --threads 4 --force --skip-plot <fna>/GCA_035472875.1.fna
GCA_035253445.1	1.11.4	6.0	full	14.62 min	~/miniconda3/envs/bakta/bin/bakta --db ~/database/bakta-db/db --output <out>/GCA_035253445.1 --prefix GCA_035253445.1 --threads 4 --force --skip-plot <fna>/GCA_035253445.1.fna
GCA_035492865.1	1.11.4	6.0	full	14.42 min	~/miniconda3/envs/bakta/bin/bakta --db ~/database/bakta-db/db --output <out>/GCA_035492865.1 --prefix GCA_035492865.1 --threads 4 --force --skip-plot <fna>/GCA_035492865.1.fna
GCA_035552295.1	1.11.4	6.0	full	11.27 min	~/miniconda3/envs/bakta/bin/bakta --db ~/database/bakta-db/db --output <out>/GCA_035552295.1 --prefix GCA_035552295.1 --threads 4 --force --skip-plot <fna>/GCA_035552295.1.fna
GCA_035506875.1	1.11.4	6.0	full	12.47 min	~/miniconda3/envs/bakta/bin/bakta --db ~/database/bakta-db/db --output <out>/GCA_035506875.1 --prefix GCA_035506875.1 --threads 4 --force --skip-plot <fna>/GCA_035506875.1.fna
GCA_035511785.1	1.11.4	6.0	full	12.07 min	~/miniconda3/envs/bakta/bin/bakta --db ~/database/bakta-db/db --output <out>/GCA_035511785.1 --prefix GCA_035511785.1 --threads 4 --force --skip-plot <fna>/GCA_035511785.1.fna
GCA_035505695.1	1.11.4	6.0	full	13.18 min	~/miniconda3/envs/bakta/bin/bakta --db ~/database/bakta-db/db --output <out>/GCA_035505695.1 --prefix GCA_035505695.1 --threads 4 --force --skip-plot <fna>/GCA_035505695.1.fna
GCA_035552835.1	1.11.4	6.0	full	11.08 min	~/miniconda3/envs/bakta/bin/bakta --db ~/database/bakta-db/db --output <out>/GCA_035552835.1 --prefix GCA_035552835.1 --threads 4 --force --skip-plot <fna>/GCA_035552835.1.fna
GCA_035606475.1	1.11.4	6.0	full	10.67 min	~/miniconda3/envs/bakta/bin/bakta --db ~/database/bakta-db/db --output <out>/GCA_035606475.1 --prefix GCA_035606475.1 --threads 4 --force --skip-plot <fna>/GCA_035606475.1.fna
GCA_035569455.1	1.11.4	6.0	full	13.17 min	~/miniconda3/envs/bakta/bin/bakta --db ~/database/bakta-db/db --output <out>/GCA_035569455.1 --prefix GCA_035569455.1 --threads 4 --force --skip-plot <fna>/GCA_035569455.1.fna
GCA_035625875.1	1.11.4	6.0	full	13.72 min	~/miniconda3/envs/bakta/bin/bakta --db ~/database/bakta-db/db --output <out>/GCA_035625875.1 --prefix GCA_035625875.1 --threads 4 --force --skip-plot <fna>/GCA_035625875.1.fna
GCA_035693385.1	1.11.4	6.0	full	10.22 min	~/miniconda3/envs/bakta/bin/bakta --db ~/database/bakta-db/db --output <out>/GCA_035693385.1 --prefix GCA_035693385.1 --threads 4 --force --skip-plot <fna>/GCA_035693385.1.fna
GCA_035651275.1	1.11.4	6.0	full	11.08 min	~/miniconda3/envs/bakta/bin/bakta --db ~/database/bakta-db/db --output <out>/GCA_035651275.1 --prefix GCA_035651275.1 --threads 4 --force --skip-plot <fna>/GCA_035651275.1.fna
GCA_035642315.1	1.11.4	6.0	full	11.68 min	~/miniconda3/envs/bakta/bin/bakta --db ~/database/bakta-db/db --output <out>/GCA_035642315.1 --prefix GCA_035642315.1 --threads 4 --force --skip-plot <fna>/GCA_035642315.1.fna
GCA_035633495.1	1.11.4	6.0	full	12.18 min	~/miniconda3/envs/bakta/bin/bakta --db ~/database/bakta-db/db --output <out>/GCA_035633495.1 --prefix GCA_035633495.1 --threads 4 --force --skip-plot <fna>/GCA_035633495.1.fna
GCA_035634855.1	1.11.4	6.0	full	12.62 min	~/miniconda3/envs/bakta/bin/bakta --db ~/database/bakta-db/db --output <out>/GCA_035634855.1 --prefix GCA_035634855.1 --threads 4 --force --skip-plot <fna>/GCA_035634855.1.fna
GCA_035642975.1	1.11.4	6.0	full	12.95 min	~/miniconda3/envs/bakta/bin/bakta --db ~/database/bakta-db/db --output <out>/GCA_035642975.1 --prefix GCA_035642975.1 --threads 4 --force --skip-plot <fna>/GCA_035642975.1.fna
GCA_035716165.1	1.11.4	6.0	full	11.25 min	~/miniconda3/envs/bakta/bin/bakta --db ~/database/bakta-db/db --output <out>/GCA_035716165.1 --prefix GCA_035716165.1 --threads 4 --force --skip-plot <fna>/GCA_035716165.1.fna
GCA_035721065.1	1.11.4	6.0	full	10.98 min	~/miniconda3/envs/bakta/bin/bakta --db ~/database/bakta-db/db --output <out>/GCA_035721065.1 --prefix GCA_035721065.1 --threads 4 --force --skip-plot <fna>/GCA_035721065.1.fna
GCA_036263935.1	1.11.4	6.0	full	10.75 min	~/miniconda3/envs/bakta/bin/bakta --db ~/database/bakta-db/db --output <out>/GCA_036263935.1 --prefix GCA_036263935.1 --threads 4 --force --skip-plot <fna>/GCA_036263935.1.fna
GCA_036273805.1	1.11.4	6.0	full	10.53 min	~/miniconda3/envs/bakta/bin/bakta --db ~/database/bakta-db/db --output <out>/GCA_036273805.1 --prefix GCA_036273805.1 --threads 4 --force --skip-plot <fna>/GCA_036273805.1.fna
GCA_036273375.1	1.11.4	6.0	full	11.80 min	~/miniconda3/envs/bakta/bin/bakta --db ~/database/bakta-db/db --output <out>/GCA_036273375.1 --prefix GCA_036273375.1 --threads 4 --force --skip-plot <fna>/GCA_036273375.1.fna
GCA_035996225.1	1.11.4	6.0	full	13.25 min	~/miniconda3/envs/bakta/bin/bakta --db ~/database/bakta-db/db --output <out>/GCA_035996225.1 --prefix GCA_035996225.1 --threads 4 --force --skip-plot <fna>/GCA_035996225.1.fna
GCA_036265655.1	1.11.4	6.0	full	13.48 min	~/miniconda3/envs/bakta/bin/bakta --db ~/database/bakta-db/db --output <out>/GCA_036265655.1 --prefix GCA_036265655.1 --threads 4 --force --skip-plot <fna>/GCA_036265655.1.fna
GCA_036272035.1	1.11.4	6.0	full	14.00 min	~/miniconda3/envs/bakta/bin/bakta --db ~/database/bakta-db/db --output <out>/GCA_036272035.1 --prefix GCA_036272035.1 --threads 4 --force --skip-plot <fna>/GCA_036272035.1.fna
GCA_036338755.1	1.11.4	6.0	full	11.37 min	~/miniconda3/envs/bakta/bin/bakta --db ~/database/bakta-db/db --output <out>/GCA_036338755.1 --prefix GCA_036338755.1 --threads 4 --force --skip-plot <fna>/GCA_036338755.1.fna
GCA_036390735.1	1.11.4	6.0	full	11.13 min	~/miniconda3/envs/bakta/bin/bakta --db ~/database/bakta-db/db --output <out>/GCA_036390735.1 --prefix GCA_036390735.1 --threads 4 --force --skip-plot <fna>/GCA_036390735.1.fna
GCA_036495965.1	1.11.4	6.0	full	11.90 min	~/miniconda3/envs/bakta/bin/bakta --db ~/database/bakta-db/db --output <out>/GCA_036495965.1 --prefix GCA_036495965.1 --threads 4 --force --skip-plot <fna>/GCA_036495965.1.fna
GCA_036519055.1	1.11.4	6.0	full	9.90 min	~/miniconda3/envs/bakta/bin/bakta --db ~/database/bakta-db/db --output <out>/GCA_036519055.1 --prefix GCA_036519055.1 --threads 4 --force --skip-plot <fna>/GCA_036519055.1.fna
GCA_036500645.1	1.11.4	6.0	full	10.62 min	~/miniconda3/envs/bakta/bin/bakta --db ~/database/bakta-db/db --output <out>/GCA_036500645.1 --prefix GCA_036500645.1 --threads 4 --force --skip-plot <fna>/GCA_036500645.1.fna
GCA_036497495.1	1.11.4	6.0	full	12.57 min	~/miniconda3/envs/bakta/bin/bakta --db ~/database/bakta-db/db --output <out>/GCA_036497495.1 --prefix GCA_036497495.1 --threads 4 --force --skip-plot <fna>/GCA_036497495.1.fna
GCA_036558625.1	1.11.4	6.0	full	11.37 min	~/miniconda3/envs/bakta/bin/bakta --db ~/database/bakta-db/db --output <out>/GCA_036558625.1 --prefix GCA_036558625.1 --threads 4 --force --skip-plot <fna>/GCA_036558625.1.fna
GCA_036782595.1	1.11.4	6.0	full	11.27 min	~/miniconda3/envs/bakta/bin/bakta --db ~/database/bakta-db/db --output <out>/GCA_036782595.1 --prefix GCA_036782595.1 --threads 4 --force --skip-plot <fna>/GCA_036782595.1.fna
GCA_036746615.1	1.11.4	6.0	full	11.47 min	~/miniconda3/envs/bakta/bin/bakta --db ~/database/bakta-db/db --output <out>/GCA_036746615.1 --prefix GCA_036746615.1 --threads 4 --force --skip-plot <fna>/GCA_036746615.1.fna
GCA_037129875.1	1.11.4	6.0	full	11.30 min	~/miniconda3/envs/bakta/bin/bakta --db ~/database/bakta-db/db --output <out>/GCA_037129875.1 --prefix GCA_037129875.1 --threads 4 --force --skip-plot <fna>/GCA_037129875.1.fna
GCA_037138615.1	1.11.4	6.0	full	10.05 min	~/miniconda3/envs/bakta/bin/bakta --db ~/database/bakta-db/db --output <out>/GCA_037138615.1 --prefix GCA_037138615.1 --threads 4 --force --skip-plot <fna>/GCA_037138615.1.fna
GCA_037138275.1	1.11.4	6.0	full	10.92 min	~/miniconda3/envs/bakta/bin/bakta --db ~/database/bakta-db/db --output <out>/GCA_037138275.1 --prefix GCA_037138275.1 --threads 4 --force --skip-plot <fna>/GCA_037138275.1.fna
GCA_037140245.1	1.11.4	6.0	full	10.58 min	~/miniconda3/envs/bakta/bin/bakta --db ~/database/bakta-db/db --output <out>/GCA_037140245.1 --prefix GCA_037140245.1 --threads 4 --force --skip-plot <fna>/GCA_037140245.1.fna
GCA_037141465.1	1.11.4	6.0	full	9.93 min	~/miniconda3/envs/bakta/bin/bakta --db ~/database/bakta-db/db --output <out>/GCA_037141465.1 --prefix GCA_037141465.1 --threads 4 --force --skip-plot <fna>/GCA_037141465.1.fna
GCA_039583405.1	1.11.4	6.0	full	10.45 min	~/miniconda3/envs/bakta/bin/bakta --db ~/database/bakta-db/db --output <out>/GCA_039583405.1 --prefix GCA_039583405.1 --threads 4 --force --skip-plot <fna>/GCA_039583405.1.fna
GCA_039922455.1	1.11.4	6.0	full	11.37 min	~/miniconda3/envs/bakta/bin/bakta --db ~/database/bakta-db/db --output <out>/GCA_039922455.1 --prefix GCA_039922455.1 --threads 4 --force --skip-plot <fna>/GCA_039922455.1.fna
GCA_038244615.1	1.11.4	6.0	full	12.70 min	~/miniconda3/envs/bakta/bin/bakta --db ~/database/bakta-db/db --output <out>/GCA_038244615.1 --prefix GCA_038244615.1 --threads 4 --force --skip-plot <fna>/GCA_038244615.1.fna
GCA_039935195.1	1.11.4	6.0	full	11.33 min	~/miniconda3/envs/bakta/bin/bakta --db ~/database/bakta-db/db --output <out>/GCA_039935195.1 --prefix GCA_039935195.1 --threads 4 --force --skip-plot <fna>/GCA_039935195.1.fna
GCA_040398865.1	1.11.4	6.0	full	10.30 min	~/miniconda3/envs/bakta/bin/bakta --db ~/database/bakta-db/db --output <out>/GCA_040398865.1 --prefix GCA_040398865.1 --threads 4 --force --skip-plot <fna>/GCA_040398865.1.fna
GCA_040398885.1	1.11.4	6.0	full	10.50 min	~/miniconda3/envs/bakta/bin/bakta --db ~/database/bakta-db/db --output <out>/GCA_040398885.1 --prefix GCA_040398885.1 --threads 4 --force --skip-plot <fna>/GCA_040398885.1.fna
GCA_040511335.1	1.11.4	6.0	full	9.53 min	~/miniconda3/envs/bakta/bin/bakta --db ~/database/bakta-db/db --output <out>/GCA_040511335.1 --prefix GCA_040511335.1 --threads 4 --force --skip-plot <fna>/GCA_040511335.1.fna
GCA_040509115.1	1.11.4	6.0	full	14.98 min	~/miniconda3/envs/bakta/bin/bakta --db ~/database/bakta-db/db --output <out>/GCA_040509115.1 --prefix GCA_040509115.1 --threads 4 --force --skip-plot <fna>/GCA_040509115.1.fna
GCA_040511255.1	1.11.4	6.0	full	15.50 min	~/miniconda3/envs/bakta/bin/bakta --db ~/database/bakta-db/db --output <out>/GCA_040511255.1 --prefix GCA_040511255.1 --threads 4 --force --skip-plot <fna>/GCA_040511255.1.fna
GCA_040704635.1	1.11.4	6.0	full	12.95 min	~/miniconda3/envs/bakta/bin/bakta --db ~/database/bakta-db/db --output <out>/GCA_040704635.1 --prefix GCA_040704635.1 --threads 4 --force --skip-plot <fna>/GCA_040704635.1.fna
GCA_040512325.1	1.11.4	6.0	full	14.15 min	~/miniconda3/envs/bakta/bin/bakta --db ~/database/bakta-db/db --output <out>/GCA_040512325.1 --prefix GCA_040512325.1 --threads 4 --force --skip-plot <fna>/GCA_040512325.1.fna
GCA_040752555.1	1.11.4	6.0	full	12.35 min	~/miniconda3/envs/bakta/bin/bakta --db ~/database/bakta-db/db --output <out>/GCA_040752555.1 --prefix GCA_040752555.1 --threads 4 --force --skip-plot <fna>/GCA_040752555.1.fna
GCA_041303735.1	1.11.4	6.0	full	9.73 min	~/miniconda3/envs/bakta/bin/bakta --db ~/database/bakta-db/db --output <out>/GCA_041303735.1 --prefix GCA_041303735.1 --threads 4 --force --skip-plot <fna>/GCA_041303735.1.fna
GCA_041303695.1	1.11.4	6.0	full	10.68 min	~/miniconda3/envs/bakta/bin/bakta --db ~/database/bakta-db/db --output <out>/GCA_041303695.1 --prefix GCA_041303695.1 --threads 4 --force --skip-plot <fna>/GCA_041303695.1.fna
GCA_900078375.1	1.11.4	6.0	full	10.12 min	~/miniconda3/envs/bakta/bin/bakta --db ~/database/bakta-db/db --output <out>/GCA_900078375.1 --prefix GCA_900078375.1 --threads 4 --force --skip-plot <fna>/GCA_900078375.1.fna
GCA_903884065.1	1.11.4	6.0	full	10.70 min	~/miniconda3/envs/bakta/bin/bakta --db ~/database/bakta-db/db --output <out>/GCA_903884065.1 --prefix GCA_903884065.1 --threads 4 --force --skip-plot <fna>/GCA_903884065.1.fna
GCA_903877095.1	1.11.4	6.0	full	11.53 min	~/miniconda3/envs/bakta/bin/bakta --db ~/database/bakta-db/db --output <out>/GCA_903877095.1 --prefix GCA_903877095.1 --threads 4 --force --skip-plot <fna>/GCA_903877095.1.fna
GCA_902826815.1	1.11.4	6.0	full	13.42 min	~/miniconda3/envs/bakta/bin/bakta --db ~/database/bakta-db/db --output <out>/GCA_902826815.1 --prefix GCA_902826815.1 --threads 4 --force --skip-plot <fna>/GCA_902826815.1.fna
GCA_943331415.1	1.11.4	6.0	full	8.68 min	~/miniconda3/envs/bakta/bin/bakta --db ~/database/bakta-db/db --output <out>/GCA_943331415.1 --prefix GCA_943331415.1 --threads 4 --force --skip-plot <fna>/GCA_943331415.1.fna
GCA_903862565.1	1.11.4	6.0	full	12.55 min	~/miniconda3/envs/bakta/bin/bakta --db ~/database/bakta-db/db --output <out>/GCA_903862565.1 --prefix GCA_903862565.1 --threads 4 --force --skip-plot <fna>/GCA_903862565.1.fna
GCA_903927745.1	1.11.4	6.0	full	10.47 min	~/miniconda3/envs/bakta/bin/bakta --db ~/database/bakta-db/db --output <out>/GCA_903927745.1 --prefix GCA_903927745.1 --threads 4 --force --skip-plot <fna>/GCA_903927745.1.fna
GCA_945882475.1	1.11.4	6.0	full	10.70 min	~/miniconda3/envs/bakta/bin/bakta --db ~/database/bakta-db/db --output <out>/GCA_945882475.1 --prefix GCA_945882475.1 --threads 4 --force --skip-plot <fna>/GCA_945882475.1.fna
GCA_945897705.1	1.11.4	6.0	full	9.73 min	~/miniconda3/envs/bakta/bin/bakta --db ~/database/bakta-db/db --output <out>/GCA_945897705.1 --prefix GCA_945897705.1 --threads 4 --force --skip-plot <fna>/GCA_945897705.1.fna
GCF_000373905.1	1.11.4	6.0	full	8.57 min	~/miniconda3/envs/bakta/bin/bakta --db ~/database/bakta-db/db --output <out>/GCF_000373905.1 --prefix GCF_000373905.1 --threads 4 --force --skip-plot <fna>/GCF_000373905.1.fna
GCF_000328565.1	1.11.4	6.0	full	8.98 min	~/miniconda3/envs/bakta/bin/bakta --db ~/database/bakta-db/db --output <out>/GCF_000328565.1 --prefix GCF_000328565.1 --threads 4 --force --skip-plot <fna>/GCF_000328565.1.fna
GCA_964195655.1	1.11.4	6.0	full	9.88 min	~/miniconda3/envs/bakta/bin/bakta --db ~/database/bakta-db/db --output <out>/GCA_964195655.1 --prefix GCA_964195655.1 --threads 4 --force --skip-plot <fna>/GCA_964195655.1.fna
GCA_964203005.1	1.11.4	6.0	full	9.50 min	~/miniconda3/envs/bakta/bin/bakta --db ~/database/bakta-db/db --output <out>/GCA_964203005.1 --prefix GCA_964203005.1 --threads 4 --force --skip-plot <fna>/GCA_964203005.1.fna
GCF_000382405.1	1.11.4	6.0	full	8.77 min	~/miniconda3/envs/bakta/bin/bakta --db ~/database/bakta-db/db --output <out>/GCF_000382405.1 --prefix GCF_000382405.1 --threads 4 --force --skip-plot <fna>/GCF_000382405.1.fna
GCA_964202555.1	1.11.4	6.0	full	11.30 min	~/miniconda3/envs/bakta/bin/bakta --db ~/database/bakta-db/db --output <out>/GCA_964202555.1 --prefix GCA_964202555.1 --threads 4 --force --skip-plot <fna>/GCA_964202555.1.fna
GCF_000455125.1	1.11.4	6.0	full	8.83 min	~/miniconda3/envs/bakta/bin/bakta --db ~/database/bakta-db/db --output <out>/GCF_000455125.1 --prefix GCF_000455125.1 --threads 4 --force --skip-plot <fna>/GCF_000455125.1.fna
GCF_000426065.1	1.11.4	6.0	full	10.88 min	~/miniconda3/envs/bakta/bin/bakta --db ~/database/bakta-db/db --output <out>/GCF_000426065.1 --prefix GCF_000426065.1 --threads 4 --force --skip-plot <fna>/GCF_000426065.1.fna
GCF_001021385.1	1.11.4	6.0	full	8.78 min	~/miniconda3/envs/bakta/bin/bakta --db ~/database/bakta-db/db --output <out>/GCF_001021385.1 --prefix GCF_001021385.1 --threads 4 --force --skip-plot <fna>/GCF_001021385.1.fna
GCF_001426545.1	1.11.4	6.0	full	9.33 min	~/miniconda3/envs/bakta/bin/bakta --db ~/database/bakta-db/db --output <out>/GCF_001426545.1 --prefix GCF_001426545.1 --threads 4 --force --skip-plot <fna>/GCF_001426545.1.fna
GCF_000620625.1	1.11.4	6.0	full	10.03 min	~/miniconda3/envs/bakta/bin/bakta --db ~/database/bakta-db/db --output <out>/GCF_000620625.1 --prefix GCF_000620625.1 --threads 4 --force --skip-plot <fna>/GCF_000620625.1.fna
GCF_001428895.1	1.11.4	6.0	full	9.38 min	~/miniconda3/envs/bakta/bin/bakta --db ~/database/bakta-db/db --output <out>/GCF_001428895.1 --prefix GCF_001428895.1 --threads 4 --force --skip-plot <fna>/GCF_001428895.1.fna
GCF_000455205.1	1.11.4	6.0	full	10.88 min	~/miniconda3/envs/bakta/bin/bakta --db ~/database/bakta-db/db --output <out>/GCF_000455205.1 --prefix GCF_000455205.1 --threads 4 --force --skip-plot <fna>/GCF_000455205.1.fna
GCF_001499855.1	1.11.4	6.0	full	9.35 min	~/miniconda3/envs/bakta/bin/bakta --db ~/database/bakta-db/db --output <out>/GCF_001499855.1 --prefix GCF_001499855.1 --threads 4 --force --skip-plot <fna>/GCF_001499855.1.fna
GCF_001499905.1	1.11.4	6.0	full	8.37 min	~/miniconda3/envs/bakta/bin/bakta --db ~/database/bakta-db/db --output <out>/GCF_001499905.1 --prefix GCF_001499905.1 --threads 4 --force --skip-plot <fna>/GCF_001499905.1.fna
GCF_001494595.1	1.11.4	6.0	full	11.00 min	~/miniconda3/envs/bakta/bin/bakta --db ~/database/bakta-db/db --output <out>/GCF_001494595.1 --prefix GCF_001494595.1 --threads 4 --force --skip-plot <fna>/GCF_001494595.1.fna
GCF_001499965.1	1.11.4	6.0	full	9.27 min	~/miniconda3/envs/bakta/bin/bakta --db ~/database/bakta-db/db --output <out>/GCF_001499965.1 --prefix GCF_001499965.1 --threads 4 --force --skip-plot <fna>/GCF_001499965.1.fna
GCF_001499995.1	1.11.4	6.0	full	8.65 min	~/miniconda3/envs/bakta/bin/bakta --db ~/database/bakta-db/db --output <out>/GCF_001499995.1 --prefix GCF_001499995.1 --threads 4 --force --skip-plot <fna>/GCF_001499995.1.fna
GCF_001500025.1	1.11.4	6.0	full	8.95 min	~/miniconda3/envs/bakta/bin/bakta --db ~/database/bakta-db/db --output <out>/GCF_001500025.1 --prefix GCF_001500025.1 --threads 4 --force --skip-plot <fna>/GCF_001500025.1.fna
GCF_001500045.1	1.11.4	6.0	full	8.98 min	~/miniconda3/envs/bakta/bin/bakta --db ~/database/bakta-db/db --output <out>/GCF_001500045.1 --prefix GCF_001500045.1 --threads 4 --force --skip-plot <fna>/GCF_001500045.1.fna
GCF_001500065.1	1.11.4	6.0	full	9.52 min	~/miniconda3/envs/bakta/bin/bakta --db ~/database/bakta-db/db --output <out>/GCF_001500065.1 --prefix GCF_001500065.1 --threads 4 --force --skip-plot <fna>/GCF_001500065.1.fna
GCF_001500125.1	1.11.4	6.0	full	8.32 min	~/miniconda3/envs/bakta/bin/bakta --db ~/database/bakta-db/db --output <out>/GCF_001500125.1 --prefix GCF_001500125.1 --threads 4 --force --skip-plot <fna>/GCF_001500125.1.fna
GCF_001665395.1	1.11.4	6.0	full	8.70 min	~/miniconda3/envs/bakta/bin/bakta --db ~/database/bakta-db/db --output <out>/GCF_001665395.1 --prefix GCF_001665395.1 --threads 4 --force --skip-plot <fna>/GCF_001665395.1.fna
GCF_001545925.1	1.11.4	6.0	full	10.85 min	~/miniconda3/envs/bakta/bin/bakta --db ~/database/bakta-db/db --output <out>/GCF_001545925.1 --prefix GCF_001545925.1 --threads 4 --force --skip-plot <fna>/GCF_001545925.1.fna
GCF_001665535.1	1.11.4	6.0	full	9.45 min	~/miniconda3/envs/bakta/bin/bakta --db ~/database/bakta-db/db --output <out>/GCF_001665535.1 --prefix GCF_001665535.1 --threads 4 --force --skip-plot <fna>/GCF_001665535.1.fna
GCF_001665875.1	1.11.4	6.0	full	8.47 min	~/miniconda3/envs/bakta/bin/bakta --db ~/database/bakta-db/db --output <out>/GCF_001665875.1 --prefix GCF_001665875.1 --threads 4 --force --skip-plot <fna>/GCF_001665875.1.fna
GCF_001665575.1	1.11.4	6.0	full	9.98 min	~/miniconda3/envs/bakta/bin/bakta --db ~/database/bakta-db/db --output <out>/GCF_001665575.1 --prefix GCF_001665575.1 --threads 4 --force --skip-plot <fna>/GCF_001665575.1.fna
GCF_001666755.1	1.11.4	6.0	full	9.03 min	~/miniconda3/envs/bakta/bin/bakta --db ~/database/bakta-db/db --output <out>/GCF_001666755.1 --prefix GCF_001666755.1 --threads 4 --force --skip-plot <fna>/GCF_001666755.1.fna
GCF_001665685.1	1.11.4	6.0	full	10.38 min	~/miniconda3/envs/bakta/bin/bakta --db ~/database/bakta-db/db --output <out>/GCF_001665685.1 --prefix GCF_001665685.1 --threads 4 --force --skip-plot <fna>/GCF_001665685.1.fna
GCF_001666835.1	1.11.4	6.0	full	9.00 min	~/miniconda3/envs/bakta/bin/bakta --db ~/database/bakta-db/db --output <out>/GCF_001666835.1 --prefix GCF_001666835.1 --threads 4 --force --skip-plot <fna>/GCF_001666835.1.fna
GCF_001667015.1	1.11.4	6.0	full	9.78 min	~/miniconda3/envs/bakta/bin/bakta --db ~/database/bakta-db/db --output <out>/GCF_001667015.1 --prefix GCF_001667015.1 --threads 4 --force --skip-plot <fna>/GCF_001667015.1.fna
GCF_001667035.1	1.11.4	6.0	full	8.67 min	~/miniconda3/envs/bakta/bin/bakta --db ~/database/bakta-db/db --output <out>/GCF_001667035.1 --prefix GCF_001667035.1 --threads 4 --force --skip-plot <fna>/GCF_001667035.1.fna
GCF_001667075.1	1.11.4	6.0	full	8.20 min	~/miniconda3/envs/bakta/bin/bakta --db ~/database/bakta-db/db --output <out>/GCF_001667075.1 --prefix GCF_001667075.1 --threads 4 --force --skip-plot <fna>/GCF_001667075.1.fna
GCF_001667145.1	1.11.4	6.0	full	9.20 min	~/miniconda3/envs/bakta/bin/bakta --db ~/database/bakta-db/db --output <out>/GCF_001667145.1 --prefix GCF_001667145.1 --threads 4 --force --skip-plot <fna>/GCF_001667145.1.fna
GCF_001667185.1	1.11.4	6.0	full	8.75 min	~/miniconda3/envs/bakta/bin/bakta --db ~/database/bakta-db/db --output <out>/GCF_001667185.1 --prefix GCF_001667185.1 --threads 4 --force --skip-plot <fna>/GCF_001667185.1.fna
GCF_001667275.1	1.11.4	6.0	full	8.78 min	~/miniconda3/envs/bakta/bin/bakta --db ~/database/bakta-db/db --output <out>/GCF_001667275.1 --prefix GCF_001667275.1 --threads 4 --force --skip-plot <fna>/GCF_001667275.1.fna
GCF_001667115.1	1.11.4	6.0	full	10.37 min	~/miniconda3/envs/bakta/bin/bakta --db ~/database/bakta-db/db --output <out>/GCF_001667115.1 --prefix GCF_001667115.1 --threads 4 --force --skip-plot <fna>/GCF_001667115.1.fna
GCF_001667265.1	1.11.4	6.0	full	9.40 min	~/miniconda3/envs/bakta/bin/bakta --db ~/database/bakta-db/db --output <out>/GCF_001667265.1 --prefix GCF_001667265.1 --threads 4 --force --skip-plot <fna>/GCF_001667265.1.fna
GCF_001667315.1	1.11.4	6.0	full	8.30 min	~/miniconda3/envs/bakta/bin/bakta --db ~/database/bakta-db/db --output <out>/GCF_001667315.1 --prefix GCF_001667315.1 --threads 4 --force --skip-plot <fna>/GCF_001667315.1.fna
GCF_001667505.1	1.11.4	6.0	full	10.08 min	~/miniconda3/envs/bakta/bin/bakta --db ~/database/bakta-db/db --output <out>/GCF_001667505.1 --prefix GCF_001667505.1 --threads 4 --force --skip-plot <fna>/GCF_001667505.1.fna
GCF_001667585.1	1.11.4	6.0	full	8.45 min	~/miniconda3/envs/bakta/bin/bakta --db ~/database/bakta-db/db --output <out>/GCF_001667585.1 --prefix GCF_001667585.1 --threads 4 --force --skip-plot <fna>/GCF_001667585.1.fna
GCF_001667925.1	1.11.4	6.0	full	8.88 min	~/miniconda3/envs/bakta/bin/bakta --db ~/database/bakta-db/db --output <out>/GCF_001667925.1 --prefix GCF_001667925.1 --threads 4 --force --skip-plot <fna>/GCF_001667925.1.fna
GCF_001667665.1	1.11.4	6.0	full	10.08 min	~/miniconda3/envs/bakta/bin/bakta --db ~/database/bakta-db/db --output <out>/GCF_001667665.1 --prefix GCF_001667665.1 --threads 4 --force --skip-plot <fna>/GCF_001667665.1.fna
GCF_001667735.1	1.11.4	6.0	full	9.78 min	~/miniconda3/envs/bakta/bin/bakta --db ~/database/bakta-db/db --output <out>/GCF_001667735.1 --prefix GCF_001667735.1 --threads 4 --force --skip-plot <fna>/GCF_001667735.1.fna
GCF_001668575.1	1.11.4	6.0	full	9.17 min	~/miniconda3/envs/bakta/bin/bakta --db ~/database/bakta-db/db --output <out>/GCF_001668575.1 --prefix GCF_001668575.1 --threads 4 --force --skip-plot <fna>/GCF_001668575.1.fna
GCF_001667775.1	1.11.4	6.0	full	10.05 min	~/miniconda3/envs/bakta/bin/bakta --db ~/database/bakta-db/db --output <out>/GCF_001667775.1 --prefix GCF_001667775.1 --threads 4 --force --skip-plot <fna>/GCF_001667775.1.fna
GCF_001668615.1	1.11.4	6.0	full	8.52 min	~/miniconda3/envs/bakta/bin/bakta --db ~/database/bakta-db/db --output <out>/GCF_001668615.1 --prefix GCF_001668615.1 --threads 4 --force --skip-plot <fna>/GCF_001668615.1.fna
GCF_001668625.1	1.11.4	6.0	full	7.92 min	~/miniconda3/envs/bakta/bin/bakta --db ~/database/bakta-db/db --output <out>/GCF_001668625.1 --prefix GCF_001668625.1 --threads 4 --force --skip-plot <fna>/GCF_001668625.1.fna
GCF_001668725.1	1.11.4	6.0	full	9.62 min	~/miniconda3/envs/bakta/bin/bakta --db ~/database/bakta-db/db --output <out>/GCF_001668725.1 --prefix GCF_001668725.1 --threads 4 --force --skip-plot <fna>/GCF_001668725.1.fna
GCF_001672895.1	1.11.4	6.0	full	8.27 min	~/miniconda3/envs/bakta/bin/bakta --db ~/database/bakta-db/db --output <out>/GCF_001672895.1 --prefix GCF_001672895.1 --threads 4 --force --skip-plot <fna>/GCF_001672895.1.fna
GCF_001672975.1	1.11.4	6.0	full	9.43 min	~/miniconda3/envs/bakta/bin/bakta --db ~/database/bakta-db/db --output <out>/GCF_001672975.1 --prefix GCF_001672975.1 --threads 4 --force --skip-plot <fna>/GCF_001672975.1.fna
GCF_001672915.1	1.11.4	6.0	full	9.85 min	~/miniconda3/envs/bakta/bin/bakta --db ~/database/bakta-db/db --output <out>/GCF_001672915.1 --prefix GCF_001672915.1 --threads 4 --force --skip-plot <fna>/GCF_001672915.1.fna
GCF_001673405.1	1.11.4	6.0	full	9.65 min	~/miniconda3/envs/bakta/bin/bakta --db ~/database/bakta-db/db --output <out>/GCF_001673405.1 --prefix GCF_001673405.1 --threads 4 --force --skip-plot <fna>/GCF_001673405.1.fna
GCF_001672815.1	1.11.4	6.0	full	11.03 min	~/miniconda3/envs/bakta/bin/bakta --db ~/database/bakta-db/db --output <out>/GCF_001672815.1 --prefix GCF_001672815.1 --threads 4 --force --skip-plot <fna>/GCF_001672815.1.fna
GCF_001673535.1	1.11.4	6.0	full	8.98 min	~/miniconda3/envs/bakta/bin/bakta --db ~/database/bakta-db/db --output <out>/GCF_001673535.1 --prefix GCF_001673535.1 --threads 4 --force --skip-plot <fna>/GCF_001673535.1.fna
GCF_001673155.1	1.11.4	6.0	full	10.77 min	~/miniconda3/envs/bakta/bin/bakta --db ~/database/bakta-db/db --output <out>/GCF_001673155.1 --prefix GCF_001673155.1 --threads 4 --force --skip-plot <fna>/GCF_001673155.1.fna
GCF_001673555.1	1.11.4	6.0	full	10.25 min	~/miniconda3/envs/bakta/bin/bakta --db ~/database/bakta-db/db --output <out>/GCF_001673555.1 --prefix GCF_001673555.1 --threads 4 --force --skip-plot <fna>/GCF_001673555.1.fna
GCF_001905655.1	1.11.4	6.0	full	9.88 min	~/miniconda3/envs/bakta/bin/bakta --db ~/database/bakta-db/db --output <out>/GCF_001905655.1 --prefix GCF_001905655.1 --threads 4 --force --skip-plot <fna>/GCF_001905655.1.fna
GCF_001954275.1	1.11.4	6.0	full	8.48 min	~/miniconda3/envs/bakta/bin/bakta --db ~/database/bakta-db/db --output <out>/GCF_001954275.1 --prefix GCF_001954275.1 --threads 4 --force --skip-plot <fna>/GCF_001954275.1.fna
GCF_001954135.1	1.11.4	6.0	full	9.23 min	~/miniconda3/envs/bakta/bin/bakta --db ~/database/bakta-db/db --output <out>/GCF_001954135.1 --prefix GCF_001954135.1 --threads 4 --force --skip-plot <fna>/GCF_001954135.1.fna
GCF_001953975.1	1.11.4	6.0	full	9.52 min	~/miniconda3/envs/bakta/bin/bakta --db ~/database/bakta-db/db --output <out>/GCF_001953975.1 --prefix GCF_001953975.1 --threads 4 --force --skip-plot <fna>/GCF_001953975.1.fna
GCF_001954195.1	1.11.4	6.0	full	8.98 min	~/miniconda3/envs/bakta/bin/bakta --db ~/database/bakta-db/db --output <out>/GCF_001954195.1 --prefix GCF_001954195.1 --threads 4 --force --skip-plot <fna>/GCF_001954195.1.fna
GCF_001984215.1	1.11.4	6.0	full	9.68 min	~/miniconda3/envs/bakta/bin/bakta --db ~/database/bakta-db/db --output <out>/GCF_001984215.1 --prefix GCF_001984215.1 --threads 4 --force --skip-plot <fna>/GCF_001984215.1.fna
GCF_002043095.1	1.11.4	6.0	full	11.73 min	~/miniconda3/envs/bakta/bin/bakta --db ~/database/bakta-db/db --output <out>/GCF_002043095.1 --prefix GCF_002043095.1 --threads 4 --force --skip-plot <fna>/GCF_002043095.1.fna
GCF_002723835.1	1.11.4	6.0	full	11.27 min	~/miniconda3/envs/bakta/bin/bakta --db ~/database/bakta-db/db --output <out>/GCF_002723835.1 --prefix GCF_002723835.1 --threads 4 --force --skip-plot <fna>/GCF_002723835.1.fna
GCF_002968285.2	1.11.4	6.0	full	9.02 min	~/miniconda3/envs/bakta/bin/bakta --db ~/database/bakta-db/db --output <out>/GCF_002968285.2 --prefix GCF_002968285.2 --threads 4 --force --skip-plot <fna>/GCF_002968285.2.fna
GCF_002968295.1	1.11.4	6.0	full	9.37 min	~/miniconda3/envs/bakta/bin/bakta --db ~/database/bakta-db/db --output <out>/GCF_002968295.1 --prefix GCF_002968295.1 --threads 4 --force --skip-plot <fna>/GCF_002968295.1.fna
GCF_002968335.2	1.11.4	6.0	full	9.37 min	~/miniconda3/envs/bakta/bin/bakta --db ~/database/bakta-db/db --output <out>/GCF_002968335.2 --prefix GCF_002968335.2 --threads 4 --force --skip-plot <fna>/GCF_002968335.2.fna
GCF_002863225.1	1.11.4	6.0	full	10.55 min	~/miniconda3/envs/bakta/bin/bakta --db ~/database/bakta-db/db --output <out>/GCF_002863225.1 --prefix GCF_002863225.1 --threads 4 --force --skip-plot <fna>/GCF_002863225.1.fna
GCF_002887815.1	1.11.4	6.0	full	10.98 min	~/miniconda3/envs/bakta/bin/bakta --db ~/database/bakta-db/db --output <out>/GCF_002887815.1 --prefix GCF_002887815.1 --threads 4 --force --skip-plot <fna>/GCF_002887815.1.fna
GCF_003284965.1	1.11.4	6.0	full	9.08 min	~/miniconda3/envs/bakta/bin/bakta --db ~/database/bakta-db/db --output <out>/GCF_003284965.1 --prefix GCF_003284965.1 --threads 4 --force --skip-plot <fna>/GCF_003284965.1.fna
GCF_003402475.1	1.11.4	6.0	full	8.62 min	~/miniconda3/envs/bakta/bin/bakta --db ~/database/bakta-db/db --output <out>/GCF_003402475.1 --prefix GCF_003402475.1 --threads 4 --force --skip-plot <fna>/GCF_003402475.1.fna
GCF_004298145.1	1.11.4	6.0	full	9.25 min	~/miniconda3/envs/bakta/bin/bakta --db ~/database/bakta-db/db --output <out>/GCF_004298145.1 --prefix GCF_004298145.1 --threads 4 --force --skip-plot <fna>/GCF_004298145.1.fna
GCF_004570325.1	1.11.4	6.0	full	8.95 min	~/miniconda3/envs/bakta/bin/bakta --db ~/database/bakta-db/db --output <out>/GCF_004570325.1 --prefix GCF_004570325.1 --threads 4 --force --skip-plot <fna>/GCF_004570325.1.fna
GCF_004362315.1	1.11.4	6.0	full	9.58 min	~/miniconda3/envs/bakta/bin/bakta --db ~/database/bakta-db/db --output <out>/GCF_004362315.1 --prefix GCF_004362315.1 --threads 4 --force --skip-plot <fna>/GCF_004362315.1.fna
GCF_004745805.1	1.11.4	6.0	full	9.23 min	~/miniconda3/envs/bakta/bin/bakta --db ~/database/bakta-db/db --output <out>/GCF_004745805.1 --prefix GCF_004745805.1 --threads 4 --force --skip-plot <fna>/GCF_004745805.1.fna
GCF_007096635.1	1.11.4	6.0	full	8.80 min	~/miniconda3/envs/bakta/bin/bakta --db ~/database/bakta-db/db --output <out>/GCF_007096635.1 --prefix GCF_007096635.1 --threads 4 --force --skip-plot <fna>/GCF_007096635.1.fna
GCF_004762045.1	1.11.4	6.0	full	11.32 min	~/miniconda3/envs/bakta/bin/bakta --db ~/database/bakta-db/db --output <out>/GCF_004762045.1 --prefix GCF_004762045.1 --threads 4 --force --skip-plot <fna>/GCF_004762045.1.fna
GCF_005222675.1	1.11.4	6.0	full	10.25 min	~/miniconda3/envs/bakta/bin/bakta --db ~/database/bakta-db/db --output <out>/GCF_005222675.1 --prefix GCF_005222675.1 --threads 4 --force --skip-plot <fna>/GCF_005222675.1.fna
GCF_008329535.1	1.11.4	6.0	full	9.20 min	~/miniconda3/envs/bakta/bin/bakta --db ~/database/bakta-db/db --output <out>/GCF_008329535.1 --prefix GCF_008329535.1 --threads 4 --force --skip-plot <fna>/GCF_008329535.1.fna
GCF_008329565.1	1.11.4	6.0	full	8.53 min	~/miniconda3/envs/bakta/bin/bakta --db ~/database/bakta-db/db --output <out>/GCF_008329565.1 --prefix GCF_008329565.1 --threads 4 --force --skip-plot <fna>/GCF_008329565.1.fna
GCF_008329905.1	1.11.4	6.0	full	9.18 min	~/miniconda3/envs/bakta/bin/bakta --db ~/database/bakta-db/db --output <out>/GCF_008329905.1 --prefix GCF_008329905.1 --threads 4 --force --skip-plot <fna>/GCF_008329905.1.fna
GCF_008329605.1	1.11.4	6.0	full	9.53 min	~/miniconda3/envs/bakta/bin/bakta --db ~/database/bakta-db/db --output <out>/GCF_008329605.1 --prefix GCF_008329605.1 --threads 4 --force --skip-plot <fna>/GCF_008329605.1.fna
GCF_008709575.1	1.11.4	6.0	full	9.10 min	~/miniconda3/envs/bakta/bin/bakta --db ~/database/bakta-db/db --output <out>/GCF_008709575.1 --prefix GCF_008709575.1 --threads 4 --force --skip-plot <fna>/GCF_008709575.1.fna
GCF_008329585.1	1.11.4	6.0	full	10.80 min	~/miniconda3/envs/bakta/bin/bakta --db ~/database/bakta-db/db --output <out>/GCF_008329585.1 --prefix GCF_008329585.1 --threads 4 --force --skip-plot <fna>/GCF_008329585.1.fna
GCF_009729075.1	1.11.4	6.0	full	8.85 min	~/miniconda3/envs/bakta/bin/bakta --db ~/database/bakta-db/db --output <out>/GCF_009729075.1 --prefix GCF_009729075.1 --threads 4 --force --skip-plot <fna>/GCF_009729075.1.fna
GCF_009729095.1	1.11.4	6.0	full	9.83 min	~/miniconda3/envs/bakta/bin/bakta --db ~/database/bakta-db/db --output <out>/GCF_009729095.1 --prefix GCF_009729095.1 --threads 4 --force --skip-plot <fna>/GCF_009729095.1.fna
GCF_009729415.1	1.11.4	6.0	full	9.45 min	~/miniconda3/envs/bakta/bin/bakta --db ~/database/bakta-db/db --output <out>/GCF_009729415.1 --prefix GCF_009729415.1 --threads 4 --force --skip-plot <fna>/GCF_009729415.1.fna
GCF_010725485.1	1.11.4	6.0	full	9.02 min	~/miniconda3/envs/bakta/bin/bakta --db ~/database/bakta-db/db --output <out>/GCF_010725485.1 --prefix GCF_010725485.1 --threads 4 --force --skip-plot <fna>/GCF_010725485.1.fna
GCF_011694515.1	1.11.4	6.0	full	8.57 min	~/miniconda3/envs/bakta/bin/bakta --db ~/database/bakta-db/db --output <out>/GCF_011694515.1 --prefix GCF_011694515.1 --threads 4 --force --skip-plot <fna>/GCF_011694515.1.fna
GCF_011620645.1	1.11.4	6.0	full	9.37 min	~/miniconda3/envs/bakta/bin/bakta --db ~/database/bakta-db/db --output <out>/GCF_011620645.1 --prefix GCF_011620645.1 --threads 4 --force --skip-plot <fna>/GCF_011620645.1.fna
GCF_013337765.1	1.11.4	6.0	full	9.65 min	~/miniconda3/envs/bakta/bin/bakta --db ~/database/bakta-db/db --output <out>/GCF_013337765.1 --prefix GCF_013337765.1 --threads 4 --force --skip-plot <fna>/GCF_013337765.1.fna
GCF_011745145.1	1.11.4	6.0	full	10.30 min	~/miniconda3/envs/bakta/bin/bakta --db ~/database/bakta-db/db --output <out>/GCF_011745145.1 --prefix GCF_011745145.1 --threads 4 --force --skip-plot <fna>/GCF_011745145.1.fna
GCF_014202335.1	1.11.4	6.0	full	10.07 min	~/miniconda3/envs/bakta/bin/bakta --db ~/database/bakta-db/db --output <out>/GCF_014202335.1 --prefix GCF_014202335.1 --threads 4 --force --skip-plot <fna>/GCF_014202335.1.fna
GCF_014873705.1	1.11.4	6.0	full	9.67 min	~/miniconda3/envs/bakta/bin/bakta --db ~/database/bakta-db/db --output <out>/GCF_014873705.1 --prefix GCF_014873705.1 --threads 4 --force --skip-plot <fna>/GCF_014873705.1.fna
GCF_016462545.1	1.11.4	6.0	full	11.35 min	~/miniconda3/envs/bakta/bin/bakta --db ~/database/bakta-db/db --output <out>/GCF_016462545.1 --prefix GCF_016462545.1 --threads 4 --force --skip-plot <fna>/GCF_016462545.1.fna
GCF_016462945.1	1.11.4	6.0	full	7.78 min	~/miniconda3/envs/bakta/bin/bakta --db ~/database/bakta-db/db --output <out>/GCF_016462945.1 --prefix GCF_016462945.1 --threads 4 --force --skip-plot <fna>/GCF_016462945.1.fna
GCF_017312405.1	1.11.4	6.0	full	9.00 min	~/miniconda3/envs/bakta/bin/bakta --db ~/database/bakta-db/db --output <out>/GCF_017312405.1 --prefix GCF_017312405.1 --threads 4 --force --skip-plot <fna>/GCF_017312405.1.fna
GCF_017352375.1	1.11.4	6.0	full	8.97 min	~/miniconda3/envs/bakta/bin/bakta --db ~/database/bakta-db/db --output <out>/GCF_017352375.1 --prefix GCF_017352375.1 --threads 4 --force --skip-plot <fna>/GCF_017352375.1.fna
GCF_017853185.1	1.11.4	6.0	full	8.15 min	~/miniconda3/envs/bakta/bin/bakta --db ~/database/bakta-db/db --output <out>/GCF_017853185.1 --prefix GCF_017853185.1 --threads 4 --force --skip-plot <fna>/GCF_017853185.1.fna
GCF_018361265.1	1.11.4	6.0	full	8.17 min	~/miniconda3/envs/bakta/bin/bakta --db ~/database/bakta-db/db --output <out>/GCF_018361265.1 --prefix GCF_018361265.1 --threads 4 --force --skip-plot <fna>/GCF_018361265.1.fna
GCF_018326285.1	1.11.4	6.0	full	9.55 min	~/miniconda3/envs/bakta/bin/bakta --db ~/database/bakta-db/db --output <out>/GCF_018326285.1 --prefix GCF_018326285.1 --threads 4 --force --skip-plot <fna>/GCF_018326285.1.fna
GCF_019243155.1	1.11.4	6.0	full	11.33 min	~/miniconda3/envs/bakta/bin/bakta --db ~/database/bakta-db/db --output <out>/GCF_019243155.1 --prefix GCF_019243155.1 --threads 4 --force --skip-plot <fna>/GCF_019243155.1.fna
GCF_019247635.1	1.11.4	6.0	full	8.63 min	~/miniconda3/envs/bakta/bin/bakta --db ~/database/bakta-db/db --output <out>/GCF_019247635.1 --prefix GCF_019247635.1 --threads 4 --force --skip-plot <fna>/GCF_019247635.1.fna
GCF_019247615.1	1.11.4	6.0	full	10.43 min	~/miniconda3/envs/bakta/bin/bakta --db ~/database/bakta-db/db --output <out>/GCF_019247615.1 --prefix GCF_019247615.1 --threads 4 --force --skip-plot <fna>/GCF_019247615.1.fna
GCF_020637165.1	1.11.4	6.0	full	8.65 min	~/miniconda3/envs/bakta/bin/bakta --db ~/database/bakta-db/db --output <out>/GCF_020637165.1 --prefix GCF_020637165.1 --threads 4 --force --skip-plot <fna>/GCF_020637165.1.fna
GCF_020217485.1	1.11.4	6.0	full	9.70 min	~/miniconda3/envs/bakta/bin/bakta --db ~/database/bakta-db/db --output <out>/GCF_020217485.1 --prefix GCF_020217485.1 --threads 4 --force --skip-plot <fna>/GCF_020217485.1.fna
GCF_022317005.1	1.11.4	6.0	full	8.77 min	~/miniconda3/envs/bakta/bin/bakta --db ~/database/bakta-db/db --output <out>/GCF_022317005.1 --prefix GCF_022317005.1 --threads 4 --force --skip-plot <fna>/GCF_022317005.1.fna
GCF_022348085.1	1.11.4	6.0	full	9.23 min	~/miniconda3/envs/bakta/bin/bakta --db ~/database/bakta-db/db --output <out>/GCF_022348085.1 --prefix GCF_022348085.1 --threads 4 --force --skip-plot <fna>/GCF_022348085.1.fna
GCF_022557175.1	1.11.4	6.0	full	10.57 min	~/miniconda3/envs/bakta/bin/bakta --db ~/database/bakta-db/db --output <out>/GCF_022557175.1 --prefix GCF_022557175.1 --threads 4 --force --skip-plot <fna>/GCF_022557175.1.fna
GCF_025263485.1	1.11.4	6.0	full	8.63 min	~/miniconda3/envs/bakta/bin/bakta --db ~/database/bakta-db/db --output <out>/GCF_025263485.1 --prefix GCF_025263485.1 --threads 4 --force --skip-plot <fna>/GCF_025263485.1.fna
GCF_025263265.1	1.11.4	6.0	full	9.60 min	~/miniconda3/envs/bakta/bin/bakta --db ~/database/bakta-db/db --output <out>/GCF_025263265.1 --prefix GCF_025263265.1 --threads 4 --force --skip-plot <fna>/GCF_025263265.1.fna
GCF_025263565.1	1.11.4	6.0	full	9.53 min	~/miniconda3/envs/bakta/bin/bakta --db ~/database/bakta-db/db --output <out>/GCF_025263565.1 --prefix GCF_025263565.1 --threads 4 --force --skip-plot <fna>/GCF_025263565.1.fna
GCF_025933915.1	1.11.4	6.0	full	10.52 min	~/miniconda3/envs/bakta/bin/bakta --db ~/database/bakta-db/db --output <out>/GCF_025933915.1 --prefix GCF_025933915.1 --threads 4 --force --skip-plot <fna>/GCF_025933915.1.fna
GCF_025965855.1	1.11.4	6.0	full	10.10 min	~/miniconda3/envs/bakta/bin/bakta --db ~/database/bakta-db/db --output <out>/GCF_025965855.1 --prefix GCF_025965855.1 --threads 4 --force --skip-plot <fna>/GCF_025965855.1.fna
GCF_025965975.1	1.11.4	6.0	full	10.88 min	~/miniconda3/envs/bakta/bin/bakta --db ~/database/bakta-db/db --output <out>/GCF_025965975.1 --prefix GCF_025965975.1 --threads 4 --force --skip-plot <fna>/GCF_025965975.1.fna
GCF_026240945.1	1.11.4	6.0	full	10.38 min	~/miniconda3/envs/bakta/bin/bakta --db ~/database/bakta-db/db --output <out>/GCF_026240945.1 --prefix GCF_026240945.1 --threads 4 --force --skip-plot <fna>/GCF_026240945.1.fna
GCF_026625985.1	1.11.4	6.0	full	9.47 min	~/miniconda3/envs/bakta/bin/bakta --db ~/database/bakta-db/db --output <out>/GCF_026625985.1 --prefix GCF_026625985.1 --threads 4 --force --skip-plot <fna>/GCF_026625985.1.fna
GCF_026723865.1	1.11.4	6.0	full	10.38 min	~/miniconda3/envs/bakta/bin/bakta --db ~/database/bakta-db/db --output <out>/GCF_026723865.1 --prefix GCF_026723865.1 --threads 4 --force --skip-plot <fna>/GCF_026723865.1.fna
GCF_027706845.1	1.11.4	6.0	full	10.35 min	~/miniconda3/envs/bakta/bin/bakta --db ~/database/bakta-db/db --output <out>/GCF_027706845.1 --prefix GCF_027706845.1 --threads 4 --force --skip-plot <fna>/GCF_027706845.1.fna
GCF_029623955.1	1.11.4	6.0	full	10.50 min	~/miniconda3/envs/bakta/bin/bakta --db ~/database/bakta-db/db --output <out>/GCF_029623955.1 --prefix GCF_029623955.1 --threads 4 --force --skip-plot <fna>/GCF_029623955.1.fna
GCF_029961025.1	1.11.4	6.0	full	8.83 min	~/miniconda3/envs/bakta/bin/bakta --db ~/database/bakta-db/db --output <out>/GCF_029961025.1 --prefix GCF_029961025.1 --threads 4 --force --skip-plot <fna>/GCF_029961025.1.fna
GCF_029892685.1	1.11.4	6.0	full	10.33 min	~/miniconda3/envs/bakta/bin/bakta --db ~/database/bakta-db/db --output <out>/GCF_029892685.1 --prefix GCF_029892685.1 --threads 4 --force --skip-plot <fna>/GCF_029892685.1.fna
GCF_030295745.1	1.11.4	6.0	full	8.55 min	~/miniconda3/envs/bakta/bin/bakta --db ~/database/bakta-db/db --output <out>/GCF_030295745.1 --prefix GCF_030295745.1 --threads 4 --force --skip-plot <fna>/GCF_030295745.1.fna
GCF_030209435.1	1.11.4	6.0	full	9.65 min	~/miniconda3/envs/bakta/bin/bakta --db ~/database/bakta-db/db --output <out>/GCF_030209435.1 --prefix GCF_030209435.1 --threads 4 --force --skip-plot <fna>/GCF_030209435.1.fna
GCF_030486405.1	1.11.4	6.0	full	10.42 min	~/miniconda3/envs/bakta/bin/bakta --db ~/database/bakta-db/db --output <out>/GCF_030486405.1 --prefix GCF_030486405.1 --threads 4 --force --skip-plot <fna>/GCF_030486405.1.fna
GCF_032117575.1	1.11.4	6.0	full	8.53 min	~/miniconda3/envs/bakta/bin/bakta --db ~/database/bakta-db/db --output <out>/GCF_032117575.1 --prefix GCF_032117575.1 --threads 4 --force --skip-plot <fna>/GCF_032117575.1.fna
GCF_030755175.1	1.11.4	6.0	full	11.08 min	~/miniconda3/envs/bakta/bin/bakta --db ~/database/bakta-db/db --output <out>/GCF_030755175.1 --prefix GCF_030755175.1 --threads 4 --force --skip-plot <fna>/GCF_030755175.1.fna
GCF_032883035.1	1.11.4	6.0	full	9.87 min	~/miniconda3/envs/bakta/bin/bakta --db ~/database/bakta-db/db --output <out>/GCF_032883035.1 --prefix GCF_032883035.1 --threads 4 --force --skip-plot <fna>/GCF_032883035.1.fna
GCF_033741125.1	1.11.4	6.0	full	9.83 min	~/miniconda3/envs/bakta/bin/bakta --db ~/database/bakta-db/db --output <out>/GCF_033741125.1 --prefix GCF_033741125.1 --threads 4 --force --skip-plot <fna>/GCF_033741125.1.fna
GCF_033741155.1	1.11.4	6.0	full	9.22 min	~/miniconda3/envs/bakta/bin/bakta --db ~/database/bakta-db/db --output <out>/GCF_033741155.1 --prefix GCF_033741155.1 --threads 4 --force --skip-plot <fna>/GCF_033741155.1.fna
GCF_033741175.1	1.11.4	6.0	full	10.08 min	~/miniconda3/envs/bakta/bin/bakta --db ~/database/bakta-db/db --output <out>/GCF_033741175.1 --prefix GCF_033741175.1 --threads 4 --force --skip-plot <fna>/GCF_033741175.1.fna
GCF_033804465.1	1.11.4	6.0	full	10.00 min	~/miniconda3/envs/bakta/bin/bakta --db ~/database/bakta-db/db --output <out>/GCF_033804465.1 --prefix GCF_033804465.1 --threads 4 --force --skip-plot <fna>/GCF_033804465.1.fna
GCF_033804605.1	1.11.4	6.0	full	9.73 min	~/miniconda3/envs/bakta/bin/bakta --db ~/database/bakta-db/db --output <out>/GCF_033804605.1 --prefix GCF_033804605.1 --threads 4 --force --skip-plot <fna>/GCF_033804605.1.fna
GCF_033804635.1	1.11.4	6.0	full	9.15 min	~/miniconda3/envs/bakta/bin/bakta --db ~/database/bakta-db/db --output <out>/GCF_033804635.1 --prefix GCF_033804635.1 --threads 4 --force --skip-plot <fna>/GCF_033804635.1.fna
GCF_035274705.1	1.11.4	6.0	full	9.37 min	~/miniconda3/envs/bakta/bin/bakta --db ~/database/bakta-db/db --output <out>/GCF_035274705.1 --prefix GCF_035274705.1 --threads 4 --force --skip-plot <fna>/GCF_035274705.1.fna
GCF_035314905.1	1.11.4	6.0	full	8.08 min	~/miniconda3/envs/bakta/bin/bakta --db ~/database/bakta-db/db --output <out>/GCF_035314905.1 --prefix GCF_035314905.1 --threads 4 --force --skip-plot <fna>/GCF_035314905.1.fna
GCF_035314665.1	1.11.4	6.0	full	10.02 min	~/miniconda3/envs/bakta/bin/bakta --db ~/database/bakta-db/db --output <out>/GCF_035314665.1 --prefix GCF_035314665.1 --threads 4 --force --skip-plot <fna>/GCF_035314665.1.fna
GCF_035506235.1	1.11.4	6.0	full	9.75 min	~/miniconda3/envs/bakta/bin/bakta --db ~/database/bakta-db/db --output <out>/GCF_035506235.1 --prefix GCF_035506235.1 --threads 4 --force --skip-plot <fna>/GCF_035506235.1.fna
GCF_035499775.1	1.11.4	6.0	full	11.18 min	~/miniconda3/envs/bakta/bin/bakta --db ~/database/bakta-db/db --output <out>/GCF_035499775.1 --prefix GCF_035499775.1 --threads 4 --force --skip-plot <fna>/GCF_035499775.1.fna
GCF_035491595.1	1.11.4	6.0	full	13.88 min	~/miniconda3/envs/bakta/bin/bakta --db ~/database/bakta-db/db --output <out>/GCF_035491595.1 --prefix GCF_035491595.1 --threads 4 --force --skip-plot <fna>/GCF_035491595.1.fna
GCF_035515675.1	1.11.4	6.0	full	10.03 min	~/miniconda3/envs/bakta/bin/bakta --db ~/database/bakta-db/db --output <out>/GCF_035515675.1 --prefix GCF_035515675.1 --threads 4 --force --skip-plot <fna>/GCF_035515675.1.fna
GCF_035570115.1	1.11.4	6.0	full	10.22 min	~/miniconda3/envs/bakta/bin/bakta --db ~/database/bakta-db/db --output <out>/GCF_035570115.1 --prefix GCF_035570115.1 --threads 4 --force --skip-plot <fna>/GCF_035570115.1.fna
GCF_035603715.1	1.11.4	6.0	full	10.95 min	~/miniconda3/envs/bakta/bin/bakta --db ~/database/bakta-db/db --output <out>/GCF_035603715.1 --prefix GCF_035603715.1 --threads 4 --force --skip-plot <fna>/GCF_035603715.1.fna
GCF_035616495.1	1.11.4	6.0	full	10.18 min	~/miniconda3/envs/bakta/bin/bakta --db ~/database/bakta-db/db --output <out>/GCF_035616495.1 --prefix GCF_035616495.1 --threads 4 --force --skip-plot <fna>/GCF_035616495.1.fna
GCF_035617725.1	1.11.4	6.0	full	10.18 min	~/miniconda3/envs/bakta/bin/bakta --db ~/database/bakta-db/db --output <out>/GCF_035617725.1 --prefix GCF_035617725.1 --threads 4 --force --skip-plot <fna>/GCF_035617725.1.fna
GCF_035623875.1	1.11.4	6.0	full	10.20 min	~/miniconda3/envs/bakta/bin/bakta --db ~/database/bakta-db/db --output <out>/GCF_035623875.1 --prefix GCF_035623875.1 --threads 4 --force --skip-plot <fna>/GCF_035623875.1.fna
GCF_035640695.1	1.11.4	6.0	full	10.72 min	~/miniconda3/envs/bakta/bin/bakta --db ~/database/bakta-db/db --output <out>/GCF_035640695.1 --prefix GCF_035640695.1 --threads 4 --force --skip-plot <fna>/GCF_035640695.1.fna
GCF_035697385.1	1.11.4	6.0	full	10.30 min	~/miniconda3/envs/bakta/bin/bakta --db ~/database/bakta-db/db --output <out>/GCF_035697385.1 --prefix GCF_035697385.1 --threads 4 --force --skip-plot <fna>/GCF_035697385.1.fna
GCF_035649695.1	1.11.4	6.0	full	11.40 min	~/miniconda3/envs/bakta/bin/bakta --db ~/database/bakta-db/db --output <out>/GCF_035649695.1 --prefix GCF_035649695.1 --threads 4 --force --skip-plot <fna>/GCF_035649695.1.fna
GCF_035653355.1	1.11.4	6.0	full	12.32 min	~/miniconda3/envs/bakta/bin/bakta --db ~/database/bakta-db/db --output <out>/GCF_035653355.1 --prefix GCF_035653355.1 --threads 4 --force --skip-plot <fna>/GCF_035653355.1.fna
GCF_036023875.1	1.11.4	6.0	full	9.37 min	~/miniconda3/envs/bakta/bin/bakta --db ~/database/bakta-db/db --output <out>/GCF_036023875.1 --prefix GCF_036023875.1 --threads 4 --force --skip-plot <fna>/GCF_036023875.1.fna
GCF_035918395.1	1.11.4	6.0	full	9.97 min	~/miniconda3/envs/bakta/bin/bakta --db ~/database/bakta-db/db --output <out>/GCF_035918395.1 --prefix GCF_035918395.1 --threads 4 --force --skip-plot <fna>/GCF_035918395.1.fna
GCF_036235365.1	1.11.4	6.0	full	12.38 min	~/miniconda3/envs/bakta/bin/bakta --db ~/database/bakta-db/db --output <out>/GCF_036235365.1 --prefix GCF_036235365.1 --threads 4 --force --skip-plot <fna>/GCF_036235365.1.fna
GCF_036409085.1	1.11.4	6.0	full	13.67 min	~/miniconda3/envs/bakta/bin/bakta --db ~/database/bakta-db/db --output <out>/GCF_036409085.1 --prefix GCF_036409085.1 --threads 4 --force --skip-plot <fna>/GCF_036409085.1.fna
GCF_036409155.1	1.11.4	6.0	full	11.92 min	~/miniconda3/envs/bakta/bin/bakta --db ~/database/bakta-db/db --output <out>/GCF_036409155.1 --prefix GCF_036409155.1 --threads 4 --force --skip-plot <fna>/GCF_036409155.1.fna
GCF_036490025.1	1.11.4	6.0	full	10.07 min	~/miniconda3/envs/bakta/bin/bakta --db ~/database/bakta-db/db --output <out>/GCF_036490025.1 --prefix GCF_036490025.1 --threads 4 --force --skip-plot <fna>/GCF_036490025.1.fna
GCF_036488105.1	1.11.4	6.0	full	10.32 min	~/miniconda3/envs/bakta/bin/bakta --db ~/database/bakta-db/db --output <out>/GCF_036488105.1 --prefix GCF_036488105.1 --threads 4 --force --skip-plot <fna>/GCF_036488105.1.fna
GCF_039583785.1	1.11.4	6.0	full	8.73 min	~/miniconda3/envs/bakta/bin/bakta --db ~/database/bakta-db/db --output <out>/GCF_039583785.1 --prefix GCF_039583785.1 --threads 4 --force --skip-plot <fna>/GCF_039583785.1.fna
GCF_039583805.1	1.11.4	6.0	full	8.55 min	~/miniconda3/envs/bakta/bin/bakta --db ~/database/bakta-db/db --output <out>/GCF_039583805.1 --prefix GCF_039583805.1 --threads 4 --force --skip-plot <fna>/GCF_039583805.1.fna
GCF_039023525.1	1.11.4	6.0	full	12.12 min	~/miniconda3/envs/bakta/bin/bakta --db ~/database/bakta-db/db --output <out>/GCF_039023525.1 --prefix GCF_039023525.1 --threads 4 --force --skip-plot <fna>/GCF_039023525.1.fna
GCF_039871645.1	1.11.4	6.0	full	12.47 min	~/miniconda3/envs/bakta/bin/bakta --db ~/database/bakta-db/db --output <out>/GCF_039871645.1 --prefix GCF_039871645.1 --threads 4 --force --skip-plot <fna>/GCF_039871645.1.fna
GCF_040655355.1	1.11.4	6.0	full	13.42 min	~/miniconda3/envs/bakta/bin/bakta --db ~/database/bakta-db/db --output <out>/GCF_040655355.1 --prefix GCF_040655355.1 --threads 4 --force --skip-plot <fna>/GCF_040655355.1.fna
GCF_041206865.1	1.11.4	6.0	full	13.75 min	~/miniconda3/envs/bakta/bin/bakta --db ~/database/bakta-db/db --output <out>/GCF_041206865.1 --prefix GCF_041206865.1 --threads 4 --force --skip-plot <fna>/GCF_041206865.1.fna
GCF_040614235.1	1.11.4	6.0	full	14.48 min	~/miniconda3/envs/bakta/bin/bakta --db ~/database/bakta-db/db --output <out>/GCF_040614235.1 --prefix GCF_040614235.1 --threads 4 --force --skip-plot <fna>/GCF_040614235.1.fna
GCF_041261665.1	1.11.4	6.0	full	14.12 min	~/miniconda3/envs/bakta/bin/bakta --db ~/database/bakta-db/db --output <out>/GCF_041261665.1 --prefix GCF_041261665.1 --threads 4 --force --skip-plot <fna>/GCF_041261665.1.fna
GCF_041287095.1	1.11.4	6.0	full	14.35 min	~/miniconda3/envs/bakta/bin/bakta --db ~/database/bakta-db/db --output <out>/GCF_041287095.1 --prefix GCF_041287095.1 --threads 4 --force --skip-plot <fna>/GCF_041287095.1.fna
GCF_040674075.1	1.11.4	6.0	full	15.35 min	~/miniconda3/envs/bakta/bin/bakta --db ~/database/bakta-db/db --output <out>/GCF_040674075.1 --prefix GCF_040674075.1 --threads 4 --force --skip-plot <fna>/GCF_040674075.1.fna
GCF_041287115.1	1.11.4	6.0	full	12.75 min	~/miniconda3/envs/bakta/bin/bakta --db ~/database/bakta-db/db --output <out>/GCF_041287115.1 --prefix GCF_041287115.1 --threads 4 --force --skip-plot <fna>/GCF_041287115.1.fna
GCF_041287165.1	1.11.4	6.0	full	12.30 min	~/miniconda3/envs/bakta/bin/bakta --db ~/database/bakta-db/db --output <out>/GCF_041287165.1 --prefix GCF_041287165.1 --threads 4 --force --skip-plot <fna>/GCF_041287165.1.fna
GCF_900240945.1	1.11.4	6.0	full	10.07 min	~/miniconda3/envs/bakta/bin/bakta --db ~/database/bakta-db/db --output <out>/GCF_900240945.1 --prefix GCF_900240945.1 --threads 4 --force --skip-plot <fna>/GCF_900240945.1.fna
GCF_937941905.1	1.11.4	6.0	full	9.23 min	~/miniconda3/envs/bakta/bin/bakta --db ~/database/bakta-db/db --output <out>/GCF_937941905.1 --prefix GCF_937941905.1 --threads 4 --force --skip-plot <fna>/GCF_937941905.1.fna
GCF_963378075.1	1.11.4	6.0	full	8.52 min	~/miniconda3/envs/bakta/bin/bakta --db ~/database/bakta-db/db --output <out>/GCF_963378075.1 --prefix GCF_963378075.1 --threads 4 --force --skip-plot <fna>/GCF_963378075.1.fna
GCF_900240975.1	1.11.4	6.0	full	10.22 min	~/miniconda3/envs/bakta/bin/bakta --db ~/database/bakta-db/db --output <out>/GCF_900240975.1 --prefix GCF_900240975.1 --threads 4 --force --skip-plot <fna>/GCF_900240975.1.fna
GCF_902652685.1	1.11.4	6.0	full	10.50 min	~/miniconda3/envs/bakta/bin/bakta --db ~/database/bakta-db/db --output <out>/GCF_902652685.1 --prefix GCF_902652685.1 --threads 4 --force --skip-plot <fna>/GCF_902652685.1.fna
GCF_041287235.1	1.11.4	6.0	full	13.02 min	~/miniconda3/envs/bakta/bin/bakta --db ~/database/bakta-db/db --output <out>/GCF_041287235.1 --prefix GCF_041287235.1 --threads 4 --force --skip-plot <fna>/GCF_041287235.1.fna
GCF_945957405.1	1.11.4	6.0	full	11.63 min	~/miniconda3/envs/bakta/bin/bakta --db ~/database/bakta-db/db --output <out>/GCF_945957405.1 --prefix GCF_945957405.1 --threads 4 --force --skip-plot <fna>/GCF_945957405.1.fna
GCF_963378085.1	1.11.4	6.0	full	7.93 min	~/miniconda3/envs/bakta/bin/bakta --db ~/database/bakta-db/db --output <out>/GCF_963378085.1 --prefix GCF_963378085.1 --threads 4 --force --skip-plot <fna>/GCF_963378085.1.fna
GCF_963378105.1	1.11.4	6.0	full	6.53 min	~/miniconda3/envs/bakta/bin/bakta --db ~/database/bakta-db/db --output <out>/GCF_963378105.1 --prefix GCF_963378105.1 --threads 4 --force --skip-plot <fna>/GCF_963378105.1.fna
GCF_963378095.1	1.11.4	6.0	full	6.93 min	~/miniconda3/envs/bakta/bin/bakta --db ~/database/bakta-db/db --output <out>/GCF_963378095.1 --prefix GCF_963378095.1 --threads 4 --force --skip-plot <fna>/GCF_963378095.1.fna
spire_mag_01947705	1.11.4	6.0	full	7.72 min	~/miniconda3/envs/bakta/bin/bakta --db ~/database/bakta-db/db --output <out>/spire_mag_01947705 --prefix spire_mag_01947705 --threads 4 --force --skip-plot <fna>/spire_mag_01947705.fna
GCF_964000695.1	1.11.4	6.0	full	8.23 min	~/miniconda3/envs/bakta/bin/bakta --db ~/database/bakta-db/db --output <out>/GCF_964000695.1 --prefix GCF_964000695.1 --threads 4 --force --skip-plot <fna>/GCF_964000695.1.fna
spire_mag_00036704	1.11.4	6.0	full	5.37 min	~/miniconda3/envs/bakta/bin/bakta --db ~/database/bakta-db/db --output bakta_out/spire_mag_00036704 --prefix spire_mag_00036704 --threads 8 --skip-plot --force /tmp/spire_mag_00036704.fna
spire_mag_00036881	1.11.4	6.0	full	4.58 min	~/miniconda3/envs/bakta/bin/bakta --db ~/database/bakta-db/db --output bakta_out/spire_mag_00036881 --prefix spire_mag_00036881 --threads 8 --skip-plot --force /tmp/spire_mag_00036881.fna
spire_mag_00079100	1.11.4	6.0	full	5.05 min	~/miniconda3/envs/bakta/bin/bakta --db ~/database/bakta-db/db --output bakta_out/spire_mag_00079100 --prefix spire_mag_00079100 --threads 8 --skip-plot --force /tmp/spire_mag_00079100.fna
spire_mag_00080611	1.11.4	6.0	full	5.77 min	~/miniconda3/envs/bakta/bin/bakta --db ~/database/bakta-db/db --output bakta_out/spire_mag_00080611 --prefix spire_mag_00080611 --threads 8 --skip-plot --force /tmp/spire_mag_00080611.fna
spire_mag_00138007	1.11.4	6.0	full	4.62 min	~/miniconda3/envs/bakta/bin/bakta --db ~/database/bakta-db/db --output bakta_out/spire_mag_00138007 --prefix spire_mag_00138007 --threads 8 --skip-plot --force /tmp/spire_mag_00138007.fna
spire_mag_00138052	1.11.4	6.0	full	5.83 min	~/miniconda3/envs/bakta/bin/bakta --db ~/database/bakta-db/db --output bakta_out/spire_mag_00138052 --prefix spire_mag_00138052 --threads 8 --skip-plot --force /tmp/spire_mag_00138052.fna
spire_mag_00139887	1.11.4	6.0	full	5.37 min	~/miniconda3/envs/bakta/bin/bakta --db ~/database/bakta-db/db --output bakta_out/spire_mag_00139887 --prefix spire_mag_00139887 --threads 8 --skip-plot --force /tmp/spire_mag_00139887.fna
spire_mag_00142179	1.11.4	6.0	full	4.63 min	~/miniconda3/envs/bakta/bin/bakta --db ~/database/bakta-db/db --output bakta_out/spire_mag_00142179 --prefix spire_mag_00142179 --threads 8 --skip-plot --force /tmp/spire_mag_00142179.fna
spire_mag_00143021	1.11.4	6.0	full	5.88 min	~/miniconda3/envs/bakta/bin/bakta --db ~/database/bakta-db/db --output bakta_out/spire_mag_00143021 --prefix spire_mag_00143021 --threads 8 --skip-plot --force /tmp/spire_mag_00143021.fna
spire_mag_00184606	1.11.4	6.0	full	6.88 min	~/miniconda3/envs/bakta/bin/bakta --db ~/database/bakta-db/db --output bakta_out/spire_mag_00184606 --prefix spire_mag_00184606 --threads 8 --skip-plot --force /tmp/spire_mag_00184606.fna
spire_mag_00186517	1.11.4	6.0	full	5.82 min	~/miniconda3/envs/bakta/bin/bakta --db ~/database/bakta-db/db --output bakta_out/spire_mag_00186517 --prefix spire_mag_00186517 --threads 8 --skip-plot --force /tmp/spire_mag_00186517.fna
spire_mag_00193483	1.11.4	6.0	full	4.95 min	~/miniconda3/envs/bakta/bin/bakta --db ~/database/bakta-db/db --output bakta_out/spire_mag_00193483 --prefix spire_mag_00193483 --threads 8 --skip-plot --force /tmp/spire_mag_00193483.fna
spire_mag_00487317	1.11.4	6.0	full	6.33 min	~/miniconda3/envs/bakta/bin/bakta --db ~/database/bakta-db/db --output bakta_out/spire_mag_00487317 --prefix spire_mag_00487317 --threads 8 --skip-plot --force /tmp/spire_mag_00487317.fna
spire_mag_00488916	1.11.4	6.0	full	6.57 min	~/miniconda3/envs/bakta/bin/bakta --db ~/database/bakta-db/db --output bakta_out/spire_mag_00488916 --prefix spire_mag_00488916 --threads 8 --skip-plot --force /tmp/spire_mag_00488916.fna
spire_mag_00490038	1.11.4	6.0	full	6.07 min	~/miniconda3/envs/bakta/bin/bakta --db ~/database/bakta-db/db --output bakta_out/spire_mag_00490038 --prefix spire_mag_00490038 --threads 8 --skip-plot --force /tmp/spire_mag_00490038.fna
spire_mag_00492514	1.11.4	6.0	full	9.30 min	~/miniconda3/envs/bakta/bin/bakta --db ~/database/bakta-db/db --output bakta_out/spire_mag_00492514 --prefix spire_mag_00492514 --threads 8 --skip-plot --force /tmp/spire_mag_00492514.fna
spire_mag_00493620	1.11.4	6.0	full	6.37 min	~/miniconda3/envs/bakta/bin/bakta --db ~/database/bakta-db/db --output bakta_out/spire_mag_00493620 --prefix spire_mag_00493620 --threads 8 --skip-plot --force /tmp/spire_mag_00493620.fna
spire_mag_00518952	1.11.4	6.0	full	9.42 min	~/miniconda3/envs/bakta/bin/bakta --db ~/database/bakta-db/db --output bakta_out/spire_mag_00518952 --prefix spire_mag_00518952 --threads 8 --skip-plot --force /tmp/spire_mag_00518952.fna
spire_mag_00549465	1.11.4	6.0	full	4.98 min	~/miniconda3/envs/bakta/bin/bakta --db ~/database/bakta-db/db --output bakta_out/spire_mag_00549465 --prefix spire_mag_00549465 --threads 8 --skip-plot --force /tmp/spire_mag_00549465.fna
spire_mag_00560387	1.11.4	6.0	full	6.87 min	~/miniconda3/envs/bakta/bin/bakta --db ~/database/bakta-db/db --output bakta_out/spire_mag_00560387 --prefix spire_mag_00560387 --threads 8 --skip-plot --force /tmp/spire_mag_00560387.fna
spire_mag_00670601	1.11.4	6.0	full	5.57 min	~/miniconda3/envs/bakta/bin/bakta --db ~/database/bakta-db/db --output bakta_out/spire_mag_00670601 --prefix spire_mag_00670601 --threads 8 --skip-plot --force /tmp/spire_mag_00670601.fna
spire_mag_00671068	1.11.4	6.0	full	5.32 min	~/miniconda3/envs/bakta/bin/bakta --db ~/database/bakta-db/db --output bakta_out/spire_mag_00671068 --prefix spire_mag_00671068 --threads 8 --skip-plot --force /tmp/spire_mag_00671068.fna
spire_mag_00688177	1.11.4	6.0	full	5.87 min	~/miniconda3/envs/bakta/bin/bakta --db ~/database/bakta-db/db --output bakta_out/spire_mag_00688177 --prefix spire_mag_00688177 --threads 8 --skip-plot --force /tmp/spire_mag_00688177.fna
spire_mag_00688367	1.11.4	6.0	full	5.12 min	~/miniconda3/envs/bakta/bin/bakta --db ~/database/bakta-db/db --output bakta_out/spire_mag_00688367 --prefix spire_mag_00688367 --threads 8 --skip-plot --force /tmp/spire_mag_00688367.fna
spire_mag_00691761	1.11.4	6.0	full	4.75 min	~/miniconda3/envs/bakta/bin/bakta --db ~/database/bakta-db/db --output bakta_out/spire_mag_00691761 --prefix spire_mag_00691761 --threads 8 --skip-plot --force /tmp/spire_mag_00691761.fna
spire_mag_00709062	1.11.4	6.0	full	6.22 min	~/miniconda3/envs/bakta/bin/bakta --db ~/database/bakta-db/db --output bakta_out/spire_mag_00709062 --prefix spire_mag_00709062 --threads 8 --force --skip-plot reps_spire_mag_00709062.fna
spire_mag_00709072	1.11.4	6.0	full	5.77 min	~/miniconda3/envs/bakta/bin/bakta --db ~/database/bakta-db/db --output bakta_out/spire_mag_00709072 --prefix spire_mag_00709072 --threads 8 --skip-plot --force /tmp/spire_mag_00709072.fna
spire_mag_00709104	1.11.4	6.0	full	5.10 min	~/miniconda3/envs/bakta/bin/bakta --db ~/database/bakta-db/db --output bakta_out/spire_mag_00709104 --prefix spire_mag_00709104 --threads 8 --skip-plot --force /tmp/spire_mag_00709104.fna
spire_mag_00709154	1.11.4	6.0	full	5.37 min	~/miniconda3/envs/bakta/bin/bakta --db ~/database/bakta-db/db --output bakta_out/spire_mag_00709154 --prefix spire_mag_00709154 --threads 8 --skip-plot --force /tmp/spire_mag_00709154.fna
spire_mag_00709164	1.11.4	6.0	full	4.58 min	~/miniconda3/envs/bakta/bin/bakta --db ~/database/bakta-db/db --output bakta_out/spire_mag_00709164 --prefix spire_mag_00709164 --threads 8 --skip-plot --force /tmp/spire_mag_00709164.fna
spire_mag_00709178	1.11.4	6.0	full	4.80 min	~/miniconda3/envs/bakta/bin/bakta --db ~/database/bakta-db/db --output bakta_out/spire_mag_00709178 --prefix spire_mag_00709178 --threads 8 --skip-plot --force /tmp/spire_mag_00709178.fna
spire_mag_00709327	1.11.4	6.0	full	4.65 min	~/miniconda3/envs/bakta/bin/bakta --db ~/database/bakta-db/db --output bakta_out/spire_mag_00709327 --prefix spire_mag_00709327 --threads 8 --skip-plot --force /tmp/spire_mag_00709327.fna
spire_mag_00709337	1.11.4	6.0	full	5.27 min	~/miniconda3/envs/bakta/bin/bakta --db ~/database/bakta-db/db --output bakta_out/spire_mag_00709337 --prefix spire_mag_00709337 --threads 8 --skip-plot --force /tmp/spire_mag_00709337.fna
spire_mag_00709371	1.11.4	6.0	full	4.97 min	~/miniconda3/envs/bakta/bin/bakta --db ~/database/bakta-db/db --output bakta_out/spire_mag_00709371 --prefix spire_mag_00709371 --threads 8 --skip-plot --force /tmp/spire_mag_00709371.fna
spire_mag_00709385	1.11.4	6.0	full	5.22 min	~/miniconda3/envs/bakta/bin/bakta --db ~/database/bakta-db/db --output bakta_out/spire_mag_00709385 --prefix spire_mag_00709385 --threads 8 --skip-plot --force /tmp/spire_mag_00709385.fna
spire_mag_00709550	1.11.4	6.0	full	5.15 min	~/miniconda3/envs/bakta/bin/bakta --db ~/database/bakta-db/db --output bakta_out/spire_mag_00709550 --prefix spire_mag_00709550 --threads 8 --skip-plot --force /tmp/spire_mag_00709550.fna
spire_mag_00709551	1.11.4	6.0	full	5.22 min	~/miniconda3/envs/bakta/bin/bakta --db ~/database/bakta-db/db --output bakta_out/spire_mag_00709551 --prefix spire_mag_00709551 --threads 8 --skip-plot --force /tmp/spire_mag_00709551.fna
spire_mag_00825292	1.11.4	6.0	full	5.57 min	~/miniconda3/envs/bakta/bin/bakta --db ~/database/bakta-db/db --output bakta_out/spire_mag_00825292 --prefix spire_mag_00825292 --threads 8 --force --skip-plot reps_spire_mag_00825292.fna
spire_mag_00825461	1.11.4	6.0	full	6.15 min	~/miniconda3/envs/bakta/bin/bakta --db ~/database/bakta-db/db --output bakta_out/spire_mag_00825461 --prefix spire_mag_00825461 --threads 8 --skip-plot --force /tmp/spire_mag_00825461.fna
spire_mag_00841652	1.11.4	6.0	full	6.55 min	~/miniconda3/envs/bakta/bin/bakta --db ~/database/bakta-db/db --output bakta_out/spire_mag_00841652 --prefix spire_mag_00841652 --threads 8 --skip-plot --force /tmp/spire_mag_00841652.fna
spire_mag_00863569	1.11.4	6.0	full	5.30 min	~/miniconda3/envs/bakta/bin/bakta --db ~/database/bakta-db/db --output bakta_out/spire_mag_00863569 --prefix spire_mag_00863569 --threads 8 --skip-plot --force /tmp/spire_mag_00863569.fna
spire_mag_00864073	1.11.4	6.0	full	5.57 min	~/miniconda3/envs/bakta/bin/bakta --db ~/database/bakta-db/db --output bakta_out/spire_mag_00864073 --prefix spire_mag_00864073 --threads 8 --skip-plot --force /tmp/spire_mag_00864073.fna
spire_mag_00866183	1.11.4	6.0	full	5.37 min	~/miniconda3/envs/bakta/bin/bakta --db ~/database/bakta-db/db --output bakta_out/spire_mag_00866183 --prefix spire_mag_00866183 --threads 8 --skip-plot --force /tmp/spire_mag_00866183.fna
spire_mag_00866324	1.11.4	6.0	full	5.12 min	~/miniconda3/envs/bakta/bin/bakta --db ~/database/bakta-db/db --output bakta_out/spire_mag_00866324 --prefix spire_mag_00866324 --threads 8 --skip-plot --force /tmp/spire_mag_00866324.fna
spire_mag_00866583	1.11.4	6.0	full	4.87 min	~/miniconda3/envs/bakta/bin/bakta --db ~/database/bakta-db/db --output bakta_out/spire_mag_00866583 --prefix spire_mag_00866583 --threads 8 --skip-plot --force /tmp/spire_mag_00866583.fna
spire_mag_00868143	1.11.4	6.0	full	5.22 min	~/miniconda3/envs/bakta/bin/bakta --db ~/database/bakta-db/db --output bakta_out/spire_mag_00868143 --prefix spire_mag_00868143 --threads 8 --skip-plot --force /tmp/spire_mag_00868143.fna
spire_mag_00869002	1.11.4	6.0	full	5.60 min	~/miniconda3/envs/bakta/bin/bakta --db ~/database/bakta-db/db --output bakta_out/spire_mag_00869002 --prefix spire_mag_00869002 --threads 8 --skip-plot --force /tmp/spire_mag_00869002.fna
spire_mag_00871125	1.11.4	6.0	full	5.78 min	~/miniconda3/envs/bakta/bin/bakta --db ~/database/bakta-db/db --output bakta_out/spire_mag_00871125 --prefix spire_mag_00871125 --threads 8 --force --skip-plot reps_spire_mag_00871125.fna
spire_mag_00873124	1.11.4	6.0	full	5.37 min	~/miniconda3/envs/bakta/bin/bakta --db ~/database/bakta-db/db --output bakta_out/spire_mag_00873124 --prefix spire_mag_00873124 --threads 8 --force --skip-plot reps_spire_mag_00873124.fna
spire_mag_00873789	1.11.4	6.0	full	4.97 min	~/miniconda3/envs/bakta/bin/bakta --db ~/database/bakta-db/db --output bakta_out/spire_mag_00873789 --prefix spire_mag_00873789 --threads 8 --skip-plot --force /tmp/spire_mag_00873789.fna
spire_mag_00874085	1.11.4	6.0	full	562.32 min	~/miniconda3/envs/bakta/bin/bakta --db ~/database/bakta-db/db --output bakta_out/spire_mag_00874085 --prefix spire_mag_00874085 --threads 8 --skip-plot --force /tmp/spire_mag_00874085.fna
spire_mag_00874229	1.11.4	6.0	full	5.23 min	~/miniconda3/envs/bakta/bin/bakta --db ~/database/bakta-db/db --output bakta_out/spire_mag_00874229 --prefix spire_mag_00874229 --threads 8 --skip-plot --force /tmp/spire_mag_00874229.fna
spire_mag_00874439	1.11.4	6.0	full	5.65 min	~/miniconda3/envs/bakta/bin/bakta --db ~/database/bakta-db/db --output bakta_out/spire_mag_00874439 --prefix spire_mag_00874439 --threads 8 --force --skip-plot reps_spire_mag_00874439.fna
spire_mag_00877932	1.11.4	6.0	full	4.73 min	~/miniconda3/envs/bakta/bin/bakta --db ~/database/bakta-db/db --output bakta_out/spire_mag_00877932 --prefix spire_mag_00877932 --threads 8 --skip-plot --force /tmp/spire_mag_00877932.fna
spire_mag_00907130	1.11.4	6.0	full	5.32 min	~/miniconda3/envs/bakta/bin/bakta --db ~/database/bakta-db/db --output bakta_out/spire_mag_00907130 --prefix spire_mag_00907130 --threads 8 --skip-plot --force /tmp/spire_mag_00907130.fna
spire_mag_00907393	1.11.4	6.0	full	6.12 min	~/miniconda3/envs/bakta/bin/bakta --db ~/database/bakta-db/db --output bakta_out/spire_mag_00907393 --prefix spire_mag_00907393 --threads 8 --skip-plot --force /tmp/spire_mag_00907393.fna
spire_mag_00975328	1.11.4	6.0	full	6.85 min	~/miniconda3/envs/bakta/bin/bakta --db ~/database/bakta-db/db --output bakta_out/spire_mag_00975328 --prefix spire_mag_00975328 --threads 8 --skip-plot --force /tmp/spire_mag_00975328.fna
spire_mag_01040802	1.11.4	6.0	full	5.72 min	~/miniconda3/envs/bakta/bin/bakta --db ~/database/bakta-db/db --output bakta_out/spire_mag_01040802 --prefix spire_mag_01040802 --threads 8 --skip-plot --force /tmp/spire_mag_01040802.fna
spire_mag_01040852	1.11.4	6.0	full	5.52 min	~/miniconda3/envs/bakta/bin/bakta --db ~/database/bakta-db/db --output bakta_out/spire_mag_01040852 --prefix spire_mag_01040852 --threads 8 --skip-plot --force /tmp/spire_mag_01040852.fna
spire_mag_01041225	1.11.4	6.0	full	5.27 min	~/miniconda3/envs/bakta/bin/bakta --db ~/database/bakta-db/db --output bakta_out/spire_mag_01041225 --prefix spire_mag_01041225 --threads 8 --force --skip-plot reps_spire_mag_01041225.fna
spire_mag_01041266	1.11.4	6.0	full	5.32 min	~/miniconda3/envs/bakta/bin/bakta --db ~/database/bakta-db/db --output bakta_out/spire_mag_01041266 --prefix spire_mag_01041266 --threads 8 --skip-plot --force /tmp/spire_mag_01041266.fna
spire_mag_01041320	1.11.4	6.0	full	4.85 min	~/miniconda3/envs/bakta/bin/bakta --db ~/database/bakta-db/db --output bakta_out/spire_mag_01041320 --prefix spire_mag_01041320 --threads 8 --skip-plot --force /tmp/spire_mag_01041320.fna
spire_mag_01093898	1.11.4	6.0	full	4.68 min	~/miniconda3/envs/bakta/bin/bakta --db ~/database/bakta-db/db --output bakta_out/spire_mag_01093898 --prefix spire_mag_01093898 --threads 8 --skip-plot --force /tmp/spire_mag_01093898.fna
spire_mag_01094475	1.11.4	6.0	full	5.20 min	~/miniconda3/envs/bakta/bin/bakta --db ~/database/bakta-db/db --output bakta_out/spire_mag_01094475 --prefix spire_mag_01094475 --threads 8 --skip-plot --force /tmp/spire_mag_01094475.fna
spire_mag_01094744	1.11.4	6.0	full	5.02 min	~/miniconda3/envs/bakta/bin/bakta --db ~/database/bakta-db/db --output bakta_out/spire_mag_01094744 --prefix spire_mag_01094744 --threads 8 --skip-plot --force /tmp/spire_mag_01094744.fna
spire_mag_01100050	1.11.4	6.0	full	6.83 min	~/miniconda3/envs/bakta/bin/bakta --db ~/database/bakta-db/db --output bakta_out/spire_mag_01100050 --prefix spire_mag_01100050 --threads 8 --skip-plot --force /tmp/spire_mag_01100050.fna
spire_mag_01104521	1.11.4	6.0	full	5.25 min	~/miniconda3/envs/bakta/bin/bakta --db ~/database/bakta-db/db --output bakta_out/spire_mag_01104521 --prefix spire_mag_01104521 --threads 8 --skip-plot --force /tmp/spire_mag_01104521.fna
spire_mag_01104972	1.11.4	6.0	full	5.78 min	~/miniconda3/envs/bakta/bin/bakta --db ~/database/bakta-db/db --output bakta_out/spire_mag_01104972 --prefix spire_mag_01104972 --threads 8 --skip-plot --force /tmp/spire_mag_01104972.fna
spire_mag_01107416	1.11.4	6.0	full	4.72 min	~/miniconda3/envs/bakta/bin/bakta --db ~/database/bakta-db/db --output bakta_out/spire_mag_01107416 --prefix spire_mag_01107416 --threads 8 --skip-plot --force /tmp/spire_mag_01107416.fna
spire_mag_01108461	1.11.4	6.0	full	5.87 min	~/miniconda3/envs/bakta/bin/bakta --db ~/database/bakta-db/db --output bakta_out/spire_mag_01108461 --prefix spire_mag_01108461 --threads 8 --skip-plot --force /tmp/spire_mag_01108461.fna
spire_mag_01108626	1.11.4	6.0	full	5.65 min	~/miniconda3/envs/bakta/bin/bakta --db ~/database/bakta-db/db --output bakta_out/spire_mag_01108626 --prefix spire_mag_01108626 --threads 8 --skip-plot --force /tmp/spire_mag_01108626.fna
spire_mag_01108952	1.11.4	6.0	full	4.88 min	~/miniconda3/envs/bakta/bin/bakta --db ~/database/bakta-db/db --output bakta_out/spire_mag_01108952 --prefix spire_mag_01108952 --threads 8 --skip-plot --force /tmp/spire_mag_01108952.fna
spire_mag_01111439	1.11.4	6.0	full	5.15 min	~/miniconda3/envs/bakta/bin/bakta --db ~/database/bakta-db/db --output bakta_out/spire_mag_01111439 --prefix spire_mag_01111439 --threads 8 --skip-plot --force /tmp/spire_mag_01111439.fna
spire_mag_01112215	1.11.4	6.0	full	5.50 min	~/miniconda3/envs/bakta/bin/bakta --db ~/database/bakta-db/db --output bakta_out/spire_mag_01112215 --prefix spire_mag_01112215 --threads 8 --skip-plot --force /tmp/spire_mag_01112215.fna
spire_mag_01112767	1.11.4	6.0	full	4.77 min	~/miniconda3/envs/bakta/bin/bakta --db ~/database/bakta-db/db --output bakta_out/spire_mag_01112767 --prefix spire_mag_01112767 --threads 8 --force --skip-plot reps_spire_mag_01112767.fna
spire_mag_01112928	1.11.4	6.0	full	5.03 min	~/miniconda3/envs/bakta/bin/bakta --db ~/database/bakta-db/db --output bakta_out/spire_mag_01112928 --prefix spire_mag_01112928 --threads 8 --skip-plot --force /tmp/spire_mag_01112928.fna
spire_mag_01117712	1.11.4	6.0	full	5.47 min	~/miniconda3/envs/bakta/bin/bakta --db ~/database/bakta-db/db --output bakta_out/spire_mag_01117712 --prefix spire_mag_01117712 --threads 8 --skip-plot --force /tmp/spire_mag_01117712.fna
spire_mag_01124179	1.11.4	6.0	full	6.50 min	~/miniconda3/envs/bakta/bin/bakta --db ~/database/bakta-db/db --output bakta_out/spire_mag_01124179 --prefix spire_mag_01124179 --threads 8 --skip-plot --force /tmp/spire_mag_01124179.fna
spire_mag_01168129	1.11.4	6.0	full	6.17 min	~/miniconda3/envs/bakta/bin/bakta --db ~/database/bakta-db/db --output bakta_out/spire_mag_01168129 --prefix spire_mag_01168129 --threads 8 --skip-plot --force /tmp/spire_mag_01168129.fna
spire_mag_01168185	1.11.4	6.0	full	5.90 min	~/miniconda3/envs/bakta/bin/bakta --db ~/database/bakta-db/db --output bakta_out/spire_mag_01168185 --prefix spire_mag_01168185 --threads 8 --skip-plot --force /tmp/spire_mag_01168185.fna
spire_mag_01188968	1.11.4	6.0	full	6.37 min	~/miniconda3/envs/bakta/bin/bakta --db ~/database/bakta-db/db --output bakta_out/spire_mag_01188968 --prefix spire_mag_01188968 --threads 8 --skip-plot --force /tmp/spire_mag_01188968.fna
spire_mag_01196294	1.11.4	6.0	full	5.75 min	~/miniconda3/envs/bakta/bin/bakta --db ~/database/bakta-db/db --output bakta_out/spire_mag_01196294 --prefix spire_mag_01196294 --threads 8 --skip-plot --force /tmp/spire_mag_01196294.fna
spire_mag_01196792	1.11.4	6.0	full	7.63 min	~/miniconda3/envs/bakta/bin/bakta --db ~/database/bakta-db/db --output bakta_out/spire_mag_01196792 --prefix spire_mag_01196792 --threads 8 --force --skip-plot reps_spire_mag_01196792.fna
spire_mag_01197245	1.11.4	6.0	full	6.30 min	~/miniconda3/envs/bakta/bin/bakta --db ~/database/bakta-db/db --output bakta_out/spire_mag_01197245 --prefix spire_mag_01197245 --threads 8 --skip-plot --force /tmp/spire_mag_01197245.fna
spire_mag_01197568	1.11.4	6.0	full	7.03 min	~/miniconda3/envs/bakta/bin/bakta --db ~/database/bakta-db/db --output bakta_out/spire_mag_01197568 --prefix spire_mag_01197568 --threads 8 --force --skip-plot reps_spire_mag_01197568.fna
spire_mag_01198798	1.11.4	6.0	full	6.02 min	~/miniconda3/envs/bakta/bin/bakta --db ~/database/bakta-db/db --output bakta_out/spire_mag_01198798 --prefix spire_mag_01198798 --threads 8 --skip-plot --force /tmp/spire_mag_01198798.fna
spire_mag_01199727	1.11.4	6.0	full	6.15 min	~/miniconda3/envs/bakta/bin/bakta --db ~/database/bakta-db/db --output bakta_out/spire_mag_01199727 --prefix spire_mag_01199727 --threads 8 --skip-plot --force /tmp/spire_mag_01199727.fna
spire_mag_01203432	1.11.4	6.0	full	6.50 min	~/miniconda3/envs/bakta/bin/bakta --db ~/database/bakta-db/db --output bakta_out/spire_mag_01203432 --prefix spire_mag_01203432 --threads 8 --skip-plot --force /tmp/spire_mag_01203432.fna
spire_mag_01244826	1.11.4	6.0	full	5.63 min	~/miniconda3/envs/bakta/bin/bakta --db ~/database/bakta-db/db --output bakta_out/spire_mag_01244826 --prefix spire_mag_01244826 --threads 8 --skip-plot --force /tmp/spire_mag_01244826.fna
spire_mag_01276921	1.11.4	6.0	full	5.58 min	~/miniconda3/envs/bakta/bin/bakta --db ~/database/bakta-db/db --output bakta_out/spire_mag_01276921 --prefix spire_mag_01276921 --threads 8 --skip-plot --force /tmp/spire_mag_01276921.fna
spire_mag_01485026	1.11.4	6.0	full	6.07 min	~/miniconda3/envs/bakta/bin/bakta --db ~/database/bakta-db/db --output bakta_out/spire_mag_01485026 --prefix spire_mag_01485026 --threads 8 --skip-plot --force /tmp/spire_mag_01485026.fna
spire_mag_01583196	1.11.4	6.0	full	5.32 min	~/miniconda3/envs/bakta/bin/bakta --db ~/database/bakta-db/db --output bakta_out/spire_mag_01583196 --prefix spire_mag_01583196 --threads 8 --skip-plot --force /tmp/spire_mag_01583196.fna
spire_mag_01584542	1.11.4	6.0	full	5.87 min	~/miniconda3/envs/bakta/bin/bakta --db ~/database/bakta-db/db --output bakta_out/spire_mag_01584542 --prefix spire_mag_01584542 --threads 8 --skip-plot --force /tmp/spire_mag_01584542.fna
spire_mag_01585204	1.11.4	6.0	full	5.13 min	~/miniconda3/envs/bakta/bin/bakta --db ~/database/bakta-db/db --output bakta_out/spire_mag_01585204 --prefix spire_mag_01585204 --threads 8 --skip-plot --force /tmp/spire_mag_01585204.fna
spire_mag_01585398	1.11.4	6.0	full	5.80 min	~/miniconda3/envs/bakta/bin/bakta --db ~/database/bakta-db/db --output bakta_out/spire_mag_01585398 --prefix spire_mag_01585398 --threads 8 --skip-plot --force /tmp/spire_mag_01585398.fna
spire_mag_01585481	1.11.4	6.0	full	5.90 min	~/miniconda3/envs/bakta/bin/bakta --db ~/database/bakta-db/db --output bakta_out/spire_mag_01585481 --prefix spire_mag_01585481 --threads 8 --skip-plot --force /tmp/spire_mag_01585481.fna
spire_mag_01585638	1.11.4	6.0	full	6.65 min	~/miniconda3/envs/bakta/bin/bakta --db ~/database/bakta-db/db --output bakta_out/spire_mag_01585638 --prefix spire_mag_01585638 --threads 8 --skip-plot --force /tmp/spire_mag_01585638.fna
spire_mag_01585658	1.11.4	6.0	full	5.92 min	~/miniconda3/envs/bakta/bin/bakta --db ~/database/bakta-db/db --output bakta_out/spire_mag_01585658 --prefix spire_mag_01585658 --threads 8 --skip-plot --force /tmp/spire_mag_01585658.fna
spire_mag_01585792	1.11.4	6.0	full	7.12 min	~/miniconda3/envs/bakta/bin/bakta --db ~/database/bakta-db/db --output bakta_out/spire_mag_01585792 --prefix spire_mag_01585792 --threads 8 --skip-plot --force /tmp/spire_mag_01585792.fna
spire_mag_01586359	1.11.4	6.0	full	6.13 min	~/miniconda3/envs/bakta/bin/bakta --db ~/database/bakta-db/db --output bakta_out/spire_mag_01586359 --prefix spire_mag_01586359 --threads 8 --skip-plot --force /tmp/spire_mag_01586359.fna
spire_mag_01586430	1.11.4	6.0	full	5.00 min	~/miniconda3/envs/bakta/bin/bakta --db ~/database/bakta-db/db --output bakta_out/spire_mag_01586430 --prefix spire_mag_01586430 --threads 8 --skip-plot --force /tmp/spire_mag_01586430.fna
spire_mag_01586464	1.11.4	6.0	full	5.35 min	~/miniconda3/envs/bakta/bin/bakta --db ~/database/bakta-db/db --output bakta_out/spire_mag_01586464 --prefix spire_mag_01586464 --threads 8 --skip-plot --force /tmp/spire_mag_01586464.fna
spire_mag_01586492	1.11.4	6.0	full	4.85 min	~/miniconda3/envs/bakta/bin/bakta --db ~/database/bakta-db/db --output bakta_out/spire_mag_01586492 --prefix spire_mag_01586492 --threads 8 --skip-plot --force /tmp/spire_mag_01586492.fna
spire_mag_01586672	1.11.4	6.0	full	5.75 min	~/miniconda3/envs/bakta/bin/bakta --db ~/database/bakta-db/db --output bakta_out/spire_mag_01586672 --prefix spire_mag_01586672 --threads 8 --skip-plot --force /tmp/spire_mag_01586672.fna
spire_mag_01586673	1.11.4	6.0	full	4.85 min	~/miniconda3/envs/bakta/bin/bakta --db ~/database/bakta-db/db --output bakta_out/spire_mag_01586673 --prefix spire_mag_01586673 --threads 8 --skip-plot --force /tmp/spire_mag_01586673.fna
spire_mag_01599223	1.11.4	6.0	full	5.52 min	~/miniconda3/envs/bakta/bin/bakta --db ~/database/bakta-db/db --output bakta_out/spire_mag_01599223 --prefix spire_mag_01599223 --threads 8 --skip-plot --force /tmp/spire_mag_01599223.fna
spire_mag_01603410	1.11.4	6.0	full	6.27 min	~/miniconda3/envs/bakta/bin/bakta --db ~/database/bakta-db/db --output bakta_out/spire_mag_01603410 --prefix spire_mag_01603410 --threads 8 --skip-plot --force /tmp/spire_mag_01603410.fna
spire_mag_01603564	1.11.4	6.0	full	6.35 min	~/miniconda3/envs/bakta/bin/bakta --db ~/database/bakta-db/db --output bakta_out/spire_mag_01603564 --prefix spire_mag_01603564 --threads 8 --skip-plot --force /tmp/spire_mag_01603564.fna
spire_mag_01603633	1.11.4	6.0	full	6.17 min	~/miniconda3/envs/bakta/bin/bakta --db ~/database/bakta-db/db --output bakta_out/spire_mag_01603633 --prefix spire_mag_01603633 --threads 8 --skip-plot --force /tmp/spire_mag_01603633.fna
spire_mag_01619133	1.11.4	6.0	full	5.38 min	~/miniconda3/envs/bakta/bin/bakta --db ~/database/bakta-db/db --output bakta_out/spire_mag_01619133 --prefix spire_mag_01619133 --threads 8 --skip-plot --force /tmp/spire_mag_01619133.fna
spire_mag_01619766	1.11.4	6.0	full	6.20 min	~/miniconda3/envs/bakta/bin/bakta --db ~/database/bakta-db/db --output bakta_out/spire_mag_01619766 --prefix spire_mag_01619766 --threads 8 --skip-plot --force /tmp/spire_mag_01619766.fna
spire_mag_01620236	1.11.4	6.0	full	4.58 min	~/miniconda3/envs/bakta/bin/bakta --db ~/database/bakta-db/db --output bakta_out/spire_mag_01620236 --prefix spire_mag_01620236 --threads 12 --skip-plot --force /tmp/spire_mag_01620236.fna
spire_mag_01620338	1.11.4	6.0	full	5.83 min	~/miniconda3/envs/bakta/bin/bakta --db ~/database/bakta-db/db --output bakta_out/spire_mag_01620338 --prefix spire_mag_01620338 --threads 8 --skip-plot --force /tmp/spire_mag_01620338.fna
spire_mag_01620411	1.11.4	6.0	full	7.38 min	~/miniconda3/envs/bakta/bin/bakta --db ~/database/bakta-db/db --output bakta_out/spire_mag_01620411 --prefix spire_mag_01620411 --threads 8 --skip-plot --force /tmp/spire_mag_01620411.fna
spire_mag_01621671	1.11.4	6.0	full	4.88 min	~/miniconda3/envs/bakta/bin/bakta --db ~/database/bakta-db/db --output bakta_out/spire_mag_01621671 --prefix spire_mag_01621671 --threads 8 --skip-plot --force /tmp/spire_mag_01621671.fna
spire_mag_01623019	1.11.4	6.0	full	5.67 min	~/miniconda3/envs/bakta/bin/bakta --db ~/database/bakta-db/db --output bakta_out/spire_mag_01623019 --prefix spire_mag_01623019 --threads 8 --skip-plot --force /tmp/spire_mag_01623019.fna
spire_mag_01623819	1.11.4	6.0	full	5.17 min	~/miniconda3/envs/bakta/bin/bakta --db ~/database/bakta-db/db --output bakta_out/spire_mag_01623819 --prefix spire_mag_01623819 --threads 8 --skip-plot --force /tmp/spire_mag_01623819.fna
spire_mag_01632252	1.11.4	6.0	full	5.07 min	~/miniconda3/envs/bakta/bin/bakta --db ~/database/bakta-db/db --output bakta_out/spire_mag_01632252 --prefix spire_mag_01632252 --threads 8 --skip-plot --force /tmp/spire_mag_01632252.fna
spire_mag_01662118	1.11.4	6.0	full	6.10 min	~/miniconda3/envs/bakta/bin/bakta --db ~/database/bakta-db/db --output bakta_out/spire_mag_01662118 --prefix spire_mag_01662118 --threads 8 --skip-plot --force /tmp/spire_mag_01662118.fna
spire_mag_01663809	1.11.4	6.0	full	5.85 min	~/miniconda3/envs/bakta/bin/bakta --db ~/database/bakta-db/db --output bakta_out/spire_mag_01663809 --prefix spire_mag_01663809 --threads 8 --skip-plot --force /tmp/spire_mag_01663809.fna
spire_mag_01664230	1.11.4	6.0	full	430.02 min	~/miniconda3/envs/bakta/bin/bakta --db ~/database/bakta-db/db --output bakta_out/spire_mag_01664230 --prefix spire_mag_01664230 --threads 8 --skip-plot --force /tmp/spire_mag_01664230.fna
spire_mag_01677777	1.11.4	6.0	full	6.30 min	~/miniconda3/envs/bakta/bin/bakta --db ~/database/bakta-db/db --output bakta_out/spire_mag_01677777 --prefix spire_mag_01677777 --threads 8 --skip-plot --force /tmp/spire_mag_01677777.fna
spire_mag_01678249	1.11.4	6.0	full	6.38 min	~/miniconda3/envs/bakta/bin/bakta --db ~/database/bakta-db/db --output bakta_out/spire_mag_01678249 --prefix spire_mag_01678249 --threads 8 --skip-plot --force /tmp/spire_mag_01678249.fna
spire_mag_01678280	1.11.4	6.0	full	6.35 min	~/miniconda3/envs/bakta/bin/bakta --db ~/database/bakta-db/db --output bakta_out/spire_mag_01678280 --prefix spire_mag_01678280 --threads 8 --skip-plot --force /tmp/spire_mag_01678280.fna
spire_mag_01679848	1.11.4	6.0	full	9.42 min	~/miniconda3/envs/bakta/bin/bakta --db ~/database/bakta-db/db --output bakta_out/spire_mag_01679848 --prefix spire_mag_01679848 --threads 8 --force --skip-plot reps_spire_mag_01679848.fna
spire_mag_01680964	1.11.4	6.0	full	9.33 min	~/miniconda3/envs/bakta/bin/bakta --db ~/database/bakta-db/db --output bakta_out/spire_mag_01680964 --prefix spire_mag_01680964 --threads 8 --force --skip-plot reps_spire_mag_01680964.fna
spire_mag_01681793	1.11.4	6.0	full	6.23 min	~/miniconda3/envs/bakta/bin/bakta --db ~/database/bakta-db/db --output bakta_out/spire_mag_01681793 --prefix spire_mag_01681793 --threads 8 --skip-plot --force /tmp/spire_mag_01681793.fna
spire_mag_01681850	1.11.4	6.0	full	6.42 min	~/miniconda3/envs/bakta/bin/bakta --db ~/database/bakta-db/db --output bakta_out/spire_mag_01681850 --prefix spire_mag_01681850 --threads 8 --skip-plot --force /tmp/spire_mag_01681850.fna
spire_mag_01682165	1.11.4	6.0	full	6.03 min	~/miniconda3/envs/bakta/bin/bakta --db ~/database/bakta-db/db --output bakta_out/spire_mag_01682165 --prefix spire_mag_01682165 --threads 8 --skip-plot --force /tmp/spire_mag_01682165.fna
spire_mag_01682807	1.11.4	6.0	full	6.40 min	~/miniconda3/envs/bakta/bin/bakta --db ~/database/bakta-db/db --output bakta_out/spire_mag_01682807 --prefix spire_mag_01682807 --threads 8 --skip-plot --force /tmp/spire_mag_01682807.fna
spire_mag_01733397	1.11.4	6.0	full	5.15 min	~/miniconda3/envs/bakta/bin/bakta --db ~/database/bakta-db/db --output bakta_out/spire_mag_01733397 --prefix spire_mag_01733397 --threads 8 --skip-plot --force /tmp/spire_mag_01733397.fna
spire_mag_01733412	1.11.4	6.0	full	6.15 min	~/miniconda3/envs/bakta/bin/bakta --db ~/database/bakta-db/db --output bakta_out/spire_mag_01733412 --prefix spire_mag_01733412 --threads 8 --skip-plot --force /tmp/spire_mag_01733412.fna
spire_mag_01743952	1.11.4	6.0	full	4.75 min	~/miniconda3/envs/bakta/bin/bakta --db ~/database/bakta-db/db --output bakta_out/spire_mag_01743952 --prefix spire_mag_01743952 --threads 8 --skip-plot --force /tmp/spire_mag_01743952.fna
spire_mag_01744298	1.11.4	6.0	full	4.77 min	~/miniconda3/envs/bakta/bin/bakta --db ~/database/bakta-db/db --output bakta_out/spire_mag_01744298 --prefix spire_mag_01744298 --threads 8 --skip-plot --force /tmp/spire_mag_01744298.fna
spire_mag_01744910	1.11.4	6.0	full	5.83 min	~/miniconda3/envs/bakta/bin/bakta --db ~/database/bakta-db/db --output bakta_out/spire_mag_01744910 --prefix spire_mag_01744910 --threads 8 --skip-plot --force /tmp/spire_mag_01744910.fna
spire_mag_01747196	1.11.4	6.0	full	5.00 min	~/miniconda3/envs/bakta/bin/bakta --db ~/database/bakta-db/db --output bakta_out/spire_mag_01747196 --prefix spire_mag_01747196 --threads 8 --skip-plot --force /tmp/spire_mag_01747196.fna
spire_mag_01748232	1.11.4	6.0	full	4.95 min	~/miniconda3/envs/bakta/bin/bakta --db ~/database/bakta-db/db --output bakta_out/spire_mag_01748232 --prefix spire_mag_01748232 --threads 8 --skip-plot --force /tmp/spire_mag_01748232.fna
spire_mag_01748689	1.11.4	6.0	full	5.05 min	~/miniconda3/envs/bakta/bin/bakta --db ~/database/bakta-db/db --output bakta_out/spire_mag_01748689 --prefix spire_mag_01748689 --threads 8 --skip-plot --force /tmp/spire_mag_01748689.fna
spire_mag_01749319	1.11.4	6.0	full	4.87 min	~/miniconda3/envs/bakta/bin/bakta --db ~/database/bakta-db/db --output bakta_out/spire_mag_01749319 --prefix spire_mag_01749319 --threads 8 --skip-plot --force /tmp/spire_mag_01749319.fna
spire_mag_01750747	1.11.4	6.0	full	4.85 min	~/miniconda3/envs/bakta/bin/bakta --db ~/database/bakta-db/db --output bakta_out/spire_mag_01750747 --prefix spire_mag_01750747 --threads 8 --skip-plot --force /tmp/spire_mag_01750747.fna
spire_mag_01752215	1.11.4	6.0	full	5.15 min	~/miniconda3/envs/bakta/bin/bakta --db ~/database/bakta-db/db --output bakta_out/spire_mag_01752215 --prefix spire_mag_01752215 --threads 8 --skip-plot --force /tmp/spire_mag_01752215.fna
spire_mag_01753570	1.11.4	6.0	full	5.45 min	~/miniconda3/envs/bakta/bin/bakta --db ~/database/bakta-db/db --output bakta_out/spire_mag_01753570 --prefix spire_mag_01753570 --threads 8 --skip-plot --force /tmp/spire_mag_01753570.fna
spire_mag_01753708	1.11.4	6.0	full	4.62 min	~/miniconda3/envs/bakta/bin/bakta --db ~/database/bakta-db/db --output bakta_out/spire_mag_01753708 --prefix spire_mag_01753708 --threads 8 --force --skip-plot reps_spire_mag_01753708.fna
spire_mag_01753944	1.11.4	6.0	full	4.67 min	~/miniconda3/envs/bakta/bin/bakta --db ~/database/bakta-db/db --output bakta_out/spire_mag_01753944 --prefix spire_mag_01753944 --threads 8 --skip-plot --force /tmp/spire_mag_01753944.fna
spire_mag_01755240	1.11.4	6.0	full	4.80 min	~/miniconda3/envs/bakta/bin/bakta --db ~/database/bakta-db/db --output bakta_out/spire_mag_01755240 --prefix spire_mag_01755240 --threads 8 --skip-plot --force /tmp/spire_mag_01755240.fna
spire_mag_01759821	1.11.4	6.0	full	4.62 min	~/miniconda3/envs/bakta/bin/bakta --db ~/database/bakta-db/db --output bakta_out/spire_mag_01759821 --prefix spire_mag_01759821 --threads 8 --skip-plot --force /tmp/spire_mag_01759821.fna
spire_mag_01775892	1.11.4	6.0	full	5.03 min	~/miniconda3/envs/bakta/bin/bakta --db ~/database/bakta-db/db --output bakta_out/spire_mag_01775892 --prefix spire_mag_01775892 --threads 8 --skip-plot --force /tmp/spire_mag_01775892.fna
spire_mag_01776406	1.11.4	6.0	full	5.15 min	~/miniconda3/envs/bakta/bin/bakta --db ~/database/bakta-db/db --output bakta_out/spire_mag_01776406 --prefix spire_mag_01776406 --threads 8 --skip-plot --force /tmp/spire_mag_01776406.fna
spire_mag_01776429	1.11.4	6.0	full	5.37 min	~/miniconda3/envs/bakta/bin/bakta --db ~/database/bakta-db/db --output bakta_out/spire_mag_01776429 --prefix spire_mag_01776429 --threads 8 --skip-plot --force /tmp/spire_mag_01776429.fna
spire_mag_01776742	1.11.4	6.0	full	4.92 min	~/miniconda3/envs/bakta/bin/bakta --db ~/database/bakta-db/db --output bakta_out/spire_mag_01776742 --prefix spire_mag_01776742 --threads 8 --skip-plot --force /tmp/spire_mag_01776742.fna
spire_mag_01776854	1.11.4	6.0	full	4.65 min	~/miniconda3/envs/bakta/bin/bakta --db ~/database/bakta-db/db --output bakta_out/spire_mag_01776854 --prefix spire_mag_01776854 --threads 8 --skip-plot --force /tmp/spire_mag_01776854.fna
spire_mag_01777252	1.11.4	6.0	full	4.97 min	~/miniconda3/envs/bakta/bin/bakta --db ~/database/bakta-db/db --output bakta_out/spire_mag_01777252 --prefix spire_mag_01777252 --threads 8 --skip-plot --force /tmp/spire_mag_01777252.fna
spire_mag_01777835	1.11.4	6.0	full	4.78 min	~/miniconda3/envs/bakta/bin/bakta --db ~/database/bakta-db/db --output bakta_out/spire_mag_01777835 --prefix spire_mag_01777835 --threads 8 --skip-plot --force /tmp/spire_mag_01777835.fna
spire_mag_01784070	1.11.4	6.0	full	5.03 min	~/miniconda3/envs/bakta/bin/bakta --db ~/database/bakta-db/db --output bakta_out/spire_mag_01784070 --prefix spire_mag_01784070 --threads 8 --skip-plot --force /tmp/spire_mag_01784070.fna
spire_mag_01787296	1.11.4	6.0	full	5.67 min	~/miniconda3/envs/bakta/bin/bakta --db ~/database/bakta-db/db --output bakta_out/spire_mag_01787296 --prefix spire_mag_01787296 --threads 8 --skip-plot --force /tmp/spire_mag_01787296.fna
spire_mag_01822349	1.11.4	6.0	full	5.43 min	~/miniconda3/envs/bakta/bin/bakta --db ~/database/bakta-db/db --output bakta_out/spire_mag_01822349 --prefix spire_mag_01822349 --threads 8 --skip-plot --force /tmp/spire_mag_01822349.fna
spire_mag_01822855	1.11.4	6.0	full	4.47 min	~/miniconda3/envs/bakta/bin/bakta --db ~/database/bakta-db/db --output bakta_out/spire_mag_01822855 --prefix spire_mag_01822855 --threads 8 --force --skip-plot reps_spire_mag_01822855.fna
spire_mag_01823769	1.11.4	6.0	full	5.88 min	~/miniconda3/envs/bakta/bin/bakta --db ~/database/bakta-db/db --output bakta_out/spire_mag_01823769 --prefix spire_mag_01823769 --threads 8 --skip-plot --force /tmp/spire_mag_01823769.fna
spire_mag_01824889	1.11.4	6.0	full	4.65 min	~/miniconda3/envs/bakta/bin/bakta --db ~/database/bakta-db/db --output bakta_out/spire_mag_01824889 --prefix spire_mag_01824889 --threads 8 --force --skip-plot reps_spire_mag_01824889.fna
spire_mag_01824983	1.11.4	6.0	full	4.78 min	~/miniconda3/envs/bakta/bin/bakta --db ~/database/bakta-db/db --output bakta_out/spire_mag_01824983 --prefix spire_mag_01824983 --threads 8 --skip-plot --force /tmp/spire_mag_01824983.fna
spire_mag_01825260	1.11.4	6.0	full	5.90 min	~/miniconda3/envs/bakta/bin/bakta --db ~/database/bakta-db/db --output bakta_out/spire_mag_01825260 --prefix spire_mag_01825260 --threads 8 --skip-plot --force /tmp/spire_mag_01825260.fna
spire_mag_01830074	1.11.4	6.0	full	4.98 min	~/miniconda3/envs/bakta/bin/bakta --db ~/database/bakta-db/db --output bakta_out/spire_mag_01830074 --prefix spire_mag_01830074 --threads 8 --skip-plot --force /tmp/spire_mag_01830074.fna
spire_mag_01882615	1.11.4	6.0	full	8.05 min	~/miniconda3/envs/bakta/bin/bakta --db ~/database/bakta-db/db --output bakta_out/spire_mag_01882615 --prefix spire_mag_01882615 --threads 8 --skip-plot --force /tmp/spire_mag_01882615.fna
spire_mag_01882632	1.11.4	6.0	full	5.18 min	~/miniconda3/envs/bakta/bin/bakta --db ~/database/bakta-db/db --output bakta_out/spire_mag_01882632 --prefix spire_mag_01882632 --threads 8 --skip-plot --force /tmp/spire_mag_01882632.fna
spire_mag_01882647	1.11.4	6.0	full	6.78 min	~/miniconda3/envs/bakta/bin/bakta --db ~/database/bakta-db/db --output bakta_out/spire_mag_01882647 --prefix spire_mag_01882647 --threads 8 --force --skip-plot reps_spire_mag_01882647.fna
spire_mag_01947641	1.11.4	6.0	full	5.45 min	~/miniconda3/envs/bakta/bin/bakta --db ~/database/bakta-db/db --output bakta_out/spire_mag_01947641 --prefix spire_mag_01947641 --threads 8 --skip-plot --force /tmp/spire_mag_01947641.fna
spire_mag_01947849	1.11.4	6.0	full	5.63 min	~/miniconda3/envs/bakta/bin/bakta --db ~/database/bakta-db/db --output bakta_out/spire_mag_01947849 --prefix spire_mag_01947849 --threads 8 --skip-plot --force /tmp/spire_mag_01947849.fna
spire_mag_01948467	1.11.4	6.0	full	4.78 min	~/miniconda3/envs/bakta/bin/bakta --db ~/database/bakta-db/db --output bakta_out/spire_mag_01948467 --prefix spire_mag_01948467 --threads 8 --skip-plot --force /tmp/spire_mag_01948467.fna
spire_mag_01949332	1.11.4	6.0	full	5.32 min	~/miniconda3/envs/bakta/bin/bakta --db ~/database/bakta-db/db --output bakta_out/spire_mag_01949332 --prefix spire_mag_01949332 --threads 8 --skip-plot --force /tmp/spire_mag_01949332.fna
spire_mag_01949386	1.11.4	6.0	full	5.47 min	~/miniconda3/envs/bakta/bin/bakta --db ~/database/bakta-db/db --output bakta_out/spire_mag_01949386 --prefix spire_mag_01949386 --threads 8 --skip-plot --force /tmp/spire_mag_01949386.fna
spire_mag_01949445	1.11.4	6.0	full	5.47 min	~/miniconda3/envs/bakta/bin/bakta --db ~/database/bakta-db/db --output bakta_out/spire_mag_01949445 --prefix spire_mag_01949445 --threads 8 --skip-plot --force /tmp/spire_mag_01949445.fna
spire_mag_01949778	1.11.4	6.0	full	5.05 min	~/miniconda3/envs/bakta/bin/bakta --db ~/database/bakta-db/db --output bakta_out/spire_mag_01949778 --prefix spire_mag_01949778 --threads 8 --skip-plot --force /tmp/spire_mag_01949778.fna
spire_mag_01949938	1.11.4	6.0	full	5.63 min	~/miniconda3/envs/bakta/bin/bakta --db ~/database/bakta-db/db --output bakta_out/spire_mag_01949938 --prefix spire_mag_01949938 --threads 8 --skip-plot --force /tmp/spire_mag_01949938.fna
spire_mag_01959179	1.11.4	6.0	full	5.67 min	~/miniconda3/envs/bakta/bin/bakta --db ~/database/bakta-db/db --output bakta_out/spire_mag_01959179 --prefix spire_mag_01959179 --threads 8 --skip-plot --force /tmp/spire_mag_01959179.fna
spire_mag_01960731	1.11.4	6.0	full	4.93 min	~/miniconda3/envs/bakta/bin/bakta --db ~/database/bakta-db/db --output bakta_out/spire_mag_01960731 --prefix spire_mag_01960731 --threads 8 --skip-plot --force /tmp/spire_mag_01960731.fna
spire_mag_01960893	1.11.4	6.0	full	5.85 min	~/miniconda3/envs/bakta/bin/bakta --db ~/database/bakta-db/db --output bakta_out/spire_mag_01960893 --prefix spire_mag_01960893 --threads 8 --skip-plot --force /tmp/spire_mag_01960893.fna
spire_mag_02001406	1.11.4	6.0	full	6.50 min	~/miniconda3/envs/bakta/bin/bakta --db ~/database/bakta-db/db --output bakta_out/spire_mag_02001406 --prefix spire_mag_02001406 --threads 8 --skip-plot --force /tmp/spire_mag_02001406.fna
spire_mag_02001409	1.11.4	6.0	full	9.63 min	~/miniconda3/envs/bakta/bin/bakta --db ~/database/bakta-db/db --output bakta_out/spire_mag_02001409 --prefix spire_mag_02001409 --threads 8 --skip-plot --force /tmp/spire_mag_02001409.fna
spire_mag_02001657	1.11.4	6.0	full	5.62 min	~/miniconda3/envs/bakta/bin/bakta --db ~/database/bakta-db/db --output bakta_out/spire_mag_02001657 --prefix spire_mag_02001657 --threads 8 --skip-plot --force /tmp/spire_mag_02001657.fna
spire_mag_02001975	1.11.4	6.0	full	5.35 min	~/miniconda3/envs/bakta/bin/bakta --db ~/database/bakta-db/db --output bakta_out/spire_mag_02001975 --prefix spire_mag_02001975 --threads 8 --skip-plot --force /tmp/spire_mag_02001975.fna
spire_mag_02002215	1.11.4	6.0	full	5.35 min	~/miniconda3/envs/bakta/bin/bakta --db ~/database/bakta-db/db --output bakta_out/spire_mag_02002215 --prefix spire_mag_02002215 --threads 8 --skip-plot --force /tmp/spire_mag_02002215.fna
spire_mag_02003535	1.11.4	6.0	full	5.65 min	~/miniconda3/envs/bakta/bin/bakta --db ~/database/bakta-db/db --output bakta_out/spire_mag_02003535 --prefix spire_mag_02003535 --threads 8 --skip-plot --force /tmp/spire_mag_02003535.fna
spire_mag_02005306	1.11.4	6.0	full	5.32 min	~/miniconda3/envs/bakta/bin/bakta --db ~/database/bakta-db/db --output bakta_out/spire_mag_02005306 --prefix spire_mag_02005306 --threads 8 --skip-plot --force /tmp/spire_mag_02005306.fna
spire_mag_02028936	1.11.4	6.0	full	4.57 min	~/miniconda3/envs/bakta/bin/bakta --db ~/database/bakta-db/db --output bakta_out/spire_mag_02028936 --prefix spire_mag_02028936 --threads 8 --skip-plot --force /tmp/spire_mag_02028936.fna
spire_mag_02087828	1.11.4	6.0	full	4.45 min	~/miniconda3/envs/bakta/bin/bakta --db ~/database/bakta-db/db --output bakta_out/spire_mag_02087828 --prefix spire_mag_02087828 --threads 8 --force --skip-plot reps_spire_mag_02087828.fna
spire_mag_02088219	1.11.4	6.0	full	5.30 min	~/miniconda3/envs/bakta/bin/bakta --db ~/database/bakta-db/db --output bakta_out/spire_mag_02088219 --prefix spire_mag_02088219 --threads 8 --skip-plot --force /tmp/spire_mag_02088219.fna
spire_mag_02088284	1.11.4	6.0	full	6.68 min	~/miniconda3/envs/bakta/bin/bakta --db ~/database/bakta-db/db --output bakta_out/spire_mag_02088284 --prefix spire_mag_02088284 --threads 8 --force --skip-plot reps_spire_mag_02088284.fna
spire_mag_02088287	1.11.4	6.0	full	4.68 min	~/miniconda3/envs/bakta/bin/bakta --db ~/database/bakta-db/db --output bakta_out/spire_mag_02088287 --prefix spire_mag_02088287 --threads 8 --force --skip-plot reps_spire_mag_02088287.fna
spire_mag_02088330	1.11.4	6.0	full	6.07 min	~/miniconda3/envs/bakta/bin/bakta --db ~/database/bakta-db/db --output bakta_out/spire_mag_02088330 --prefix spire_mag_02088330 --threads 8 --force --skip-plot reps_spire_mag_02088330.fna
spire_mag_02088418	1.11.4	6.0	full	4.47 min	~/miniconda3/envs/bakta/bin/bakta --db ~/database/bakta-db/db --output bakta_out/spire_mag_02088418 --prefix spire_mag_02088418 --threads 8 --force --skip-plot reps_spire_mag_02088418.fna
spire_mag_02088507	1.11.4	6.0	full	4.67 min	~/miniconda3/envs/bakta/bin/bakta --db ~/database/bakta-db/db --output bakta_out/spire_mag_02088507 --prefix spire_mag_02088507 --threads 8 --force --skip-plot reps_spire_mag_02088507.fna
spire_mag_02088609	1.11.4	6.0	full	4.55 min	~/miniconda3/envs/bakta/bin/bakta --db ~/database/bakta-db/db --output bakta_out/spire_mag_02088609 --prefix spire_mag_02088609 --threads 8 --skip-plot --force /tmp/spire_mag_02088609.fna
spire_mag_02088828	1.11.4	6.0	full	4.70 min	~/miniconda3/envs/bakta/bin/bakta --db ~/database/bakta-db/db --output bakta_out/spire_mag_02088828 --prefix spire_mag_02088828 --threads 8 --skip-plot --force /tmp/spire_mag_02088828.fna
spire_mag_02100063	1.11.4	6.0	full	4.53 min	~/miniconda3/envs/bakta/bin/bakta --db ~/database/bakta-db/db --output bakta_out/spire_mag_02100063 --prefix spire_mag_02100063 --threads 8 --force --skip-plot reps_spire_mag_02100063.fna
spire_mag_02102612	1.11.4	6.0	full	4.98 min	~/miniconda3/envs/bakta/bin/bakta --db ~/database/bakta-db/db --output bakta_out/spire_mag_02102612 --prefix spire_mag_02102612 --threads 8 --skip-plot --force /tmp/spire_mag_02102612.fna
spire_mag_02166032	1.11.4	6.0	full	5.45 min	~/miniconda3/envs/bakta/bin/bakta --db ~/database/bakta-db/db --output bakta_out/spire_mag_02166032 --prefix spire_mag_02166032 --threads 8 --skip-plot --force /tmp/spire_mag_02166032.fna
spire_mag_02184890	1.11.4	6.0	full	8.57 min	~/miniconda3/envs/bakta/bin/bakta --db ~/database/bakta-db/db --output bakta_out/spire_mag_02184890 --prefix spire_mag_02184890 --threads 8 --force --skip-plot reps_spire_mag_02184890.fna
spire_mag_02186423	1.11.4	6.0	full	5.85 min	~/miniconda3/envs/bakta/bin/bakta --db ~/database/bakta-db/db --output bakta_out/spire_mag_02186423 --prefix spire_mag_02186423 --threads 8 --skip-plot --force /tmp/spire_mag_02186423.fna
spire_mag_02200992	1.11.4	6.0	full	6.53 min	~/miniconda3/envs/bakta/bin/bakta --db ~/database/bakta-db/db --output bakta_out/spire_mag_02200992 --prefix spire_mag_02200992 --threads 8 --skip-plot --force /tmp/spire_mag_02200992.fna
spire_mag_02208815	1.11.4	6.0	full	6.10 min	~/miniconda3/envs/bakta/bin/bakta --db ~/database/bakta-db/db --output bakta_out/spire_mag_02208815 --prefix spire_mag_02208815 --threads 8 --skip-plot --force /tmp/spire_mag_02208815.fna
spire_mag_02292565	1.11.4	6.0	full	5.50 min	~/miniconda3/envs/bakta/bin/bakta --db ~/database/bakta-db/db --output bakta_out/spire_mag_02292565 --prefix spire_mag_02292565 --threads 8 --skip-plot --force /tmp/spire_mag_02292565.fna
spire_mag_02292667	1.11.4	6.0	full	4.87 min	~/miniconda3/envs/bakta/bin/bakta --db ~/database/bakta-db/db --output bakta_out/spire_mag_02292667 --prefix spire_mag_02292667 --threads 8 --skip-plot --force /tmp/spire_mag_02292667.fna
spire_mag_02293016	1.11.4	6.0	full	5.55 min	~/miniconda3/envs/bakta/bin/bakta --db ~/database/bakta-db/db --output bakta_out/spire_mag_02293016 --prefix spire_mag_02293016 --threads 8 --skip-plot --force /tmp/spire_mag_02293016.fna
spire_mag_02293027	1.11.4	6.0	full	5.42 min	~/miniconda3/envs/bakta/bin/bakta --db ~/database/bakta-db/db --output bakta_out/spire_mag_02293027 --prefix spire_mag_02293027 --threads 8 --skip-plot --force /tmp/spire_mag_02293027.fna
spire_mag_02293116	1.11.4	6.0	full	7.07 min	~/miniconda3/envs/bakta/bin/bakta --db ~/database/bakta-db/db --output bakta_out/spire_mag_02293116 --prefix spire_mag_02293116 --threads 8 --skip-plot --force /tmp/spire_mag_02293116.fna
spire_mag_02294311	1.11.4	6.0	full	5.60 min	~/miniconda3/envs/bakta/bin/bakta --db ~/database/bakta-db/db --output bakta_out/spire_mag_02294311 --prefix spire_mag_02294311 --threads 8 --skip-plot --force /tmp/spire_mag_02294311.fna
spire_mag_02294715	1.11.4	6.0	full	5.25 min	~/miniconda3/envs/bakta/bin/bakta --db ~/database/bakta-db/db --output bakta_out/spire_mag_02294715 --prefix spire_mag_02294715 --threads 8 --skip-plot --force /tmp/spire_mag_02294715.fna
spire_mag_02295856	1.11.4	6.0	full	5.98 min	~/miniconda3/envs/bakta/bin/bakta --db ~/database/bakta-db/db --output bakta_out/spire_mag_02295856 --prefix spire_mag_02295856 --threads 8 --skip-plot --force /tmp/spire_mag_02295856.fna
spire_mag_02296017	1.11.4	6.0	full	6.27 min	~/miniconda3/envs/bakta/bin/bakta --db ~/database/bakta-db/db --output bakta_out/spire_mag_02296017 --prefix spire_mag_02296017 --threads 8 --skip-plot --force /tmp/spire_mag_02296017.fna
spire_mag_02296298	1.11.4	6.0	full	6.68 min	~/miniconda3/envs/bakta/bin/bakta --db ~/database/bakta-db/db --output bakta_out/spire_mag_02296298 --prefix spire_mag_02296298 --threads 8 --skip-plot --force /tmp/spire_mag_02296298.fna
spire_mag_02296681	1.11.4	6.0	full	5.12 min	~/miniconda3/envs/bakta/bin/bakta --db ~/database/bakta-db/db --output bakta_out/spire_mag_02296681 --prefix spire_mag_02296681 --threads 8 --skip-plot --force /tmp/spire_mag_02296681.fna
spire_mag_02297276	1.11.4	6.0	full	6.15 min	~/miniconda3/envs/bakta/bin/bakta --db ~/database/bakta-db/db --output bakta_out/spire_mag_02297276 --prefix spire_mag_02297276 --threads 8 --skip-plot --force /tmp/spire_mag_02297276.fna
spire_mag_02297337	1.11.4	6.0	full	6.18 min	~/miniconda3/envs/bakta/bin/bakta --db ~/database/bakta-db/db --output bakta_out/spire_mag_02297337 --prefix spire_mag_02297337 --threads 8 --skip-plot --force /tmp/spire_mag_02297337.fna
spire_mag_02298516	1.11.4	6.0	full	5.33 min	~/miniconda3/envs/bakta/bin/bakta --db ~/database/bakta-db/db --output bakta_out/spire_mag_02298516 --prefix spire_mag_02298516 --threads 8 --skip-plot --force /tmp/spire_mag_02298516.fna
spire_mag_02298601	1.11.4	6.0	full	5.52 min	~/miniconda3/envs/bakta/bin/bakta --db ~/database/bakta-db/db --output bakta_out/spire_mag_02298601 --prefix spire_mag_02298601 --threads 8 --skip-plot --force /tmp/spire_mag_02298601.fna
spire_mag_02299450	1.11.4	6.0	full	5.43 min	~/miniconda3/envs/bakta/bin/bakta --db ~/database/bakta-db/db --output bakta_out/spire_mag_02299450 --prefix spire_mag_02299450 --threads 8 --skip-plot --force /tmp/spire_mag_02299450.fna
spire_mag_02299568	1.11.4	6.0	full	6.28 min	~/miniconda3/envs/bakta/bin/bakta --db ~/database/bakta-db/db --output bakta_out/spire_mag_02299568 --prefix spire_mag_02299568 --threads 8 --skip-plot --force /tmp/spire_mag_02299568.fna
spire_mag_02300518	1.11.4	6.0	full	5.62 min	~/miniconda3/envs/bakta/bin/bakta --db ~/database/bakta-db/db --output bakta_out/spire_mag_02300518 --prefix spire_mag_02300518 --threads 8 --skip-plot --force /tmp/spire_mag_02300518.fna
spire_mag_02300699	1.11.4	6.0	full	6.45 min	~/miniconda3/envs/bakta/bin/bakta --db ~/database/bakta-db/db --output bakta_out/spire_mag_02300699 --prefix spire_mag_02300699 --threads 8 --skip-plot --force /tmp/spire_mag_02300699.fna
spire_mag_02300785	1.11.4	6.0	full	5.15 min	~/miniconda3/envs/bakta/bin/bakta --db ~/database/bakta-db/db --output bakta_out/spire_mag_02300785 --prefix spire_mag_02300785 --threads 8 --skip-plot --force /tmp/spire_mag_02300785.fna
spire_mag_02305637	1.11.4	6.0	full	5.07 min	~/miniconda3/envs/bakta/bin/bakta --db ~/database/bakta-db/db --output bakta_out/spire_mag_02305637 --prefix spire_mag_02305637 --threads 8 --skip-plot --force /tmp/spire_mag_02305637.fna
spire_mag_02306214	1.11.4	6.0	full	5.72 min	~/miniconda3/envs/bakta/bin/bakta --db ~/database/bakta-db/db --output bakta_out/spire_mag_02306214 --prefix spire_mag_02306214 --threads 8 --skip-plot --force /tmp/spire_mag_02306214.fna
spire_mag_02307077	1.11.4	6.0	full	5.28 min	~/miniconda3/envs/bakta/bin/bakta --db ~/database/bakta-db/db --output bakta_out/spire_mag_02307077 --prefix spire_mag_02307077 --threads 8 --skip-plot --force /tmp/spire_mag_02307077.fna
spire_mag_02307626	1.11.4	6.0	full	5.75 min	~/miniconda3/envs/bakta/bin/bakta --db ~/database/bakta-db/db --output bakta_out/spire_mag_02307626 --prefix spire_mag_02307626 --threads 8 --skip-plot --force /tmp/spire_mag_02307626.fna
spire_mag_02307797	1.11.4	6.0	full	5.03 min	~/miniconda3/envs/bakta/bin/bakta --db ~/database/bakta-db/db --output bakta_out/spire_mag_02307797 --prefix spire_mag_02307797 --threads 8 --skip-plot --force /tmp/spire_mag_02307797.fna
spire_mag_02307968	1.11.4	6.0	full	6.30 min	~/miniconda3/envs/bakta/bin/bakta --db ~/database/bakta-db/db --output bakta_out/spire_mag_02307968 --prefix spire_mag_02307968 --threads 8 --skip-plot --force /tmp/spire_mag_02307968.fna
spire_mag_02370601	1.11.4	6.0	full	7.15 min	~/miniconda3/envs/bakta/bin/bakta --db ~/database/bakta-db/db --output bakta_out/spire_mag_02370601 --prefix spire_mag_02370601 --threads 8 --skip-plot --force /tmp/spire_mag_02370601.fna
spire_mag_02370757	1.11.4	6.0	full	5.53 min	~/miniconda3/envs/bakta/bin/bakta --db ~/database/bakta-db/db --output bakta_out/spire_mag_02370757 --prefix spire_mag_02370757 --threads 8 --skip-plot --force /tmp/spire_mag_02370757.fna
spire_mag_02371253	1.11.4	6.0	full	6.97 min	~/miniconda3/envs/bakta/bin/bakta --db ~/database/bakta-db/db --output bakta_out/spire_mag_02371253 --prefix spire_mag_02371253 --threads 8 --skip-plot --force /tmp/spire_mag_02371253.fna
spire_mag_02374219	1.11.4	6.0	full	6.45 min	~/miniconda3/envs/bakta/bin/bakta --db ~/database/bakta-db/db --output bakta_out/spire_mag_02374219 --prefix spire_mag_02374219 --threads 8 --skip-plot --force /tmp/spire_mag_02374219.fna
spire_mag_02374351	1.11.4	6.0	full	5.13 min	~/miniconda3/envs/bakta/bin/bakta --db ~/database/bakta-db/db --output bakta_out/spire_mag_02374351 --prefix spire_mag_02374351 --threads 8 --skip-plot --force /tmp/spire_mag_02374351.fna
spire_mag_02374732	1.11.4	6.0	full	6.13 min	~/miniconda3/envs/bakta/bin/bakta --db ~/database/bakta-db/db --output bakta_out/spire_mag_02374732 --prefix spire_mag_02374732 --threads 8 --skip-plot --force /tmp/spire_mag_02374732.fna
spire_mag_02394504	1.11.4	6.0	full	6.45 min	~/miniconda3/envs/bakta/bin/bakta --db ~/database/bakta-db/db --output bakta_out/spire_mag_02394504 --prefix spire_mag_02394504 --threads 8 --skip-plot --force /tmp/spire_mag_02394504.fna
spire_mag_02516797	1.11.4	6.0	full	5.97 min	~/miniconda3/envs/bakta/bin/bakta --db ~/database/bakta-db/db --output bakta_out/spire_mag_02516797 --prefix spire_mag_02516797 --threads 8 --skip-plot --force /tmp/spire_mag_02516797.fna
spire_mag_02519404	1.11.4	6.0	full	6.88 min	~/miniconda3/envs/bakta/bin/bakta --db ~/database/bakta-db/db --output bakta_out/spire_mag_02519404 --prefix spire_mag_02519404 --threads 8 --skip-plot --force /tmp/spire_mag_02519404.fna
spire_mag_02520786	1.11.4	6.0	full	8.17 min	~/miniconda3/envs/bakta/bin/bakta --db ~/database/bakta-db/db --output bakta_out/spire_mag_02520786 --prefix spire_mag_02520786 --threads 8 --force --skip-plot reps_spire_mag_02520786.fna
spire_mag_02521398	1.11.4	6.0	full	6.10 min	~/miniconda3/envs/bakta/bin/bakta --db ~/database/bakta-db/db --output bakta_out/spire_mag_02521398 --prefix spire_mag_02521398 --threads 8 --skip-plot --force /tmp/spire_mag_02521398.fna
spire_mag_02598702	1.11.4	6.0	full	7.27 min	~/miniconda3/envs/bakta/bin/bakta --db ~/database/bakta-db/db --output bakta_out/spire_mag_02598702 --prefix spire_mag_02598702 --threads 8 --skip-plot --force /tmp/spire_mag_02598702.fna
spire_mag_02683911	1.11.4	6.0	full	5.32 min	~/miniconda3/envs/bakta/bin/bakta --db ~/database/bakta-db/db --output bakta_out/spire_mag_02683911 --prefix spire_mag_02683911 --threads 8 --skip-plot --force /tmp/spire_mag_02683911.fna
spire_mag_02762480	1.11.4	6.0	full	5.33 min	~/miniconda3/envs/bakta/bin/bakta --db ~/database/bakta-db/db --output bakta_out/spire_mag_02762480 --prefix spire_mag_02762480 --threads 8 --skip-plot --force /tmp/spire_mag_02762480.fna
spire_mag_02837879	1.11.4	6.0	full	5.25 min	~/miniconda3/envs/bakta/bin/bakta --db ~/database/bakta-db/db --output bakta_out/spire_mag_02837879 --prefix spire_mag_02837879 --threads 8 --skip-plot --force /tmp/spire_mag_02837879.fna
spire_mag_02882770	1.11.4	6.0	full	5.10 min	~/miniconda3/envs/bakta/bin/bakta --db ~/database/bakta-db/db --output bakta_out/spire_mag_02882770 --prefix spire_mag_02882770 --threads 8 --skip-plot --force /tmp/spire_mag_02882770.fna
Every ingroup genome with a retrievable assembly is listed: 260 cultured RGM and SGM isolates, 320 uncultured reference genomes and 243 SPIRE MAGs, 823 rows in all. The one ingroup genome absent here, GCA_025965895.1, could not be retrieved and carries no Bakta annotation. All 823 runs used Bakta v1.11.4 with database v6.0 (full) and the same flag set (--db, --output, --prefix, --threads, --skip-plot, --force); they differ only in thread count (3, 4, 8 or 12) and in whether --skip-plot precedes --force, neither of which affects the annotation. In 321 rows, the 320 reference genomes and one MAG re-run with them, <out> and <fna> stand for the output and input directories of that batch, which ran in a working directory that was not retained; every other token in those commands is verbatim. The isolate and MAG rows carry their literal paths, and their per-run logs are in bakta_isolates/ and bakta_out/.
